Linux 6.18.44-fc-v50 (vm) 	09/29/26 	_x86_64_	(2 CPU)

17:26:15        CPU     %user     %nice   %system   %iowait    %steal     %idle
17:26:20        all     48.65      0.00      2.71      0.00      0.00     48.65
17:26:25        all     50.00      0.00      3.61      0.00      0.00     46.39
17:26:30        all     48.75      0.00      3.21      0.00      0.00     48.04
17:26:35        all     47.20      0.00      5.50      0.00      0.10     47.20
17:26:40        all     50.05      0.00      2.20      0.00      0.00     47.75
17:26:45        all     50.70      0.00      2.91      1.51      0.00     44.88
17:26:50        all     51.15      0.00      1.10      0.00      0.00     47.75
17:26:55        all     50.40      0.00      0.90      0.00      0.00     48.70
17:27:00        all     50.20      0.00      0.80      0.00      0.00     49.00
17:27:05        all     50.35      0.00      1.00      0.00      0.00     48.65
17:27:10        all     50.40      0.00      0.60      0.00      0.00     49.00
17:27:15        all     50.25      0.00      0.80      0.00      0.00     48.95
17:27:20        all     50.20      0.00      0.90      0.00      0.10     48.80
17:27:25        all     36.40      0.00     10.82      5.26      0.00     47.52
17:27:30        all     55.60      0.00      2.80      0.10      0.00     41.50
17:27:35        all     48.30      0.00      2.91      0.00      0.00     48.80
17:27:40        all     48.20      0.00      3.70      0.00      0.00     48.10
17:27:45        all     48.40      0.00      3.10      0.00      0.00     48.50
17:27:50        all     50.30      0.00      2.59      0.00      0.00     47.11
17:27:55        all     50.85      0.00      1.60      0.00      0.00     47.56
17:28:00        all     51.05      0.00      1.69      0.00      0.00     47.26
17:28:05        all     51.60      0.00      1.20      0.10      0.00     47.10
17:28:10        all     47.49      6.61      7.62      0.00      0.00     38.28
17:28:15        all     56.91      0.00      2.10      0.00      0.00     40.98
17:28:20        all     49.70      0.00      2.91      0.00      0.00     47.39
17:28:25        all     48.90      0.00      3.41      0.00      0.00     47.70
17:28:30        all     50.95      0.00      4.01      0.10      0.10     44.83
17:28:35        all     48.00      0.00      3.79      0.00      0.00     48.20
17:28:40        all     51.90      0.00      1.90      0.00      0.00     46.20
17:28:45        all     51.05      0.00      1.30      0.00      0.00     47.64
17:28:50        all     50.45     45.95      2.00      0.10      0.10      1.40
17:28:55        all     50.40     44.50      2.90      0.00      0.00      2.20
17:29:00        all     50.65     47.65      1.60      0.00      0.00      0.10
17:29:05        all     50.10     48.40      1.50      0.00      0.00      0.00
17:29:10        all     50.80     19.40      1.40      0.00      0.00     28.40
17:29:15        all     43.16      0.00      7.75      0.40      0.00     48.69
17:29:20        all     56.36      0.00      2.20      0.00      0.00     41.44
17:29:25        all     48.55      0.00      3.00      0.00      0.00     48.45
17:29:30        all     48.75      0.00      2.60      0.00      0.00     48.65
17:29:35        all     47.90      0.00      3.80      0.00      0.10     48.20
17:29:40        all     48.25      0.00      3.10      0.00      0.00     48.65
17:29:45        all     46.94      0.00      4.31      0.00      0.00     48.75
17:29:50        all     50.25      0.00      0.90      0.10      0.00     48.75
17:29:55        all     48.85      0.00      2.20      0.60      0.00     48.35
17:30:00        all     50.65      0.00      1.10      0.00      0.00     48.25
17:30:05        all     50.20      0.00      1.40      0.00      0.00     48.40
17:30:10        all     51.50      0.00      1.10      0.10      0.00     47.30
17:30:15        all     50.45      0.00      0.90      0.00      0.00     48.65
17:30:20        all     50.60      0.00      0.90      0.00      0.00     48.50
17:30:25        all     52.20      0.00      1.20      0.00      0.00     46.59
17:30:30        all     39.26      0.00     11.14      3.82      0.00     45.78
17:30:35        all     56.83      0.00      2.19      0.20      0.00     40.78
17:30:40        all     49.40      0.00      2.00      0.00      0.00     48.60
17:30:45        all     50.30      0.00      2.30      0.00      0.00     47.40
17:30:50        all     49.65      0.00      3.30      0.00      0.00     47.05
17:30:55        all     48.60      0.00      3.50      0.00      0.00     47.90
17:31:00        all     50.10      0.00      3.10      0.00      0.00     46.80
17:31:05        all     51.20      0.00      1.70      0.00      0.00     47.10
17:31:10        all     51.00      0.00      1.00      0.00      0.20     47.80
17:31:15        all     51.30      0.00      1.50      0.00      0.00     47.21
17:31:20        all     51.69      0.00      1.29      0.00      0.00     47.01
17:31:25        all     51.20      0.00      1.41      0.00      0.00     47.39
17:31:30        all     52.20      0.00      1.50      0.00      0.00     46.30
17:31:35        all     51.95      0.00      1.50      0.00      0.00     46.55
17:31:40        all     42.07      0.00      9.54      1.81      0.00     46.59
17:31:45        all     55.71      0.00      2.71      0.00      0.00     41.58
17:31:50        all     48.45      0.00      2.90      0.00      0.00     48.65
17:31:55        all     48.15      0.00      3.30      0.00      0.00     48.55
17:32:00        all     49.65      0.00      3.20      0.00      0.00     47.15
17:32:05        all     47.05      0.00      4.20      0.00      0.00     48.75
17:32:10        all     48.65      0.00      3.01      0.00      0.00     48.35
17:32:15        all     49.85      0.00      1.40      0.20      0.00     48.55
17:32:20        all     49.45      0.00      2.11      0.70      0.00     47.74
17:32:25        all     51.25      0.00      0.70      0.10      0.10     47.85
17:32:30        all     50.50      0.00      1.00      0.00      0.00     48.50
17:32:35        all     50.30      0.00      0.90      0.00      0.00     48.80
17:32:40        all     50.40      0.00      1.20      0.00      0.00     48.40
17:32:45        all     50.55      0.00      0.70      0.00      0.00     48.75
17:32:50        all     50.50      0.00      0.90      0.00      0.00     48.60
17:32:55        all     38.52      0.00     12.28      3.49      0.00     45.71
17:33:00        all     55.11      0.00      3.01      0.00      0.00     41.88
17:33:05        all     48.55      0.00      2.80      0.00      0.00     48.65
17:33:10        all     48.15      0.00      2.90      0.00      0.10     48.85
17:33:15        all     49.25      0.00      2.29      0.00      0.00     48.45
17:33:20        all     50.60      0.00      1.10      0.00      0.10     48.20
17:33:25        all     50.50      0.00      1.50      0.00      0.00     48.00
17:33:30        all     50.40      0.00      0.80      0.00      0.00     48.80
17:33:35        all     44.59      0.00      7.92      0.00      0.00     47.49
17:33:40        all     56.36      0.00      2.60      0.00      0.00     41.04
17:33:45        all     50.35      0.00      0.70      0.00      0.10     48.85
17:33:50        all     47.94      0.00      4.92      0.00      0.00     47.14
17:33:55        all     55.06      0.00      3.60      0.00      0.00     41.34
17:34:00        all     48.85      0.00      2.70      0.00      0.00     48.45
17:34:05        all     48.45      0.00      2.81      0.00      0.00     48.75
17:34:10        all     47.90      0.00      3.51      0.00      0.10     48.50
17:34:15        all     47.75      0.00      3.40      0.00      0.00     48.85
17:34:20        all     46.36      0.00      5.18      0.10      0.00     48.35
17:34:25        all     49.15      0.00      3.11      0.00      0.00     47.74
17:34:30        all     50.75      0.00      1.20      0.00      0.00     48.05
17:34:35        all     50.50      0.00      0.50      0.00      0.00     49.00
17:34:40        all     50.35      0.00      0.60      0.00      0.00     49.05
17:34:45        all     50.45      0.00      0.90      0.00      0.10     48.55
17:34:50        all     50.50      0.00      0.60      0.00      0.00     48.90
17:34:55        all     50.35      0.00      1.10      0.00      0.00     48.55
17:35:00        all     50.30      0.00      0.60      0.00      0.00     49.10
17:35:05        all     50.20      0.00      0.80      0.00      0.00     49.00
17:35:10        all     35.18      0.00     12.50      6.15      0.00     46.17
17:35:15        all     55.90      0.00      3.00      0.10      0.00     41.00
17:35:20        all     48.00      0.00      3.30      0.00      0.10     48.60
17:35:25        all     48.15      0.00      3.40      0.00      0.00     48.45
17:35:30        all     47.90      0.00      3.20      0.00      0.00     48.90
17:35:35        all     49.30      0.00      2.30      0.00      0.00     48.40
17:35:40        all     50.55      0.00      1.10      0.00      0.00     48.35
17:35:45        all     50.30      0.00      0.70      0.00      0.00     49.00
17:35:50        all     50.40      0.00      1.59      0.30      0.00     47.71
17:35:55        all     46.03      0.00      5.43      0.00      0.00     48.54
17:36:00        all     53.70      0.00      4.70      0.00      0.00     41.60
17:36:05        all     48.20      0.00      2.89      0.00      0.10     48.80
17:36:10        all     47.90      0.00      3.41      0.00      0.00     48.70
17:36:15        all     48.70      0.00      2.60      0.00      0.00     48.70
17:36:20        all     49.00      0.00      2.60      0.00      0.00     48.40
17:36:25        all     48.85      0.00      2.60      0.00      0.00     48.55
17:36:30        all     50.05      0.00      1.69      0.00      0.10     48.16
17:36:35        all     50.40      0.00      0.80      0.00      0.10     48.70
17:36:40        all     50.10      0.00      0.90      0.00      0.00     49.00
17:36:45        all     50.30      0.00      1.40      0.00      0.00     48.30
17:36:50        all     50.45      0.00      0.80      0.00      0.00     48.75
17:36:55        all     50.35      0.00      1.30      0.00      0.00     48.35
17:37:00        all     42.79      0.00      8.02      0.80      0.00     48.40
17:37:05        all     56.41      0.00      2.20      0.00      0.00     41.38
17:37:10        all     47.85      0.00      3.50      0.00      0.00     48.65
17:37:15        all     48.40      0.00      2.91      0.00      0.00     48.70
17:37:20        all     48.75      0.00      2.70      0.00      0.00     48.55
17:37:25        all     47.19      0.00      4.11      0.00      0.10     48.60
17:37:30        all     48.95      0.00      2.50      0.00      0.00     48.55
17:37:35        all     50.50      0.00      1.10      0.00      0.00     48.40
17:37:40        all     50.30      0.00      1.10      0.00      0.00     48.60
17:37:45        all     50.45      0.00      0.80      0.00      0.00     48.75
17:37:50        all     50.90      0.00      1.00      0.00      0.00     48.10
17:37:55        all     50.35      0.00      0.80      0.00      0.00     48.85
17:38:00        all     50.40      0.00      1.30      0.00      0.00     48.30
17:38:05        all     50.20      0.00      1.10      0.00      0.00     48.70
17:38:10        all     41.61      0.00      9.65      1.11      0.10     47.54
17:38:15        all     56.36      0.00      2.20      0.00      0.00     41.44
17:38:20        all     48.30      0.00      3.21      0.00      0.00     48.50
17:38:25        all     48.55      0.00      2.89      0.00      0.00     48.55
17:38:30        all     48.65      0.00      2.50      0.00      0.00     48.85
17:38:35        all     48.60      0.00      2.81      0.00      0.00     48.60
17:38:40        all     48.10      0.00      2.91      0.00      0.00     49.00
17:38:45        all     50.15      0.00      1.10      0.00      0.00     48.75
17:38:50        all     50.60      0.00      0.80      0.00      0.00     48.59
17:38:55        all     50.65      0.00      0.90      0.00      0.00     48.45
17:39:00        all     50.20      0.00      0.80      0.00      0.00     49.00
17:39:05        all     50.35      0.00      1.20      0.00      0.00     48.45
17:39:10        all     50.60      0.00      0.60      0.00      0.00     48.80
17:39:15        all     50.20      0.00      1.10      0.00      0.00     48.70
17:39:20        all     50.60      0.00      0.70      0.00      0.00     48.70
17:39:25        all     37.37      0.00     11.92      4.21      0.00     46.49
17:39:30        all     54.89      0.00      3.89      0.30      0.00     40.92
17:39:35        all     48.40      0.00      2.71      0.00      0.00     48.90
17:39:40        all     48.35      0.00      3.20      0.00      0.00     48.45
17:39:45        all     48.20      0.00      3.10      0.00      0.10     48.60
17:39:50        all     48.70      0.00      3.11      0.00      0.00     48.20
17:39:55        all     45.91      0.00      5.29      0.00      0.00     48.80
17:40:00        all     49.35      0.00      1.90      0.10      0.00     48.65
17:40:05        all     47.80      0.00      2.60      1.00      0.00     48.60
17:40:10        all     50.45      0.00      0.90      0.00      0.00     48.65
17:40:15        all     50.35      0.00      0.70      0.00      0.00     48.95
17:40:20        all     50.50      0.00      1.00      0.00      0.00     48.51
17:40:25        all     50.35      0.00      1.00      0.00      0.00     48.65
17:40:30        all     50.15      0.00      0.90      0.00      0.10     48.85
17:40:35        all     50.55      0.00      1.00      0.00      0.00     48.45
17:40:40        all     50.25      0.00      0.60      0.00      0.00     49.15
17:40:45        all     35.54      0.00     12.45      5.12      0.00     46.89
17:40:50        all     55.96      0.00      2.30      0.00      0.00     41.74
17:40:55        all     47.80      0.00      3.90      0.00      0.00     48.30
17:41:00        all     47.78      0.00      3.03      0.00      0.10     49.09
17:41:05        all     48.60      0.00      3.10      0.00      0.00     48.30
17:41:10        all     48.85      0.00      2.30      0.00      0.00     48.85
17:41:15        all     50.20      0.00      1.20      0.00      0.00     48.60
17:41:20        all     50.60      0.00      1.20      0.00      0.00     48.20
17:41:25        all     53.15      0.00      1.50      0.00      0.00     45.35
17:41:30        all     48.50      0.00      2.70      0.00      0.00     48.80
17:41:35        all     52.91      0.00      6.43      0.00      0.00     40.66
17:41:40        all     47.45      0.00      4.00      0.00      0.00     48.55
17:41:45        all     47.90      0.00      3.20      0.00      0.00     48.90
17:41:50        all     50.55      0.00      2.00      0.00      0.00     47.45
17:41:55        all     50.20      0.00      1.30      0.00      0.00     48.50
17:42:00        all     50.45      0.00      1.20      0.00      0.10     48.25
17:42:05        all     51.65      0.00      1.50      0.00      0.00     46.86
17:42:10        all     49.25      0.00      7.91      0.10      0.00     42.74
17:42:15        all     52.81      0.00      3.01      0.00      0.00     44.19
17:42:20        all     51.25      0.00      1.20      0.00      0.00     47.55
17:42:25        all     44.59      0.00      7.82      0.00      0.00     47.60
17:42:30        all     56.31      0.00      2.71      0.00      0.00     40.98
17:42:35        all     48.35      0.00      4.01      0.00      0.00     47.64
17:42:40        all     49.45      0.00      2.90      0.00      0.10     47.55
17:42:45        all     49.15      0.00      3.49      0.00      0.00     47.36
17:42:50        all     49.05      0.00      3.30      0.00      0.00     47.65
17:42:55        all     47.20      0.00      5.40      0.00      0.00     47.40
17:43:00        all     51.24      0.00      1.19      0.00      0.00     47.56
17:43:05        all     49.90      0.00      1.41      1.31      0.00     47.39
17:43:10        all     51.05      0.00      1.70      0.00      0.00     47.25
17:43:15        all     51.30      0.00      1.00      0.00      0.00     47.70
17:43:20        all     51.10      0.00      1.49      0.00      0.00     47.41
17:43:25        all     51.10      0.00      1.00      0.00      0.00     47.89
17:43:30        all     52.40      0.00      1.30      0.00      0.10     46.20
17:43:35        all     51.40      0.00      1.10      0.00      0.00     47.50
17:43:40        all     51.76      0.00      0.90      0.00      0.00     47.34
17:43:45        all     43.09      0.00     11.72      4.71      0.10     40.38
17:43:50        all     53.00      0.00      2.70      0.00      0.00     44.30
17:43:55        all     49.55      0.00      3.30      0.00      0.00     47.15
17:44:00        all     49.50      0.00      2.91      0.00      0.00     47.59
17:44:05        all     48.45      0.00      3.41      0.00      0.00     48.14
17:44:10        all     50.20      0.00      1.40      0.00      0.00     48.40
17:44:15        all     52.79      0.00      1.70      0.00      0.00     45.51
17:44:20        all     51.10      0.00      1.10      0.00      0.00     47.80
17:44:25        all     52.39      0.00      1.59      0.00      0.00     46.02
17:44:30        all     46.10      0.00      7.00      0.00      0.00     46.90
17:44:35        all     56.17     21.36      3.91      4.81      0.00     13.74
17:44:40        all     49.05     32.13      3.70      2.40      0.00     12.71
17:44:45        all     48.65      0.00      3.00      0.00      0.00     48.35
17:44:50        all     50.15      0.00      3.11      0.00      0.00     46.74
17:44:55        all     48.30      0.00      3.70      0.00      0.00     48.00
17:45:00        all     50.10      0.00      1.40      0.00      0.00     48.50
17:45:05        all     50.55      0.00      1.40      0.00      0.00     48.05
17:45:10        all     50.80      0.00      1.20      0.10      0.00     47.90
17:45:15        all     50.30      0.00      1.00      0.00      0.10     48.60
17:45:20        all     50.30      0.00      0.80      0.00      0.00     48.90
17:45:25        all     50.50      0.00      1.30      0.00      0.00     48.20
17:45:30        all     50.50      0.00      0.90      0.00      0.00     48.60
17:45:35        all     47.12      0.00      8.45      0.70      0.00     43.74
17:45:40        all     50.75      0.00      2.41      0.00      0.00     46.84
17:45:45        all     48.50      0.00      2.90      0.00      0.00     48.60
17:45:50        all     48.70      0.00      2.30      0.00      0.00     49.00
17:45:55        all     48.30      0.00      3.30      0.00      0.10     48.30
17:46:00        all     47.44      0.00      4.01      0.00      0.00     48.55
17:46:05        all     50.40      0.00      1.00      0.00      0.00     48.60
17:46:10        all     48.70      0.00      2.10      1.00      0.00     48.20
17:46:15        all     50.40      0.00      1.00      0.00      0.00     48.60
17:46:20        all     50.45      0.00      0.90      0.00      0.00     48.65
17:46:25        all     50.15      0.00      1.30      0.00      0.10     48.45
17:46:30        all     50.40      0.00      0.80      0.00      0.00     48.80
17:46:35        all     50.50      0.00      1.10      0.00      0.00     48.40
17:46:40        all     46.85      0.00      4.60      0.90      0.00     47.65
17:46:45        all     53.55      0.00      6.89      0.30      0.00     39.26
17:46:50        all     48.70      0.00      2.70      0.00      0.00     48.60
17:46:55        all     48.29      0.00      3.11      0.00      0.00     48.59
17:47:00        all     48.50      0.00      2.61      0.00      0.00     48.90
17:47:05        all     48.25      0.00      3.40      0.00      0.00     48.35
17:47:10        all     46.45      0.00      4.90      0.00      0.00     48.65
17:47:15        all     50.35      0.00      1.00      0.00      0.00     48.65
17:47:20        all     50.60      0.00      0.90      0.00      0.00     48.50
17:47:25        all     50.20      0.00      1.10      0.00      0.00     48.70
17:47:30        all     50.20      0.00      0.80      0.00      0.00     49.00
17:47:35        all     50.65      0.00      1.10      0.00      0.00     48.25
17:47:40        all     50.35      0.00      0.60      0.00      0.00     49.05
17:47:45        all     50.40      0.00      1.00      0.00      0.10     48.50
17:47:50        all     50.65      0.00      0.70      0.00      0.00     48.65
17:47:55        all     43.41      0.00      8.18      1.90      0.10     46.41
17:48:00        all     48.89      0.00      6.55      3.33      0.00     41.23
17:48:05        all     48.50      0.00      3.41      0.00      0.00     48.10
17:48:10        all     48.55      0.00      2.80      0.00      0.00     48.65
17:48:15        all     47.45      0.00      4.30      0.00      0.00     48.25
17:48:20        all     48.25      0.00      2.90      0.00      0.00     48.85
17:48:25        all     46.95      0.00      4.30      0.00      0.10     48.65
17:48:30        all     50.35      0.00      0.60      0.00      0.00     49.05
17:48:35        all     50.55      0.00      1.20      0.00      0.00     48.25
17:48:40        all     51.10      0.00      0.60      0.00      0.00     48.30
17:48:45        all     50.50      0.00      1.10      0.00      0.00     48.40
17:48:50        all     50.35      0.00      0.70      0.00      0.00     48.95
17:48:55        all     50.35      0.00      1.20      0.00      0.00     48.45
17:49:00        all     50.40      0.00      0.70      0.00      0.00     48.90
17:49:05        all     50.55      0.00      1.00      0.00      0.00     48.45
17:49:10        all     40.80      0.00      7.80      3.40      0.10     47.90
17:49:15        all     51.55      0.00      7.12      1.30      0.00     40.02
17:49:20        all     48.10      0.00      3.21      0.00      0.00     48.70
17:49:25        all     47.95      0.00      3.60      0.00      0.00     48.45
17:49:30        all     48.85      0.00      2.11      0.00      0.00     49.05
17:49:35        all     49.50      0.00      2.30      0.00      0.00     48.20
17:49:40        all     50.50      0.00      1.30      0.00      0.00     48.20
17:49:45        all     50.45      0.00      1.30      0.00      0.00     48.24
17:49:50        all     50.40      0.00      1.00      0.00      0.00     48.61
17:49:55        all     50.50      0.00      1.30      0.00      0.00     48.20
17:50:00        all     50.30      0.00      0.80      0.00      0.00     48.90
17:50:05        all     49.50      0.00      7.53      0.00      0.00     42.97
17:50:10        all     49.90      0.00      3.21      0.00      0.00     46.89
17:50:15        all     48.35      0.00      3.10      0.00      0.00     48.55
17:50:20        all     48.35      0.00      2.80      0.00      0.00     48.85
17:50:25        all     50.00      0.00      1.89      0.00      0.00     48.11
17:50:30        all     50.65      0.00      0.80      0.00      0.00     48.55
17:50:35        all     50.35      0.00      1.50      0.00      0.10     48.05
17:50:40        all     50.35      0.00      1.00      0.00      0.00     48.65
17:50:45        all     51.55      0.00      8.73      0.10      0.00     39.62
17:50:50        all     49.35      0.00      1.90      0.00      0.00     48.75
17:50:55        all     50.35      0.00      1.10      0.00      0.10     48.45
17:51:00        all     45.62      0.00      7.05      0.00      0.00     47.33
17:51:05        all     53.30      0.00      2.90      0.00      0.00     43.80
17:51:10        all     48.90      0.00      2.50      0.00      0.00     48.60
17:51:15        all     48.69      0.00      3.51      0.00      0.00     47.79
17:51:20        all     48.75      0.00      2.70      0.00      0.00     48.55
17:51:25        all     47.90      0.00      3.70      0.10      0.10     48.20
17:51:30        all     45.95      0.00      5.41      0.00      0.00     48.65
17:51:35        all     50.40      0.00      1.00      0.00      0.00     48.60
17:51:40        all     47.99      0.00      2.61      1.31      0.00     48.09
17:51:45        all     50.45      0.00      1.10      0.00      0.00     48.45
17:51:50        all     52.81      0.00      1.20      0.00      0.00     45.99
17:51:55        all     50.65      0.00      1.20      0.00      0.00     48.14
17:52:00        all     51.10      0.00      1.20      0.00      0.00     47.70
17:52:05        all     52.75      0.00      1.70      0.00      0.00     45.55
17:52:10        all     52.85      0.00      2.00      0.00      0.00     45.15
17:52:15        all     51.25      0.00      1.00      0.00      0.00     47.75
17:52:20        all     39.48      0.00     12.53      5.21      0.00     42.79
17:52:25        all     54.65      0.00      3.10      0.00      0.00     42.24
17:52:30        all     48.45      0.00      3.70      0.00      0.00     47.85
17:52:35        all     48.85      0.00      2.70      0.00      0.00     48.45
17:52:40        all     48.90      0.00      3.20      0.00      0.10     47.80
17:52:45        all     49.95      0.00      1.40      0.00      0.00     48.65
17:52:50        all     50.70      0.00      1.10      0.00      0.00     48.19
17:52:55        all     50.35      0.00      1.00      0.00      0.10     48.55
17:53:00        all     50.20      0.00      1.50      0.00      0.00     48.30
17:53:05        all     44.28      0.00      7.33      0.00      0.00     48.39
17:53:10        all     55.89      0.00      3.29      0.00      0.00     40.82
17:53:15        all     48.24      0.00      2.81      0.00      0.00     48.95
17:53:20        all     48.50      0.00      3.31      0.00      0.00     48.20
17:53:25        all     48.20      0.00      2.90      0.00      0.00     48.90
17:53:30        all     47.64      0.00      3.91      0.00      0.00     48.45
17:53:35        all     50.05      0.00      1.20      0.00      0.00     48.75
17:53:40        all     50.55      0.00      1.60      0.00      0.00     47.85
17:53:45        all     50.40      0.00      0.80      0.00      0.00     48.80
17:53:50        all     50.45      0.00      1.20      0.00      0.00     48.35
17:53:55        all     50.35      0.00      0.80      0.00      0.00     48.85
17:54:00        all     50.35      0.00      1.00      0.00      0.00     48.65
17:54:05        all     50.50      0.00      0.90      0.00      0.00     48.60
17:54:10        all     48.75      0.00      8.01      0.70      0.00     42.54
17:54:15        all     51.50      0.00      2.40      0.00      0.00     46.09
17:54:20        all     48.20      0.00      3.41      0.00      0.00     48.40
17:54:25        all     48.75      0.00      2.40      0.00      0.00     48.85
17:54:30        all     48.15      0.00      3.40      0.00      0.10     48.35
17:54:35        all     47.35      0.00      4.10      0.00      0.00     48.55
17:54:40        all     50.65      0.00      1.00      0.00      0.00     48.35
17:54:45        all     50.20      0.00      1.40      0.20      0.00     48.20
17:54:50        all     50.50      0.00      1.30      0.00      0.00     48.20
17:54:55        all     50.35      0.00      1.10      0.00      0.10     48.45
17:55:00        all     50.35      0.00      1.20      0.00      0.00     48.45
17:55:05        all     50.30      0.00      0.70      0.00      0.00     49.00
17:55:10        all     50.35      0.00      1.00      0.00      0.00     48.65
17:55:15        all     50.45      0.00      0.80      0.00      0.00     48.75
17:55:20        all     45.33      0.00     13.07      2.71      0.00     38.89
17:55:25        all     48.05      0.00      3.00      0.00      0.00     48.95
17:55:30        all     48.50      0.00      3.11      0.00      0.00     48.40
17:55:35        all     49.05      0.00      2.30      0.00      0.00     48.65
17:55:40        all     48.70      0.00      2.81      0.00      0.00     48.50
17:55:45        all     46.99      0.00      4.31      0.00      0.00     48.70
17:55:50        all     49.35      0.00      2.30      0.00      0.00     48.35
17:55:55        all     49.85      0.00      1.50      0.50      0.00     48.14
17:56:00        all     50.10      0.00      1.30      0.20      0.00     48.40
17:56:05        all     50.50      0.00      0.80      0.00      0.00     48.70
17:56:10        all     50.20      0.00      1.30      0.00      0.10     48.40
17:56:15        all     50.50      0.00      0.70      0.00      0.00     48.80
17:56:20        all     50.35      0.00      1.10      0.00      0.00     48.55
17:56:25        all     50.25      0.00      0.80      0.00      0.00     48.95
17:56:30        all     50.45      0.00      0.80      0.00      0.00     48.75
17:56:35        all     44.57      0.00      9.76      3.32      0.00     42.35
17:56:40        all     50.05      0.00      2.80      0.00      0.00     47.15
17:56:45        all     48.49      0.00      3.01      0.00      0.00     48.49
17:56:50        all     48.95      0.00      2.60      0.00      0.00     48.45
17:56:55        all     48.55      0.00      2.80      0.00      0.00     48.65
17:57:00        all     46.20      0.00      5.40      0.00      0.00     48.40
17:57:05        all     48.15      0.00      3.00      0.00      0.00     48.85
17:57:10        all     50.25      0.00      1.00      0.10      0.10     48.55
17:57:15        all     50.00      0.00      1.51      0.20      0.00     48.29
17:57:20        all     50.30      0.00      1.10      0.00      0.00     48.60
17:57:25        all     50.25      0.00      1.00      0.00      0.00     48.75
17:57:30        all     50.45      0.00      1.10      0.00      0.00     48.45
17:57:35        all     50.35      0.00      0.70      0.00      0.00     48.95
17:57:40        all     50.35      0.00      1.00      0.00      0.00     48.65
17:57:45        all     50.70      0.00      0.70      0.00      0.00     48.60
17:57:50        all     40.37      0.00     10.04      4.16      0.00     45.44
17:57:55        all     50.30      0.00      6.30      2.50      0.00     40.90
17:58:00        all     47.94      0.00      3.71      0.00      0.00     48.35
17:58:05        all     48.35      0.00      2.70      0.00      0.00     48.95
17:58:10        all     48.65      0.00      2.81      0.00      0.00     48.55
17:58:15        all     49.95      0.00      1.71      0.00      0.00     48.35
17:58:20        all     50.35      0.00      1.60      0.00      0.00     48.05
17:58:25        all     50.20      0.00      1.20      0.00      0.00     48.60
17:58:30        all     50.15      0.00      1.50      0.00      0.10     48.25
17:58:35        all     48.50      0.00      2.10      0.10      0.00     49.30
17:58:40        all     51.86      0.00      7.94      0.00      0.00     40.20
17:58:45        all     48.85      0.00      2.40      0.00      0.00     48.75
17:58:50        all     48.25      0.00      3.20      0.00      0.00     48.55
17:58:55        all     48.69      0.00      2.51      0.00      0.00     48.80
17:59:00        all     50.15      0.00      1.69      0.00      0.10     48.06
17:59:05        all     50.35      0.00      1.00      0.00      0.00     48.65
17:59:10        all     50.65      0.00      1.10      0.00      0.00     48.25
17:59:15        all     48.90      0.00      2.20      0.00      0.00     48.90
17:59:20        all     52.56      0.00      7.12      0.10      0.00     40.22
17:59:25        all     49.20      0.00      1.90      0.00      0.00     48.90
17:59:30        all     50.40      0.00      1.10      0.00      0.00     48.50
17:59:35        all     51.06      0.00      7.84      0.00      0.00     41.11
17:59:40        all     48.75      0.00      3.00      0.00      0.00     48.25
17:59:45        all     48.45      0.00      3.10      0.00      0.00     48.45
17:59:50        all     48.35      0.00      3.31      0.00      0.00     48.35
17:59:55        all     47.94      0.00      3.21      0.00      0.00     48.85
18:00:00        all     46.85      0.00      4.80      0.00      0.00     48.35
18:00:05        all     49.50      0.00      1.50      0.00      0.00     49.00
18:00:10        all     50.25      0.00      1.40      0.00      0.00     48.35
18:00:15        all     50.30      0.00      0.70      0.00      0.10     48.90
18:00:20        all     50.60      0.00      1.10      0.00      0.00     48.30
18:00:25        all     50.80      0.00      0.80      0.10      0.00     48.30
18:00:30        all     53.05      0.00      1.30      0.00      0.00     45.65
18:00:35        all     51.05      0.00      1.10      0.00      0.10     47.75
18:00:40        all     51.30      0.00      1.70      0.00      0.00     47.00
18:00:45        all     51.30      0.00      1.00      0.00      0.00     47.70
18:00:50        all     45.86      0.00     10.30      3.84      0.00     40.00
18:00:55        all     48.85      0.00      3.10      0.00      0.00     48.05
18:01:00        all     49.25      0.00      3.12      0.00      0.00     47.64
18:01:05        all     48.95      0.00      3.39      0.00      0.00     47.66
18:01:10        all     48.85      0.00      3.60      0.00      0.00     47.55
18:01:15        all     46.74      0.00      5.22      0.00      0.00     48.04
18:01:20        all     49.45      0.00      2.70      0.00      0.00     47.85
18:01:25        all     50.55      0.00      2.50      0.60      0.00     46.35
18:01:30        all     51.00      0.00      1.20      0.00      0.00     47.80
18:01:35        all     50.35      0.00      0.80      0.00      0.10     48.75
18:01:40        all     50.55      0.00      0.90      0.00      0.00     48.55
18:01:45        all     50.55      0.00      0.70      0.00      0.00     48.75
18:01:50        all     50.35      0.00      1.00      0.00      0.00     48.65
18:01:55        all     50.40      0.00      0.70      0.00      0.00     48.90
18:02:00        all     50.40      0.00      0.90      0.00      0.00     48.70
18:02:05        all     35.18      0.00     12.50      5.44      0.00     46.88
18:02:10        all     55.76      0.00      2.60      0.00      0.00     41.64
18:02:15        all     48.95      0.00      3.20      0.00      0.10     47.75
18:02:20        all     48.50      0.00      2.91      0.00      0.00     48.60
18:02:25        all     48.60      0.00      2.80      0.00      0.00     48.60
18:02:30        all     49.60      0.00      2.10      0.00      0.00     48.30
18:02:35        all     50.50      0.00      1.00      0.00      0.00     48.50
18:02:40        all     50.35      0.00      1.30      0.00      0.00     48.35
18:02:45        all     50.35      0.00      0.90      0.00      0.00     48.75
18:02:50        all     45.80      0.00      6.50      0.00      0.00     47.70
18:02:55        all     55.51      0.00      2.30      0.00      0.00     42.18
18:03:00        all     48.70      0.00      2.80      0.00      0.00     48.50
18:03:05        all     48.60      0.00      2.80      0.00      0.00     48.60
18:03:10        all     48.55      0.00      3.00      0.00      0.00     48.45
18:03:15        all     48.30      0.00      3.30      0.00      0.10     48.30
18:03:20        all     48.85      0.00      2.61      0.00      0.00     48.55
18:03:25        all     50.50      0.00      1.10      0.00      0.00     48.40
18:03:30        all     50.70      0.00      1.10      0.00      0.00     48.20
18:03:35        all     50.50      0.00      0.70      0.00      0.00     48.80
18:03:40        all     50.50      0.00      1.30      0.00      0.00     48.20
18:03:45        all     50.50      0.00      0.70      0.00      0.00     48.80
18:03:50        all     50.65      0.00      1.30      0.00      0.00     48.06
18:03:55        all     44.22      0.00      7.24      0.30      0.00     48.24
18:04:00        all     55.72      0.00      3.21      0.00      0.00     41.06
18:04:05        all     47.90      0.00      3.79      0.00      0.00     48.30
18:04:10        all     48.24      0.00      3.11      0.00      0.00     48.65
18:04:15        all     48.15      0.00      3.10      0.00      0.00     48.75
18:04:20        all     46.99      0.00      4.71      0.00      0.00     48.30
18:04:25        all     50.05      0.00      0.90      0.00      0.00     49.05
18:04:30        all     50.45      0.00      1.68      0.00      0.10     47.77
18:04:35        all     50.30      0.00      0.80      0.00      0.00     48.90
18:04:40        all     50.55      0.00      1.00      0.00      0.00     48.45
18:04:45        all     50.50      0.00      0.70      0.00      0.00     48.80
18:04:50        all     50.35      0.00      1.20      0.00      0.00     48.45
18:04:55        all     50.25      0.00      1.00      0.00      0.00     48.75
18:05:00        all     50.55      0.00      1.10      0.00      0.00     48.35
18:05:05        all     48.75      0.00      9.31      1.20      0.10     40.64
18:05:10        all     48.00      0.00      3.81      0.00      0.00     48.20
18:05:15        all     48.76      0.00      2.59      0.00      0.00     48.66
18:05:20        all     48.55      0.00      3.00      0.00      0.10     48.35
18:05:25        all     48.50      0.00      2.60      0.00      0.00     48.90
18:05:30        all     46.30      0.00      5.30      0.00      0.00     48.40
18:05:35        all     50.25      0.00      1.00      0.00      0.00     48.75
18:05:40        all     48.70      0.00      2.40      0.80      0.00     48.10
18:05:45        all     50.50      0.00      0.90      0.00      0.00     48.60
18:05:50        all     50.50      0.00      1.20      0.00      0.00     48.30
18:05:55        all     50.20      0.00      0.80      0.00      0.00     49.00
18:06:00        all     50.35      0.00      1.30      0.00      0.00     48.35
18:06:05        all     50.45      0.00      0.70      0.00      0.00     48.85
18:06:10        all     50.35      0.00      1.10      0.00      0.00     48.55
18:06:15        all     44.53      0.00      5.22      2.11      0.00     48.14
18:06:20        all     49.95      0.00      7.74      2.01      0.00     40.30
18:06:25        all     48.25      0.00      3.00      0.00      0.00     48.75
18:06:30        all     50.40      0.00      3.61      0.10      0.00     45.89
18:06:35        all     48.25      0.00      2.80      0.00      0.00     48.95
18:06:40        all     51.20      0.00      3.10      0.00      0.00     45.70
18:06:45        all     52.20      0.00      1.00      0.00      0.10     46.70
18:06:50        all     50.30      0.00      1.50      0.00      0.00     48.20
18:06:55        all     52.10      0.00      1.40      0.00      0.00     46.50
18:07:00        all     52.10      0.00      2.10      0.00      0.00     45.81
18:07:05        all     50.50      0.00      1.20      0.00      0.00     48.30
18:07:10        all     50.40      0.00      1.20      0.00      0.00     48.40
18:07:15        all     51.41      0.00      8.15      0.00      0.00     40.44
18:07:20        all     49.90      0.00      3.51      0.00      0.00     46.59
18:07:25        all     51.25      0.00      2.50      1.60      0.00     44.64
18:07:30        all     51.00      0.00      1.90      0.00      0.00     47.11
18:07:35        all     59.36      0.00      1.50      0.10      0.10     38.94
18:07:40        all     52.30      0.00      1.50      0.00      0.00     46.21
18:07:45        all     49.95      0.00      7.52      0.00      0.00     42.53
18:07:50        all     53.81      0.00      2.10      0.00      0.00     44.09
18:07:55        all     50.70      0.00      1.20      0.00      0.00     48.10
18:08:00        all     46.44      0.00      7.52      0.00      0.00     46.04
18:08:05        all     58.34      0.00      2.50      0.00      0.00     39.16
18:08:10        all     50.00      0.00      3.51      0.00      0.00     46.49
18:08:15        all     48.74      0.00      3.32      0.00      0.00     47.94
18:08:20        all     48.95      0.00      3.11      0.00      0.00     47.94
18:08:25        all     47.70      0.00      3.59      0.00      0.10     48.60
18:08:30        all     51.70      0.00      1.30      0.00      0.00     47.01
18:08:35        all     50.85      0.00      0.90      0.00      0.00     48.25
18:08:40        all     50.55      0.00      1.50      0.00      0.00     47.95
18:08:45        all     50.45      0.00      0.90      0.00      0.00     48.65
18:08:50        all     50.55      0.00      1.10      0.00      0.00     48.35
18:08:55        all     50.30      0.00      0.80      0.00      0.00     48.90
18:09:00        all     47.55      0.00      3.60      0.00      0.00     48.85
18:09:05        all     54.05      0.00      5.51      0.30      0.00     40.14
18:09:10        all     48.75      0.00      3.00      0.00      0.00     48.25
18:09:15        all     47.80      0.00      3.20      0.00      0.10     48.90
18:09:20        all     48.45      0.00      3.21      0.00      0.00     48.35
18:09:25        all     48.40      0.00      2.91      0.00      0.00     48.70
18:09:30        all     47.85      0.00      3.70      0.00      0.00     48.45
18:09:35        all     50.35      0.00      1.10      0.00      0.00     48.55
18:09:40        all     50.25      0.00      1.40      0.00      0.00     48.35
18:09:45        all     50.35      0.00      1.10      0.00      0.10     48.45
18:09:50        all     50.55      0.00      1.40      0.00      0.00     48.05
18:09:55        all     50.40      0.00      0.90      0.00      0.00     48.70
18:10:00        all     50.35      0.00      1.10      0.00      0.00     48.55
18:10:05        all     44.19      0.00      8.02      0.70      0.00     47.09
18:10:10        all     55.44      0.00      2.60      0.00      0.00     41.96
18:10:15        all     48.45      0.00      2.60      0.00      0.00     48.95
18:10:20        all     49.60      0.00      3.50      0.00      0.00     46.90
18:10:25        all     48.65      0.00      2.60      0.00      0.00     48.75
18:10:30        all     47.60      0.00      4.30      0.00      0.00     48.10
18:10:35        all     50.00      0.00      1.20      0.00      0.00     48.80
18:10:40        all     50.80      0.00      1.30      0.00      0.00     47.90
18:10:45        all     50.30      0.00      1.20      0.00      0.00     48.51
18:10:50        all     50.55      0.00      1.20      0.00      0.00     48.24
18:10:55        all     50.40      0.00      0.70      0.00      0.00     48.90
18:11:00        all     50.70      0.00      1.00      0.00      0.00     48.30
18:11:05        all     50.20      0.00      0.80      0.00      0.00     49.00
18:11:10        all     50.30      0.00      1.40      0.00      0.00     48.30
18:11:15        all     49.10      0.00      8.28      1.60      0.20     40.82
18:11:20        all     48.65      0.00      2.91      0.00      0.00     48.45
18:11:25        all     48.95      0.00      2.50      0.00      0.00     48.55
18:11:30        all     48.69      0.00      2.71      0.00      0.00     48.59
18:11:35        all     48.85      0.00      2.20      0.00      0.00     48.95
18:11:40        all     46.34      0.00      5.12      0.00      0.00     48.55
18:11:45        all     49.65      0.00      1.10      0.10      0.00     49.15
18:11:50        all     49.20      0.00      2.10      0.50      0.00     48.20
18:11:55        all     50.40      0.00      0.90      0.00      0.00     48.70
18:12:00        all     50.55      0.00      1.00      0.00      0.00     48.45
18:12:05        all     50.40      0.00      0.70      0.00      0.00     48.90
18:12:10        all     50.20      0.00      1.30      0.00      0.00     48.50
18:12:15        all     50.30      0.00      0.90      0.00      0.00     48.80
18:12:20        all     50.75      0.00      1.10      0.00      0.00     48.15
18:12:25        all     50.40      0.00      0.80      0.00      0.00     48.80
18:12:30        all     43.36      0.00     11.97      4.12      0.00     40.54
18:12:35        all     49.70      0.00      2.30      0.00      0.00     48.00
18:12:40        all     48.30      0.00      3.31      0.00      0.00     48.40
18:12:45        all     48.05      0.00      2.90      0.00      0.10     48.95
18:12:50        all     48.70      0.00      2.91      0.00      0.00     48.40
18:12:55        all     46.75      0.00      4.50      0.10      0.00     48.65
18:13:00        all     47.90      0.00      3.40      0.00      0.00     48.70
18:13:05        all     50.20      0.00      0.70      0.00      0.00     49.10
18:13:10        all     49.75      0.00      1.50      0.50      0.00     48.24
18:13:15        all     50.35      0.00      0.80      0.00      0.00     48.85
18:13:20        all     50.35      0.00      1.20      0.00      0.00     48.45
18:13:25        all     50.35      0.00      1.00      0.00      0.00     48.65
18:13:30        all     50.35      0.00      1.00      0.00      0.00     48.65
18:13:35        all     50.50      0.00      0.70      0.00      0.00     48.80
18:13:40        all     50.40      0.00      1.00      0.00      0.00     48.60
18:13:45        all     42.30      0.00      7.10      2.30      0.10     48.20
18:13:50        all     48.58      0.00      7.00      3.55      0.00     40.87
18:13:55        all     48.60      0.00      2.70      0.00      0.00     48.70
18:14:00        all     48.05      0.00      3.40      0.00      0.00     48.55
18:14:05        all     48.55      0.00      2.79      0.00      0.00     48.65
18:14:10        all     49.05      0.00      2.80      0.00      0.00     48.15
18:14:15        all     50.20      0.00      1.10      0.00      0.00     48.70
18:14:20        all     50.50      0.00      1.50      0.00      0.00     48.00
18:14:25        all     50.20      0.00      1.10      0.00      0.00     48.70
18:14:30        all     50.45      0.00      1.40      0.00      0.00     48.15
18:14:35        all     50.55      0.00      8.22      0.00      0.10     41.12
18:14:40        all     48.30      0.00      3.30      0.00      0.00     48.40
18:14:45        all     48.14      0.00      2.81      0.00      0.00     49.05
18:14:50        all     49.30      0.00      2.90      0.00      0.00     47.80
18:14:55        all     50.45      0.00      1.00      0.00      0.00     48.55
18:15:00        all     50.30      0.00      1.59      0.00      0.00     48.11
18:15:05        all     50.50      0.00      0.90      0.00      0.00     48.59
18:15:10        all     50.40      0.00      1.20      0.00      0.00     48.40
18:15:15        all     51.40      0.00      7.92      0.10      0.00     40.58
18:15:20        all     49.35      0.00      2.20      0.00      0.00     48.45
18:15:25        all     50.35      0.00      0.90      0.00      0.10     48.65
18:15:30        all     50.60      0.00      8.32      0.00      0.00     41.08
18:15:35        all     48.55      0.00      2.41      0.00      0.00     49.05
18:15:40        all     48.15      0.00      3.60      0.00      0.00     48.25
18:15:45        all     48.45      0.00      3.30      0.00      0.00     48.25
18:15:50        all     47.80      0.00      3.90      0.00      0.00     48.30
18:15:55        all     47.20      0.00      4.20      0.00      0.10     48.50
18:16:00        all     49.10      0.00      2.51      0.00      0.00     48.40
18:16:05        all     50.45      0.00      0.80      0.00      0.00     48.75
18:16:10        all     49.15      0.00      2.40      0.50      0.00     47.95
18:16:15        all     50.20      0.00      1.00      0.00      0.00     48.80
18:16:20        all     50.75      0.00      1.40      0.00      0.00     47.86
18:16:25        all     50.40      0.00      0.80      0.00      0.00     48.80
18:16:30        all     50.25      0.00      1.10      0.00      0.00     48.65
18:16:35        all     50.25      0.00      0.70      0.00      0.00     49.05
18:16:40        all     50.35      0.00      1.20      0.00      0.00     48.45
18:16:45        all     45.63      0.00     10.95      4.22      0.00     39.20
18:16:50        all     48.45      0.00      3.10      0.00      0.10     48.35
18:16:55        all     48.35      0.00      3.10      0.00      0.00     48.55
18:17:00        all     48.30      0.00      3.11      0.00      0.00     48.60
18:17:05        all     48.55      0.00      2.40      0.00      0.00     49.05
18:17:10        all     47.90      0.00      3.70      0.00      0.00     48.40
18:17:15        all     50.60      0.00      1.00      0.10      0.00     48.30
18:17:20        all     51.55      0.00      2.20      0.10      0.00     46.15
18:17:25        all     52.20      0.00      1.20      0.00      0.00     46.60
18:17:30        all     50.60      0.00      1.60      0.00      0.10     47.70
18:17:35        all     50.20      0.00      1.20      0.00      0.00     48.60
18:17:40        all     50.35      0.00      1.40      0.00      0.00     48.24
18:17:45        all     50.50      0.00      0.80      0.00      0.00     48.70
18:17:50        all     49.90      0.00     10.00      0.30      0.00     39.80
18:17:55        all     49.10      0.00      2.51      0.00      0.10     48.30
18:18:00        all     48.55      0.00      3.21      0.00      0.00     48.24
18:18:05        all     48.20      0.00      2.80      0.00      0.00     49.00
18:18:10        all     48.20      0.00      3.89      0.00      0.10     47.80
18:18:15        all     46.18      0.00      4.82      0.00      0.00     49.00
18:18:20        all     51.35      0.00      1.20      0.00      0.00     47.45
18:18:25        all     50.80      0.00      1.00      0.00      0.00     48.20
18:18:30        all     50.50      0.00      1.50      0.00      0.00     48.00
18:18:35        all     50.20      0.00      0.80      0.00      0.00     49.00
18:18:40        all     50.65      0.00      1.30      0.00      0.00     48.06
18:18:45        all     50.50      0.00      0.80      0.00      0.00     48.70
18:18:50        all     50.35      0.00      1.10      0.00      0.00     48.55
18:18:55        all     50.35      0.00      0.90      0.00      0.00     48.75
18:19:00        all     47.48      0.00      9.36      1.91      0.00     41.25
18:19:05        all     49.50      0.00      2.60      0.00      0.00     47.90
18:19:10        all     48.14      0.00      3.31      0.00      0.00     48.55
18:19:15        all     48.55      0.00      2.80      0.00      0.00     48.65
18:19:20        all     48.70      0.00      3.11      0.00      0.00     48.20
18:19:25        all     46.89      0.00      4.21      0.00      0.10     48.80
18:19:30        all     49.00      0.00      2.40      0.00      0.00     48.60
18:19:35        all     50.00      0.00      1.20      0.20      0.00     48.60
18:19:40        all     49.45      0.00      1.71      0.60      0.00     48.24
18:19:45        all     50.40      0.00      0.80      0.00      0.10     48.70
18:19:50        all     50.90      0.00      1.10      0.00      0.00     48.00
18:19:55        all     50.30      0.00      0.70      0.00      0.00     49.00
18:20:00        all     50.35      0.00      1.20      0.00      0.00     48.45
18:20:05        all     50.45      0.00      0.80      0.00      0.00     48.75
18:20:10        all     50.30      0.00      1.10      0.00      0.00     48.60
18:20:15        all     43.78      0.00     11.35      4.02      0.00     40.86
18:20:20        all     49.75      0.00      3.50      0.10      0.00     46.65
18:20:25        all     48.05      0.00      3.20      0.10      0.00     48.65
18:20:30        all     48.69      0.00      3.01      0.00      0.00     48.29
18:20:35        all     48.31      0.00      3.09      0.00      0.00     48.61
18:20:40        all     49.95      0.00      1.60      0.00      0.00     48.45
18:20:45        all     50.05      0.00      1.40      0.00      0.00     48.55
18:20:50        all     50.45      0.00      1.20      0.00      0.00     48.35
18:20:55        all     50.30      0.00      1.00      0.00      0.00     48.70
18:21:00        all     50.45      0.00      1.50      0.00      0.00     48.05
18:21:05        all     46.63      0.00      4.42      0.00      0.00     48.94
18:21:10        all     53.85      0.00      5.61      0.00      0.00     40.54
18:21:15        all     48.24      0.00      2.81      0.00      0.00     48.95
18:21:20        all     48.45      0.00      3.30      0.00      0.00     48.25
18:21:25        all     49.45      0.00      1.99      0.00      0.00     48.55
18:21:30        all     50.55      0.00      1.40      0.00      0.00     48.04
18:21:35        all     50.30      0.00      0.90      0.00      0.10     48.70
18:21:40        all     50.45      0.00      1.59      0.00      0.00     47.96
18:21:45        all     43.89      0.00      7.52      0.00      0.00     48.60
18:21:50        all     56.59      0.00      2.30      0.00      0.10     41.02
18:21:55        all     50.50      0.00      0.90      0.00      0.00     48.60
18:22:00        all     44.10      0.00      8.10      0.00      0.00     47.80
18:22:05        all     56.86      0.00      2.10      0.00      0.00     41.04
18:22:10        all     48.40      0.00      3.40      0.00      0.00     48.20
18:22:15        all     48.29      0.00      3.11      0.00      0.00     48.59
18:22:20        all     48.30      0.00      3.90      0.00      0.00     47.80
18:22:25        all     48.55      0.00      2.60      0.00      0.00     48.85
18:22:30        all     47.60      0.00      3.90      0.00      0.10     48.40
18:22:35        all     50.50      0.00      0.80      0.00      0.00     48.70
18:22:40        all     49.25      0.00      2.21      0.80      0.00     47.74
18:22:45        all     50.30      0.00      0.90      0.00      0.00     48.80
18:22:50        all     50.25      0.00      1.50      0.00      0.00     48.25
18:22:55        all     50.35      0.00      0.70      0.00      0.00     48.95
18:23:00        all     50.35      0.00      1.00      0.00      0.00     48.65
18:23:05        all     50.30      0.00      0.90      0.00      0.00     48.80
18:23:10        all     46.39      0.00      4.02      1.31      0.00     48.29
18:23:15        all     48.80      0.00      9.30      2.70      0.00     39.20
18:23:20        all     48.80      0.00      3.10      0.00      0.00     48.10
18:23:25        all     48.55      0.00      2.90      0.00      0.00     48.55
18:23:30        all     48.35      0.00      3.20      0.00      0.00     48.45
18:23:35        all     48.30      0.00      3.01      0.00      0.00     48.70
18:23:40        all     48.95      0.00      2.80      0.00      0.00     48.25
18:23:45        all     50.30      0.00      1.00      0.00      0.00     48.70
18:23:50        all     50.30      0.00      1.30      0.00      0.00     48.40
18:23:55        all     50.70      0.00      0.80      0.00      0.00     48.50
18:24:00        all     50.20      0.00      1.31      0.00      0.00     48.49
18:24:05        all     50.45      0.00      1.00      0.00      0.00     48.55
18:24:10        all     50.40      0.00      1.10      0.00      0.00     48.50
18:24:15        all     43.42      0.00      7.94      0.40      0.00     48.24
18:24:20        all     56.31      0.00      2.71      0.00      0.00     40.98
18:24:25        all     48.05      0.00      3.00      0.00      0.10     48.85
18:24:30        all     48.30      0.00      3.60      0.00      0.00     48.10
18:24:35        all     48.34      0.00      2.81      0.00      0.00     48.84
18:24:40        all     47.69      0.00      3.82      0.00      0.00     48.49
18:24:45        all     49.10      0.00      2.10      0.00      0.00     48.80
18:24:50        all     50.60      0.00      1.40      0.00      0.00     48.00
18:24:55        all     50.20      0.00      1.00      0.00      0.10     48.70
18:25:00        all     50.50      0.00      1.20      0.00      0.00     48.30
18:25:05        all     50.45      0.00      0.90      0.00      0.00     48.65
18:25:10        all     50.40      0.00      1.30      0.00      0.00     48.30
18:25:15        all     50.25      0.00      0.80      0.00      0.00     48.95
18:25:20        all     50.45      0.00      1.20      0.00      0.00     48.35
18:25:25        all     49.10      0.00      9.12      1.20      0.00     40.58
18:25:30        all     48.55      0.00      3.50      0.10      0.00     47.85
18:25:35        all     48.50      0.00      2.80      0.00      0.00     48.70
18:25:40        all     48.20      0.00      3.40      0.00      0.00     48.40
18:25:45        all     47.80      0.00      3.41      0.00      0.00     48.80
18:25:50        all     49.80      0.00      1.80      0.00      0.00     48.40
18:25:55        all     50.40      0.00      0.90      0.00      0.00     48.69
18:26:00        all     50.55      0.00      1.20      0.00      0.00     48.25
18:26:05        all     50.20      0.00      1.10      0.00      0.00     48.70
18:26:10        all     50.25      0.00      1.30      0.00      0.00     48.45
18:26:15        all     50.50      0.00      0.70      0.00      0.00     48.80
18:26:20        all     48.60      0.00      7.78      0.00      0.00     43.61
18:26:25        all     50.85      0.00      3.00      0.00      0.00     46.15
18:26:30        all     48.10      0.00      3.51      0.00      0.00     48.40
18:26:35        all     50.40      0.00      0.90      0.00      0.00     48.70
18:26:40        all     50.60      0.00      1.30      0.00      0.00     48.10
18:26:45        all     50.50      0.00      1.00      0.00      0.00     48.50
18:26:50        all     51.05      0.00      8.49      0.00      0.00     40.46
18:26:55        all     52.89      0.00      1.90      0.10      0.00     45.11
18:27:00        all     48.25      0.00      3.60      0.00      0.00     48.15
18:27:05        all     52.99      0.00      6.79      0.00      0.00     40.22
18:27:10        all     48.40      0.00      3.51      0.00      0.00     48.10
18:27:15        all     48.40      0.00      2.71      0.00      0.00     48.90
18:27:20        all     49.90      0.00      3.41      0.00      0.00     46.69
18:27:25        all     49.10      0.00      2.70      0.00      0.00     48.20
18:27:30        all     48.55      0.00      4.10      0.00      0.10     47.25
18:27:35        all     51.95      0.00      0.90      0.00      0.00     47.15
18:27:40        all     51.45      0.00      2.41      0.70      0.00     45.44
18:27:45        all     50.75      0.00      0.80      0.00      0.00     48.45
18:27:50        all     51.25      0.00      1.20      0.00      0.00     47.55
18:27:55        all     51.05      0.00      0.90      0.00      0.00     48.06
18:28:00        all     51.95      0.00      1.20      0.00      0.00     46.85
18:28:05        all     53.01      0.00      1.10      0.00      0.00     45.89
18:28:10        all     46.95      0.00      3.40      0.80      0.00     48.85
18:28:15        all     49.55      0.00      9.37      3.22      0.00     37.87
18:28:20        all     51.50      0.00      4.41      0.50      0.00     43.59
18:28:25        all     48.70      0.00      2.70      0.00      0.00     48.60
18:28:30        all     50.40      0.00      3.21      0.00      0.00     46.39
18:28:35        all     50.35      0.00      3.01      0.00      0.10     46.54
18:28:40        all     51.55      0.00      3.29      0.00      0.00     45.16
18:28:45        all     50.65      0.00      2.11      0.50      0.00     46.74
18:28:50        all     52.06      0.00      1.40      0.00      0.00     46.54
18:28:55        all     50.40      0.00      1.00      0.00      0.00     48.60
18:29:00        all     51.50      0.00      1.30      0.00      0.00     47.21
18:29:05        all     51.05      0.00      0.90      0.00      0.00     48.05
18:29:10        all     50.90      0.00      1.30      0.00      0.00     47.80
18:29:15        all     42.80      0.00      9.57      0.81      0.00     46.83
18:29:20        all     56.07      0.00      2.81      0.00      0.00     41.12
18:29:25        all     48.45      0.00      3.00      0.00      0.00     48.55
18:29:30        all     48.89      0.00      2.62      0.00      0.00     48.49
18:29:35        all     48.35      0.00      3.10      0.00      0.00     48.55
18:29:40        all     50.90     19.30      1.60      0.00      0.00     28.20
18:29:45        all     49.85     48.75      1.30      0.00      0.10      0.00
18:29:50        all     50.85     31.43      1.40      0.10      0.00     16.22
18:29:55        all     50.65      0.00      0.80      0.00      0.00     48.55
18:30:00        all     51.75      0.00      1.30      0.00      0.10     46.85
18:30:05        all     49.60      0.00      8.22      0.00      0.00     42.18
18:30:10        all     49.00      0.00      3.11      0.00      0.00     47.90
18:30:15        all     50.05      0.00      1.50      0.00      0.00     48.45
18:30:20        all     50.55      0.00      1.70      0.00      0.00     47.75
18:30:25        all     44.12      0.00      6.83      0.00      0.00     49.05
18:30:30        all     56.54      0.00      2.41      0.00      0.00     41.05
18:30:35        all     50.70      0.00      1.00      0.00      0.00     48.30
18:30:40        all     51.70      0.00      7.31      0.00      0.00     40.98
18:30:45        all     48.65      0.00      2.80      0.00      0.00     48.55
18:30:50        all     48.60      0.00      3.40      0.00      0.00     48.00
18:30:55        all     48.85      0.00      2.31      0.00      0.00     48.85
18:31:00        all     48.50      0.00      3.61      0.00      0.00     47.90
18:31:05        all     46.15      0.00      5.21      0.00      0.00     48.65
18:31:10        all     50.65      0.00      1.00      0.00      0.00     48.35
18:31:15        all     50.10      0.00      1.20      0.60      0.00     48.10
18:31:20        all     50.40      0.00      1.10      0.00      0.00     48.50
18:31:25        all     50.55      0.00      0.90      0.00      0.10     48.45
18:31:30        all     50.35      0.00      1.20      0.00      0.00     48.45
18:31:35        all     50.55      0.00      0.80      0.00      0.10     48.55
18:31:40        all     50.35      0.00      1.30      0.00      0.00     48.35
18:31:45        all     50.45      0.00      0.90      0.00      0.00     48.65
18:31:50        all     47.76      0.00     10.47      2.89      0.00     38.88
18:31:55        all     48.40      0.00      2.91      0.00      0.00     48.70
18:32:00        all     48.75      0.00      3.60      0.00      0.00     47.65
18:32:05        all     48.61      0.00      2.89      0.00      0.00     48.51
18:32:10        all     50.65      0.00      1.30      0.00      0.00     48.04
18:32:15        all     50.65      0.00      1.30      0.00      0.00     48.06
18:32:20        all     50.45      0.00      1.30      0.00      0.00     48.25
18:32:25        all     50.70      0.00      1.20      0.00      0.00     48.10
18:32:30        all     50.85      0.00      7.72      0.00      0.00     41.42
18:32:35        all     50.65      0.00      1.10      0.00      0.00     48.25
18:32:40        all     49.70      0.00      7.92      0.00      0.00     42.38
18:32:45        all     49.95      0.00      2.50      0.00      0.00     47.55
18:32:50        all     48.55      0.00      3.99      0.00      0.00     47.46
18:32:55        all     48.80      0.00      2.60      0.00      0.10     48.50
18:33:00        all     48.70      0.00      3.51      0.00      0.00     47.80
18:33:05        all     49.90      0.00      1.60      0.00      0.00     48.50
18:33:10        all     50.80      0.00      1.31      0.00      0.00     47.89
18:33:15        all     50.75      0.00      0.90      0.00      0.00     48.35
18:33:20        all     50.85      0.00      1.30      0.00      0.00     47.85
18:33:25        all     50.65      0.00      0.90      0.00      0.00     48.45
18:33:30        all     52.76      0.00      1.50      0.00      0.00     45.74
18:33:35        all     50.40      0.00      7.23      0.00      0.00     42.37
18:33:40        all     49.30      0.00      3.10      0.00      0.00     47.60
18:33:45        all     51.50      0.00      1.00      0.00      0.00     47.50
18:33:50        all     45.20      0.00      7.10      0.00      0.20     47.50
18:33:55        all     57.04      0.00      1.40      0.00      0.00     41.56
18:34:00        all     52.06      0.00      4.31      0.00      0.00     43.63
18:34:05        all     52.20      0.00      6.81      0.00      0.00     40.98
18:34:10        all     48.85      0.00      3.41      0.00      0.00     47.74
18:34:15        all     51.40      0.00      3.31      0.00      0.00     45.29
18:34:20        all     50.60      0.00      1.20      0.00      0.00     48.20
18:34:25        all     50.75      0.00      0.80      0.00      0.00     48.45
18:34:30        all     52.81      0.00      1.70      0.10      0.00     45.39
18:34:35        all     45.45      0.00      6.91      0.00      0.00     47.65
18:34:40        all     66.37      0.00      2.70      0.10      0.00     30.83
Average:        all     49.67      0.45      2.69      0.18      0.01     47.01

17:26:15     pgpgin/s pgpgout/s   fault/s  majflt/s  pgfree/s pgscank/s pgscand/s pgsteal/s    %vmeff
17:26:20         0.00      0.80    291.60      0.00    705.20      0.00      0.00      0.00      0.00
17:26:25         0.00    224.80   2380.60      0.00   1724.40      0.00      0.00      0.00      0.00
17:26:30         0.00     12.80    697.20      0.00   2463.40      0.00      0.00   2164.80      0.00
17:26:35        24.00    260.80   1518.40      0.40  37274.60      0.00      0.00  35883.80      0.00
17:26:40        96.80      0.00    356.20      1.80   7312.80      0.00      0.00   5666.40      0.00
17:26:45     26811.20      6.40   2333.60    594.20 230866.80      0.00      0.00      0.00      0.00
17:26:50         0.00      6.40   1119.20      0.00   2022.00      0.00      0.00      0.00      0.00
17:26:55         0.00      0.00     64.80      0.00    571.40      0.00      0.00      0.00      0.00
17:27:00         0.00      0.00    366.80      0.00    212.00      0.00      0.00      0.00      0.00
17:27:05         0.00     25.60    206.20      0.00    307.40      0.00      0.00      0.00      0.00
17:27:10         0.00     19.20     74.00      0.00    971.60      0.00      0.00      0.00      0.00
17:27:15         0.00      1.60     40.60      0.00    116.40      0.00      0.00      0.00      0.00
17:27:20         0.00    180.80     57.00      0.00     32.00      0.00      0.00      0.00      0.00
17:27:25    140764.00      0.80  16000.20   1928.20  30479.00      0.00      0.00      0.00      0.00
17:27:30       287.20      0.00    482.20      4.20    398.00      0.00      0.00      0.00      0.00
17:27:35         0.00     19.20    306.80      0.00    885.20      0.00      0.00      0.00      0.00
17:27:40         0.00      2.40    222.20      0.00     63.80      0.00      0.00      0.00      0.00
17:27:45         0.00     10.40    527.00      0.00    340.00      0.00      0.00      0.00      0.00
17:27:50         0.00      0.80    416.00      0.00    347.80      0.00      0.00      0.00      0.00
17:27:55         0.00      0.00    564.80      0.00 180259.40      0.00      0.00      0.00      0.00
17:28:00         0.00    240.00    547.20      0.00    704.80      0.00      0.00      0.00      0.00
17:28:05         0.00      6.40   1241.80      0.00    497.60      0.00      0.00      0.00      0.00
17:28:10      3441.92     35.13  16876.45     30.54  28313.77      0.00      0.00      0.00      0.00
17:28:15        68.80      2.40   1503.60      0.80   1300.80      0.00      0.00      0.00      0.00
17:28:20         0.00      9.60    434.20      0.00   1698.00      0.00      0.00      0.00      0.00
17:28:25         0.00      0.00    431.60      0.00    179.80      0.00      0.00      0.00      0.00
17:28:30        53.60    142.40   3260.20      0.60   2368.00      0.00      0.00      0.00      0.00
17:28:35         0.00      2.40    280.40      0.00   7105.20      0.00      0.00   6429.00      0.00
17:28:40         9.60    280.80   1608.00      0.80   7312.20      0.00      0.00   6174.80      0.00
17:28:45         0.00      3.20    757.40      0.00 200901.20      0.00      0.00      0.00      0.00
17:28:50      2968.00      4.00   8713.00     34.60   2289.40      0.00      0.00      0.00      0.00
17:28:55       144.80      4.00  22730.20      0.80  11002.00      0.00      0.00      0.00      0.00
17:29:00        38.40      4.00   4753.20      0.80   5619.80      0.00      0.00      0.00      0.00
17:29:05         0.00      4.00   8000.20      0.00   1005.40      0.00      0.00      0.00      0.00
17:29:10         0.00     41.60    425.20      0.00  24488.00      0.00      0.00      0.00      0.00
17:29:15     16325.60     16.00  14603.20    120.60  26639.20      0.00      0.00      0.00      0.00
17:29:20        41.60    163.20    509.00      0.80    977.20      0.00      0.00      0.00      0.00
17:29:25         0.00      0.80    273.60      0.00     48.40      0.00      0.00      0.00      0.00
17:29:30         0.00      0.80    554.60      0.00    310.80      0.00      0.00      0.00      0.00
17:29:35         0.00      1.60    233.20      0.00      9.20      0.00      0.00      0.00      0.00
17:29:40         0.00     33.60    289.80      0.00   1888.20      0.00      0.00   1264.20      0.00
17:29:45       372.80    244.80    189.00      9.40  23982.60      0.00      0.00  22982.20      0.00
17:29:50        12.00      0.00     35.20      0.60    838.20      0.00      0.00      0.00      0.00
17:29:55     19396.00      0.00    919.00    545.00 220110.20      0.00      0.00      0.00      0.00
17:30:00         0.00      0.00    327.60      0.00    578.80      0.00      0.00      0.00      0.00
17:30:05         0.00      0.00     60.60      0.00     12.00      0.00      0.00      0.00      0.00
17:30:10       736.00      4.00   1465.80      3.60   1143.60      0.00      0.00      0.00      0.00
17:30:15         0.00     36.00     41.40      0.00    334.40      0.00      0.00      0.00      0.00
17:30:20         0.00      1.60    362.80      0.00    540.20      0.00      0.00      0.00      0.00
17:30:25       384.00     10.40   2349.20      2.80   2441.80      0.00      0.00      0.00      0.00
17:30:30     84544.80    182.40  14143.80    922.00  27908.60      0.00      0.00      0.00      0.00
17:30:35      2881.60      4.00   4362.60     67.00   2839.40      0.00      0.00      0.00      0.00
17:30:40         0.00     10.40   1015.40      0.00   1622.00      0.00      0.00      0.00      0.00
17:30:45         8.80     44.00   1081.80      0.40   1158.40      0.00      0.00      0.00      0.00
17:30:50         0.00      5.60   1651.40      0.00   1381.00      0.00      0.00      0.00      0.00
17:30:55         0.00      2.40    531.00      0.00    941.40      0.00      0.00     26.00      0.00
17:31:00        72.00    281.60    575.00      1.40  13744.60      0.00      0.00  12551.40      0.00
17:31:05        14.40      0.00    729.80      0.20 205343.00      0.00      0.00      0.00      0.00
17:31:10         0.00      0.00    303.60      0.00   1276.00      0.00      0.00      0.00      0.00
17:31:15         0.00      0.00    332.00      0.00    427.60      0.00      0.00      0.00      0.00
17:31:20         0.00      3.20    531.80      0.00    415.80      0.00      0.00      0.00      0.00
17:31:25         0.00      4.00    900.00      0.00    871.40      0.00      0.00      0.00      0.00
17:31:30       364.80     42.40   2372.20      5.40   1377.80      0.00      0.00      0.00      0.00
17:31:35         0.00      4.00   1773.40      0.00   2674.40      0.00      0.00      0.00      0.00
17:31:40     41933.60    179.20  16795.80    664.00  28487.60      0.00      0.00      0.00      0.00
17:31:45       112.80      0.00    604.40      1.20    987.00      0.00      0.00      0.00      0.00
17:31:50         0.00      0.00    624.40      0.00    995.60      0.00      0.00      0.00      0.00
17:31:55         0.00      0.80    415.60      0.00    309.80      0.00      0.00      0.00      0.00
17:32:00         0.00     54.40    281.60      0.00    702.40      0.00      0.00      0.00      0.00
17:32:05         0.00    256.00    250.40      0.00   7486.20      0.00      0.00   6498.20      0.00
17:32:10       509.60      0.00    192.00     10.00  19045.60      0.00      0.00  18081.40      0.00
17:32:15      5510.40      0.00    150.00     93.00 219058.20      0.00      0.00    203.60      0.00
17:32:20     24740.00      0.00   1565.80    708.00   2005.40      0.00      0.00      0.00      0.00
17:32:25        40.80      4.00   1036.80      0.00   1079.20      0.00      0.00      0.00      0.00
17:32:30         0.00     20.80     56.60      0.00     98.80      0.00      0.00      0.00      0.00
17:32:35         0.00      8.00    221.80      0.00    289.80      0.00      0.00      0.00      0.00
17:32:40         0.00      4.00     22.80      0.00    133.80      0.00      0.00      0.00      0.00
17:32:45         0.00      0.00     17.20      0.00      9.00      0.00      0.00      0.00      0.00
17:32:50         0.00      0.00    338.40      0.00    360.20      0.00      0.00      0.00      0.00
17:32:55     71016.00    176.80  15186.60    709.20  28478.60      0.00      0.00      0.00      0.00
17:33:00        32.80      4.00    432.20      0.80    131.80      0.00      0.00      0.00      0.00
17:33:05         0.00     18.40    216.80      0.00    634.80      0.00      0.00      0.00      0.00
17:33:10         0.00      9.60    224.60      0.00     26.80      0.00      0.00      0.00      0.00
17:33:15         0.00      2.40    334.20      0.00    410.60      0.00      0.00      0.00      0.00
17:33:20         0.00      0.80    557.80      0.00 135324.20      0.00      0.00      0.00      0.00
17:33:25         0.00      0.00     91.80      0.00    178.00      0.00      0.00      0.00      0.00
17:33:30         0.00    238.40     81.60      0.00     30.20      0.00      0.00      0.00      0.00
17:33:35       836.80      0.80  14443.00      2.00  25359.00      0.00      0.00      0.00      0.00
17:33:40       356.00     27.20    629.20      3.40    252.20      0.00      0.00      0.00      0.00
17:33:45        83.20      0.00     48.80      0.80  28418.40      0.00      0.00      0.00      0.00
17:33:50       128.80      3.20   7385.40      0.00  21743.80      0.00      0.00      0.00      0.00
17:33:55        56.00    135.20   7925.60      0.60   2072.80      0.00      0.00      0.00      0.00
17:34:00         0.00      0.80    661.00      0.00    808.80      0.00      0.00      0.00      0.00
17:34:05         0.00      0.00    229.80      0.00    216.00      0.00      0.00      0.00      0.00
17:34:10         0.00    236.00    396.00      0.00    388.20      0.00      0.00      0.00      0.00
17:34:15         0.00     67.20    236.40      0.00      7.60      0.00      0.00      0.00      0.00
17:34:20        42.40    165.60    410.40      1.20  30182.40      0.00      0.00  29206.80      0.00
17:34:25       146.40      0.00    248.00      2.00  20322.40      0.00      0.00   8200.20      0.00
17:34:30         4.80      0.00    513.00      0.20 228712.20      0.00      0.00      0.00      0.00
17:34:35         0.00      0.00     46.60      0.00   1812.60      0.00      0.00      0.00      0.00
17:34:40         0.00      0.00     62.08      0.00     14.97      0.00      0.00      0.00      0.00
17:34:45         0.00      0.00     40.20      0.00    139.20      0.00      0.00      0.00      0.00
17:34:50         0.00     16.80     67.60      0.00     68.60      0.00      0.00      0.00      0.00
17:34:55         0.00      2.40    291.20      0.00    177.00      0.00      0.00      0.00      0.00
17:35:00         0.00      1.60     47.80      0.00     32.80      0.00      0.00      0.00      0.00
17:35:05         0.00    180.00     28.40      0.00     12.80      0.00      0.00      0.00      0.00
17:35:10    153812.80      0.80  15733.60   1666.00  30253.00      0.00      0.00      0.00      0.00
17:35:15       372.00      0.00    564.60      8.60    394.40      0.00      0.00      0.00      0.00
17:35:20         0.00     22.40    230.00      0.00    873.80      0.00      0.00      0.00      0.00
17:35:25         0.00      0.00    489.00      0.00    177.20      0.00      0.00      0.00      0.00
17:35:30         0.00      1.60    458.80      0.00    424.60      0.00      0.00      0.00      0.00
17:35:35         0.00      0.00    120.80      0.00     11.60      0.00      0.00      0.00      0.00
17:35:40         0.00    149.60    278.80      0.00 179873.40      0.00      0.00      0.00      0.00
17:35:45         0.00     91.20     60.20      0.00    117.60      0.00      0.00      0.00      0.00
17:35:50         0.00     20.00     80.20      0.00    258.60      0.00      0.00      0.00      0.00
17:35:55       485.60      1.60   7207.80      0.00  23901.20      0.00      0.00      0.00      0.00
17:36:00       200.80      0.00   8314.20      2.00   2004.60      0.00      0.00      0.00      0.00
17:36:05         0.00      2.40    272.60      0.00     11.80      0.00      0.00      0.00      0.00
17:36:10         0.00    132.00    271.80      0.00     25.80      0.00      0.00      0.00      0.00
17:36:15         0.00      0.00    241.60      0.00   1530.40      0.00      0.00      0.00      0.00
17:36:20         0.00     25.60    278.40      0.00     35.00      0.00      0.00      0.00      0.00
17:36:25        25.60    229.60    376.20      0.20   9292.00      0.00      0.00   8463.80      0.00
17:36:30        13.60      0.00    435.80      0.20 200458.60      0.00      0.00      0.00      0.00
17:36:35         0.00      0.00     42.20      0.00     14.00      0.00      0.00      0.00      0.00
17:36:40         0.00      0.00     73.60      0.00    348.00      0.00      0.00      0.00      0.00
17:36:45         0.00      0.00     41.80      0.00    208.00      0.00      0.00      0.00      0.00
17:36:50         0.00      0.00     58.00      0.00    169.40      0.00      0.00      0.00      0.00
17:36:55         0.00     16.00    286.40      0.00    174.20      0.00      0.00      0.00      0.00
17:37:00     12435.20      4.80  14471.60    179.00  26575.60      0.00      0.00      0.00      0.00
17:37:05        37.60    163.20    470.20      0.60    328.60      0.00      0.00      0.00      0.00
17:37:10         0.00      0.00    277.20      0.00    856.00      0.00      0.00      0.00      0.00
17:37:15         0.00      0.00    242.20      0.00     11.80      0.00      0.00      0.00      0.00
17:37:20         0.00      0.00    358.40      0.00    620.60      0.00      0.00      0.00      0.00
17:37:25         0.00     22.40    553.20      0.00    736.40      0.00      0.00    145.40      0.00
17:37:30         0.80    245.60    108.80      0.00   9022.80      0.00      0.00   8199.80      0.00
17:37:35         0.00      0.00    492.00      0.00 203890.80      0.00      0.00      0.00      0.00
17:37:40         0.00      0.00     32.80      0.00   1594.20      0.00      0.00      0.00      0.00
17:37:45         0.00      0.00    131.40      0.00     54.40      0.00      0.00      0.00      0.00
17:37:50         0.00      0.00    169.80      0.00    608.60      0.00      0.00      0.00      0.00
17:37:55         0.00      0.00    314.00      0.00    179.00      0.00      0.00      0.00      0.00
17:38:00         0.00     19.20     33.20      0.00    101.80      0.00      0.00      0.00      0.00
17:38:05         0.00      2.40    185.20      0.00    116.80      0.00      0.00      0.00      0.00
17:38:10     34175.20    172.80  14761.00    334.60  27591.40      0.00      0.00      0.00      0.00
17:38:15        48.80      1.60    525.20      0.80    337.00      0.00      0.00      0.00      0.00
17:38:20         0.00      0.00    289.62      0.00    595.01      0.00      0.00      0.00      0.00
17:38:25         0.00      0.00    692.60      0.00    249.00      0.00      0.00      0.00      0.00
17:38:30         0.00     24.80    269.60      0.00     38.60      0.00      0.00      0.00      0.00
17:38:35         0.00    254.40    247.80      0.00   1577.40      0.00      0.00   1040.40      0.00
17:38:40        51.20      0.00    253.60      1.20  23845.20      0.00      0.00  22911.60      0.00
17:38:45        15.20      0.00     12.00      0.20   1025.00      0.00      0.00    109.20      0.00
17:38:50        16.00      0.00    307.00      0.20 219920.60      0.00      0.00      0.00      0.00
17:38:55         0.00      0.00    336.20      0.00    532.40      0.00      0.00      0.00      0.00
17:39:00         0.00      0.00     81.60      0.00     34.20      0.00      0.00      0.00      0.00
17:39:05         0.00      0.00    291.60      0.00    429.40      0.00      0.00      0.00      0.00
17:39:10         0.00     22.40     41.80      0.00     22.20      0.00      0.00      0.00      0.00
17:39:15         0.00      2.40     13.60      0.00     16.00      0.00      0.00      0.00      0.00
17:39:20         0.00      0.80    205.20      0.00    479.80      0.00      0.00      0.00      0.00
17:39:25     94340.00    178.40  13924.20   1455.00  28050.00      0.00      0.00      0.00      0.00
17:39:30     12280.00      0.80   2883.80    151.80   2174.00      0.00      0.00      0.00      0.00
17:39:35         0.00      0.00    256.00      0.00    843.20      0.00      0.00      0.00      0.00
17:39:40         0.00     24.00    241.80      0.00     10.40      0.00      0.00      0.00      0.00
17:39:45         0.00      2.40    320.80      0.00    440.20      0.00      0.00      0.00      0.00
17:39:50         0.00      0.00    253.80      0.00    205.40      0.00      0.00      0.00      0.00
17:39:55       160.00    256.80    294.20      2.00  29653.20      0.00      0.00  27756.60      0.00
17:40:00       695.20      0.00    343.60      9.80   7769.60      0.00      0.00   7588.00      0.00
17:40:05     27065.60      0.00   1331.80    800.40 229448.60      0.00      0.00    257.00      0.00
17:40:10         0.00      0.00     53.80      0.00   1421.00      0.00      0.00      0.00      0.00
17:40:15         0.00      0.00     73.60      0.00    352.80      0.00      0.00      0.00      0.00
17:40:20         0.00      0.00     49.60      0.00    200.20      0.00      0.00      0.00      0.00
17:40:25         0.00     10.40     67.20      0.00    235.00      0.00      0.00      0.00      0.00
17:40:30         0.00     11.20    310.60      0.00    181.20      0.00      0.00      0.00      0.00
17:40:35         0.00      0.00     12.80      0.00      7.20      0.00      0.00      0.00      0.00
17:40:40         0.00    180.00     18.80      0.00     22.00      0.00      0.00      0.00      0.00
17:40:45    123474.40      0.80  15557.60   1335.80  29745.60      0.00      0.00      0.00      0.00
17:40:50       110.40      0.00    507.20      1.60    894.40      0.00      0.00      0.00      0.00
17:40:55         0.00     17.60    316.40      0.00    835.40      0.00      0.00      0.00      0.00
17:41:00         0.00      0.00    472.80      0.00    323.60      0.00      0.00      0.00      0.00
17:41:05         0.00      9.60    379.20      0.00    292.00      0.00      0.00      0.00      0.00
17:41:10         0.00      0.00    156.60      0.00     21.80      0.00      0.00      0.00      0.00
17:41:15         0.00    149.60    254.00      0.00 180362.60      0.00      0.00      0.00      0.00
17:41:20         0.00     90.40     94.40      0.00    476.40      0.00      0.00      0.00      0.00
17:41:25       469.60     28.00   1721.20      3.20   2198.20      0.00      0.00      0.00      0.00
17:41:30         0.00      0.80   1777.00      0.00  22088.40      0.00      0.00      0.00      0.00
17:41:35       652.80      0.00  13350.80      1.80   4270.80      0.00      0.00      0.00      0.00
17:41:40         0.00      9.60    561.80      0.00    120.60      0.00      0.00      0.00      0.00
17:41:45         0.00      0.00    332.60      0.00     56.60      0.00      0.00      0.00      0.00
17:41:50         0.00    132.80    225.80      0.00    719.40      0.00      0.00      0.00      0.00
17:41:55         0.00   1188.00    251.00      0.00 121257.60      0.00      0.00      0.00      0.00
17:42:00         0.00      0.00    106.80      0.00     55.00      0.00      0.00      0.00      0.00
17:42:05         0.00    209.98    595.61      0.00    426.35      0.00      0.00      0.00      0.00
17:42:10      1014.40      0.80  15342.80      4.40  25292.40      0.00      0.00      0.00      0.00
17:42:15       198.40      9.60    898.80      1.60    600.20      0.00      0.00      0.00      0.00
17:42:20         0.00      0.00    617.00      0.00  32543.80      0.00      0.00      0.00      0.00
17:42:25       128.00    146.40  14511.60      0.00  23704.00      0.00      0.00      0.00      0.00
17:42:30        40.00      2.40   1548.60      0.60   1004.80      0.00      0.00      0.00      0.00
17:42:35         0.00      0.00    869.20      0.00    965.20      0.00      0.00      0.00      0.00
17:42:40         0.00    194.40    727.00      0.00    511.80      0.00      0.00      0.00      0.00
17:42:45         0.00      0.00    752.20      0.00   2328.60      0.00      0.00      0.00      0.00
17:42:50         0.00     78.40    674.60      0.00   2974.60      0.00      0.00   2425.80      0.00
17:42:55        29.60    168.00    711.40      0.60  37964.40      0.00      0.00  36456.00      0.00
17:43:00       825.60      3.20    476.00      9.00   1894.20      0.00      0.00   1158.20      0.00
17:43:05     10988.80      0.00   1147.00    157.20 230205.20      0.00      0.00      0.00      0.00
17:43:10         0.00      0.00    496.60      0.00   1064.20      0.00      0.00      0.00      0.00
17:43:15         0.00      0.00    476.40      0.00    463.00      0.00      0.00      0.00      0.00
17:43:20         0.00      0.00    449.20      0.00    780.00      0.00      0.00      0.00      0.00
17:43:25         0.00      2.40    482.60      0.00    488.60      0.00      0.00      0.00      0.00
17:43:30         0.80     17.60   1175.20      0.00    860.60      0.00      0.00      0.00      0.00
17:43:35         0.00     18.40   1209.40      0.00    817.20      0.00      0.00      0.00      0.00
17:43:40      1080.80    180.80   1720.80      8.80   1515.40      0.00      0.00      0.00      0.00
17:43:45    143547.20      4.80  18104.60   1599.80  31998.80      0.00      0.00      0.00      0.00
17:43:50        15.20      0.00    549.20      0.20   1249.60      0.00      0.00      0.00      0.00
17:43:55         0.00      4.80   1194.00      0.00   1232.00      0.00      0.00      0.00      0.00
17:44:00         0.00      0.00    930.60      0.00    839.80      0.00      0.00      0.00      0.00
17:44:05         0.00     42.40    232.60      0.00    410.00      0.00      0.00      0.00      0.00
17:44:10         8.00     44.00    127.60      0.20     63.80      0.00      0.00      0.00      0.00
17:44:15         0.00    152.80   2060.20      0.00 181229.20      0.00      0.00      0.00      0.00
17:44:20         0.00     92.00    293.00      0.00    442.40      0.00      0.00      0.00      0.00
17:44:25         0.00      6.40   1178.60      0.00    804.40      0.00      0.00      0.00      0.00
17:44:30       162.40      0.80  15823.00      0.40  26655.20      0.00      0.00      0.00      0.00
17:44:35      4454.40     34.40   4563.20     32.20   2763.20      0.00      0.00      0.00      0.00
17:44:40       799.20     13.60   6810.40      2.40   8954.40      0.00      0.00      0.00      0.00
17:44:45         0.00    145.60    366.60      0.00     64.20      0.00      0.00      0.00      0.00
17:44:50         0.00     12.77   1332.34      0.00    978.44      0.00      0.00      0.00      0.00
17:44:55         0.00    253.60    274.80      0.00   6431.40      0.00      0.00   5867.20      0.00
17:45:00         0.80      0.00    369.40      0.00   6109.00      0.00      0.00   5577.40      0.00
17:45:05         0.00      0.00    566.20      0.00 200920.20      0.00      0.00      0.00      0.00
17:45:10         2.40      0.00     80.40      0.20    465.60      0.00      0.00      0.00      0.00
17:45:15         0.00      0.00     73.80      0.00    194.00      0.00      0.00      0.00      0.00
17:45:20         0.00      0.00     71.60      0.00    157.60      0.00      0.00      0.00      0.00
17:45:25         0.00      0.00     59.40      0.00     29.00      0.00      0.00      0.00      0.00
17:45:30         0.00     18.40    238.80      0.00    170.00      0.00      0.00      0.00      0.00
17:45:35     18130.40     13.60  14613.00    201.60  27350.00      0.00      0.00      0.00      0.00
17:45:40        47.20    164.00    493.20      0.40    106.20      0.00      0.00      0.00      0.00
17:45:45         0.00      0.00    259.60      0.00    985.40      0.00      0.00      0.00      0.00
17:45:50         0.00      0.00    390.80      0.00    476.80      0.00      0.00      0.00      0.00
17:45:55         0.00      0.80    281.40      0.00     30.40      0.00      0.00      0.00      0.00
17:46:00        52.80    268.00    724.40      0.40   9631.60      0.00      0.00   8649.80      0.00
17:46:05        96.80      0.00     18.80      1.40    600.00      0.00      0.00      0.00      0.00
17:46:10     21800.00      0.00   1527.80    801.60 205970.00      0.00      0.00      0.00      0.00
17:46:15         0.00      0.00     42.20      0.00    342.20      0.00      0.00      0.00      0.00
17:46:20         0.00      0.00    100.20      0.00     39.40      0.00      0.00      0.00      0.00
17:46:25         0.00      0.00     46.00      0.00    285.80      0.00      0.00      0.00      0.00
17:46:30         0.00     20.80    333.20      0.00    216.80      0.00      0.00      0.00      0.00
17:46:35         0.00      9.60     26.60      0.00    131.80      0.00      0.00      0.00      0.00
17:46:40     12592.00    174.40   3290.40     70.00  23864.20      0.00      0.00      0.00      0.00
17:46:45      8426.40      0.00  11682.40      1.40   5216.60      0.00      0.00      0.00      0.00
17:46:50        51.20      0.80    339.20      0.40     92.40      0.00      0.00      0.00      0.00
17:46:55         0.00      0.00    274.00      0.00     64.40      0.00      0.00      0.00      0.00
17:47:00         0.00     18.40    465.60      0.00     84.60      0.00      0.00      0.00      0.00
17:47:05         0.00      8.00    348.00      0.00    109.40      0.00      0.00      0.00      0.00
17:47:10       148.00    260.00    455.40      4.80  27361.00      0.00      0.00  25778.80      0.00
17:47:15        63.20      0.00     27.20      2.40    516.60      0.00      0.00    173.20      0.00
17:47:20        26.40      0.00    316.00      0.40 220529.40      0.00      0.00      0.00      0.00
17:47:25         0.00      0.00     52.20      0.00    373.00      0.00      0.00      0.00      0.00
17:47:30         0.00      0.00     90.80      0.00     24.00      0.00      0.00      0.00      0.00
17:47:35         0.00      0.00    296.80      0.00    509.80      0.00      0.00      0.00      0.00
17:47:40         2.40     12.00     55.40      0.20     41.60      0.00      0.00      0.00      0.00
17:47:45         0.00     18.40     58.40      0.00     47.40      0.00      0.00      0.00      0.00
17:47:50         0.00      0.00     78.80      0.00     58.00      0.00      0.00      0.00      0.00
17:47:55     32736.00    179.20   7314.80    431.80  26168.80      0.00      0.00      0.00      0.00
17:48:00     75782.40      0.80   8896.00    912.60   3061.20      0.00      0.00      0.00      0.00
17:48:05         0.00      0.00    548.80      0.00    583.20      0.00      0.00      0.00      0.00
17:48:10         0.00     14.40    295.40      0.00    243.20      0.00      0.00      0.00      0.00
17:48:15         0.00      4.80    269.60      0.00     23.40      0.00      0.00      0.00      0.00
17:48:20         0.00     17.60    287.40      0.00     38.00      0.00      0.00      0.00      0.00
17:48:25         2.40    260.80    296.20      0.20  28026.80      0.00      0.00  26310.00      0.00
17:48:30         0.00      0.00     39.80      0.00    638.00      0.00      0.00      0.00      0.00
17:48:35        25.60      0.00    608.20      0.20 219787.80      0.00      0.00      0.00      0.00
17:48:40        28.00      0.80    479.80      0.00    342.40      0.00      0.00      0.00      0.00
17:48:45         0.00      0.00     79.00      0.00    757.80      0.00      0.00      0.00      0.00
17:48:50         0.00      0.00     90.20      0.00     55.60      0.00      0.00      0.00      0.00
17:48:55         0.00     16.77    211.38      0.00    251.30      0.00      0.00      0.00      0.00
17:49:00         0.00     22.40     17.00      0.00     49.20      0.00      0.00      0.00      0.00
17:49:05         0.00      0.00    462.00      0.00    224.00      0.00      0.00      0.00      0.00
17:49:10     80950.40    177.60   6850.40    712.80  26830.80      0.00      0.00      0.00      0.00
17:49:15     22159.20      0.00   8677.00    167.80   2724.80      0.00      0.00      0.00      0.00
17:49:20         0.00      0.00    552.00      0.00    744.80      0.00      0.00      0.00      0.00
17:49:25         0.00      0.80    290.00      0.00     36.40      0.00      0.00      0.00      0.00
17:49:30         0.00     20.80    486.80      0.00   1753.40      0.00      0.00      0.00      0.00
17:49:35         0.00     22.40    447.60      0.00    420.20      0.00      0.00      0.00      0.00
17:49:40         0.00      1.60    197.00      0.00 174106.20      0.00      0.00      0.00      0.00
17:49:45         0.00    237.60     41.80      0.00   1083.20      0.00      0.00      0.00      0.00
17:49:50         0.00      0.00    105.60      0.00    265.00      0.00      0.00      0.00      0.00
17:49:55         0.00      0.00     40.40      0.00     57.00      0.00      0.00      0.00      0.00
17:50:00         0.00      0.00     30.40      0.00    423.20      0.00      0.00      0.00      0.00
17:50:05        86.40     18.40  14619.80      0.00  25744.80      0.00      0.00      0.00      0.00
17:50:10        51.20     22.40    430.80      0.80    541.60      0.00      0.00      0.00      0.00
17:50:15         0.00    144.80    408.00      0.00    137.80      0.00      0.00      0.00      0.00
17:50:20         0.00      0.80    325.20      0.00    321.60      0.00      0.00      0.00      0.00
17:50:25         0.00      0.80    284.80      0.00 128608.80      0.00      0.00      0.00      0.00
17:50:30         0.00      0.00     55.40      0.00    765.20      0.00      0.00      0.00      0.00
17:50:35         0.00    211.20    328.00      0.00    154.20      0.00      0.00      0.00      0.00
17:50:40         0.00     24.00     68.40      0.00    230.40      0.00      0.00      0.00      0.00
17:50:45      1228.00     10.40  14622.00      5.60  24879.80      0.00      0.00      0.00      0.00
17:50:50        96.80      0.00    387.80      0.80  32367.60      0.00      0.00      0.00      0.00
17:50:55         0.00      0.00     62.80      0.00     39.60      0.00      0.00      0.00      0.00
17:51:00       128.80    128.00  14731.60      0.00  23515.60      0.00      0.00      0.00      0.00
17:51:05        40.00      0.00    869.40      0.60    464.20      0.00      0.00      0.00      0.00
17:51:10         0.00     17.60    309.40      0.00    448.80      0.00      0.00      0.00      0.00
17:51:15         0.00    208.00    201.80      0.00    213.20      0.00      0.00      0.00      0.00
17:51:20         0.00     80.00    362.60      0.00    474.20      0.00      0.00      0.00      0.00
17:51:25         0.00    166.40    258.00      0.00   3051.00      0.00      0.00   3020.20      0.00
17:51:30       384.00      0.00    488.20      7.80  36193.60      0.00      0.00  35225.80      0.00
17:51:35        91.20      0.00     24.80      4.20     12.40      0.00      0.00      0.00      0.00
17:51:40     28132.00      0.00   1799.00    801.80 231367.40      0.00      0.00      0.00      0.00
17:51:45         0.80      0.00     38.80      0.00    232.60      0.00      0.00      0.00      0.00
17:51:50       821.60      4.00   2525.00      6.40   2058.20      0.00      0.00      0.00      0.00
17:51:55         0.00      0.00    806.20      0.00    475.00      0.00      0.00      0.00      0.00
17:52:00         0.00     37.60    383.40      0.00    375.20      0.00      0.00      0.00      0.00
17:52:05       467.20     22.40   2357.80      3.20   2420.40      0.00      0.00      0.00      0.00
17:52:10         7.20      4.80   2700.80      0.20   1931.60      0.00      0.00      0.00      0.00
17:52:15         0.00    180.80     88.60      0.00    884.20      0.00      0.00      0.00      0.00
17:52:20    131972.85      0.80  15873.85   1516.37  30271.86      0.00      0.00      0.00      0.00
17:52:25         4.00      8.80   2070.80      0.40   1741.40      0.00      0.00      0.00      0.00
17:52:30         0.00     33.60    333.80      0.00    953.20      0.00      0.00      0.00      0.00
17:52:35         0.00      9.60    355.80      0.00   1360.00      0.00      0.00      0.00      0.00
17:52:40         0.00     16.00    769.60      0.00    801.20      0.00      0.00      0.00      0.00
17:52:45         0.00      0.00     72.60      0.00     10.60      0.00      0.00      0.00      0.00
17:52:50         0.00    148.80    282.20      0.00 180368.20      0.00      0.00      0.00      0.00
17:52:55         0.00     90.40     70.80      0.00    271.40      0.00      0.00      0.00      0.00
17:53:00         0.00      2.40     65.40      0.00    109.40      0.00      0.00      0.00      0.00
17:53:05       604.80     20.80  14350.60      1.20  25906.60      0.00      0.00      0.00      0.00
17:53:10        44.80     16.00    801.80      0.60    500.00      0.00      0.00      0.00      0.00
17:53:15         0.00      4.80    258.40      0.00    648.80      0.00      0.00      0.00      0.00
17:53:20         0.00      0.80    236.60      0.00     21.80      0.00      0.00      0.00      0.00
17:53:25         0.00    131.20    296.20      0.00    329.80      0.00      0.00      0.00      0.00
17:53:30         8.00    248.80    318.00      0.20   6912.20      0.00      0.00   6588.60      0.00
17:53:35         0.00      0.00     42.40      0.00   4040.40      0.00      0.00   4034.60      0.00
17:53:40         2.40      0.00    566.60      0.20 200488.00      0.00      0.00      0.00      0.00
17:53:45         0.00      0.00     37.20      0.00    450.20      0.00      0.00      0.00      0.00
17:53:50         0.00      0.00    101.40      0.00     36.00      0.00      0.00      0.00      0.00
17:53:55         0.00      0.00     64.20      0.00    368.60      0.00      0.00      0.00      0.00
17:54:00         0.00      0.00     56.00      0.00     46.00      0.00      0.00      0.00      0.00
17:54:05         0.00     26.40     12.60      0.00     82.80      0.00      0.00      0.00      0.00
17:54:10     20380.80      5.60  14847.60    163.60  27087.40      0.00      0.00      0.00      0.00
17:54:15        44.00    163.20    516.40      0.80    978.60      0.00      0.00      0.00      0.00
17:54:20         0.00      0.80    260.00      0.00    420.40      0.00      0.00      0.00      0.00
17:54:25         0.00      0.00    342.60      0.00     32.40      0.00      0.00      0.00      0.00
17:54:30         0.00      0.80    311.40      0.00    471.80      0.00      0.00      0.00      0.00
17:54:35       127.20    277.60    267.80      4.00  10337.60      0.00      0.00   9590.60      0.00
17:54:40       230.40      0.00    322.60      4.20    193.60      0.00      0.00      0.00      0.00
17:54:45      1375.20      0.00    357.80    160.00 205944.40      0.00      0.00      0.00      0.00
17:54:50         0.00      0.00     46.20      0.00     45.00      0.00      0.00      0.00      0.00
17:54:55         0.00      0.00     83.80      0.00    372.80      0.00      0.00      0.00      0.00
17:55:00         0.00      0.00     54.00      0.00     49.80      0.00      0.00      0.00      0.00
17:55:05         0.00     14.40     24.80      0.00     69.80      0.00      0.00      0.00      0.00
17:55:10         0.00     14.40     54.40      0.00     34.80      0.00      0.00      0.00      0.00
17:55:15         0.00      0.00    313.00      0.00    384.80      0.00      0.00      0.00      0.00
17:55:20     37127.20    172.80  14728.60    308.40  27838.60      0.00      0.00      0.00      0.00
17:55:25        84.00      0.80    480.40      1.20    444.60      0.00      0.00      0.00      0.00
17:55:30         0.00      0.80    297.40      0.00     85.20      0.00      0.00      0.00      0.00
17:55:35         0.00      0.00    223.20      0.00      7.60      0.00      0.00      0.00      0.00
17:55:40         0.00     22.40    264.80      0.00     20.80      0.00      0.00      0.00      0.00
17:55:45         1.60    263.20    533.20      0.00  16606.60      0.00      0.00  15626.80      0.00
17:55:50        44.00      0.00    183.60      0.80  11108.80      0.00      0.00  10057.60      0.00
17:55:55     10071.20      0.00    726.20    234.00 219600.00      0.00      0.00      0.00      0.00
17:56:00      2033.60      0.00    328.20    118.40   1130.40      0.00      0.00      0.00      0.00
17:56:05         0.00      0.00     43.91      0.00    530.54      0.00      0.00      0.00      0.00
17:56:10         0.00      0.00     74.20      0.00     35.80      0.00      0.00      0.00      0.00
17:56:15         0.00     16.80    335.40      0.00    477.20      0.00      0.00      0.00      0.00
17:56:20         0.00     16.00     28.80      0.00     11.60      0.00      0.00      0.00      0.00
17:56:25         0.00      0.00     45.80      0.00     22.40      0.00      0.00      0.00      0.00
17:56:30         0.00    178.40     54.00      0.00     60.60      0.00      0.00      0.00      0.00
17:56:35    105172.00      0.80  15401.40   1312.20  29019.80      0.00      0.00      0.00      0.00
17:56:40        59.20      0.00    573.60      0.60    658.40      0.00      0.00      0.00      0.00
17:56:45         0.00     22.40    436.80      0.00    694.20      0.00      0.00      0.00      0.00
17:56:50         0.00      0.00    341.60      0.00     22.20      0.00      0.00      0.00      0.00
17:56:55         0.00     14.40    302.00      0.00    450.20      0.00      0.00      0.00      0.00
17:57:00         0.00    262.40    260.00      0.00  18667.00      0.00      0.00  17942.20      0.00
17:57:05       389.60      0.00    246.80      8.60  20519.40      0.00      0.00  19928.20      0.00
17:57:10      2059.20      0.00     98.80     43.00 104810.80      0.00      0.00    220.00      0.00
17:57:15      7995.20      0.00    974.40    240.20 125984.80      0.00      0.00      0.00      0.00
17:57:20         0.00      0.00     75.40      0.00    450.00      0.00      0.00      0.00      0.00
17:57:25         0.00      0.00     77.80      0.00     22.20      0.00      0.00      0.00      0.00
17:57:30         0.00     20.80     77.80      0.00    228.20      0.00      0.00      0.00      0.00
17:57:35         0.00     10.40     20.20      0.00      6.80      0.00      0.00      0.00      0.00
17:57:40         0.00      0.80     33.20      0.00     20.60      0.00      0.00      0.00      0.00
17:57:45         0.00    179.20    306.00      0.00    398.40      0.00      0.00      0.00      0.00
17:57:50     76494.40      0.80   7070.60    506.80  27047.00      0.00      0.00      0.00      0.00
17:57:55     59390.40      0.00   8777.40    675.40   3529.00      0.00      0.00      0.00      0.00
17:58:00         0.00     21.60    521.80      0.00    937.60      0.00      0.00      0.00      0.00
17:58:05         0.00      4.80    207.20      0.00      5.60      0.00      0.00      0.00      0.00
17:58:10         0.00      9.60    450.20      0.00    420.60      0.00      0.00      0.00      0.00
17:58:15         0.00      0.00    447.00      0.00    393.00      0.00      0.00      0.00      0.00
17:58:20         0.00    149.60    461.80      0.00 179555.80      0.00      0.00      0.00      0.00
17:58:25         0.00     90.40     85.60      0.00    960.60      0.00      0.00      0.00      0.00
17:58:30         0.00     19.20    108.80      0.00    307.20      0.00      0.00      0.00      0.00
17:58:35         0.00      0.80    592.60      0.00  21758.00      0.00      0.00      0.00      0.00
17:58:40       302.40      0.00  14448.60      2.00   4574.80      0.00      0.00      0.00      0.00
17:58:45         0.00     14.40    775.20      0.00   1223.80      0.00      0.00      0.00      0.00
17:58:50         0.00      0.00    354.80      0.00    229.40      0.00      0.00      0.00      0.00
17:58:55         0.00    132.80    451.20      0.00    315.40      0.00      0.00      0.00      0.00
17:59:00         0.00      1.60    235.00      0.00 139332.80      0.00      0.00      0.00      0.00
17:59:05         0.00     21.60    290.60      0.00    637.40      0.00      0.00      0.00      0.00
17:59:10         0.00    120.00    112.20      0.00    243.20      0.00      0.00      0.00      0.00
17:59:15         0.00     92.80   2069.60      0.00  21875.20      0.00      0.00      0.00      0.00
17:59:20      1339.20     14.40  13482.40      6.20   4366.00      0.00      0.00      0.00      0.00
17:59:25        20.80      0.00    299.00      0.20  31685.80      0.00      0.00      0.00      0.00
17:59:30         0.00      0.00     95.80      0.00     62.20      0.00      0.00      0.00      0.00
17:59:35       125.60    161.60  14543.20      0.00  23593.80      0.00      0.00      0.00      0.00
17:59:40        34.40      2.40    451.40      0.40    446.20      0.00      0.00      0.00      0.00
17:59:45         0.00      0.00    452.40      0.00    438.60      0.00      0.00      0.00      0.00
17:59:50         0.00    195.20    271.00      0.00     28.60      0.00      0.00      0.00      0.00
17:59:55         0.00     14.40    273.20      0.00    174.80      0.00      0.00      0.00      0.00
18:00:00        11.20    255.20    270.40      0.20  22277.00      0.00      0.00  22210.40      0.00
18:00:05       578.40      0.00     56.20      7.80   6363.40      0.00      0.00   5980.60      0.00
18:00:10       469.60      0.00    543.80      4.40 219228.00      0.00      0.00      0.00      0.00
18:00:15         0.00      0.00     35.00      0.00    969.80      0.00      0.00      0.00      0.00
18:00:20         0.00      0.00    386.00      0.00    183.60      0.00      0.00      0.00      0.00
18:00:25       322.40      0.00    573.00      3.80    411.20      0.00      0.00      0.00      0.00
18:00:30       401.60     40.80   1308.60      2.00   1611.60      0.00      0.00      0.00      0.00
18:00:35         0.00      9.60    270.40      0.00    469.80      0.00      0.00      0.00      0.00
18:00:40         0.00      1.60    479.60      0.00    443.80      0.00      0.00      0.00      0.00
18:00:45         0.00    176.80    639.20      0.00    637.20      0.00      0.00      0.00      0.00
18:00:50    111844.80      0.80  16281.60   1511.40  29478.60      0.00      0.00      0.00      0.00
18:00:55        40.80      0.00    841.80      0.40   1085.80      0.00      0.00      0.00      0.00
18:01:00         0.00     32.00    646.20      0.00    848.40      0.00      0.00      0.00      0.00
18:01:05         0.00      4.80    748.60      0.00    879.80      0.00      0.00      0.00      0.00
18:01:10         0.00      9.60    691.80      0.00    572.80      0.00      0.00      0.00      0.00
18:01:15         0.00    262.40    722.40      0.00  30302.40      0.00      0.00  28402.60      0.00
18:01:20        84.80      0.00    482.80      2.00  10392.00      0.00      0.00   9959.40      0.00
18:01:25     15772.80      7.20   2332.00    396.60 229836.60      0.00      0.00      0.00      0.00
18:01:30        42.40      1.60    412.40      0.20   1960.60      0.00      0.00      0.00      0.00
18:01:35         0.00     23.20     86.00      0.00    366.80      0.00      0.00      0.00      0.00
18:01:40         0.00      0.00    230.80      0.00    253.80      0.00      0.00      0.00      0.00
18:01:45         0.00     11.20     57.20      0.00    180.60      0.00      0.00      0.00      0.00
18:01:50         0.00      9.60     32.60      0.00     24.00      0.00      0.00      0.00      0.00
18:01:55         0.00      0.00    280.40      0.00    152.80      0.00      0.00      0.00      0.00
18:02:00         0.00    192.80     62.80      0.00     39.80      0.00      0.00      0.00      0.00
18:02:05    126768.00      0.80  15659.20   1308.20  30004.60      0.00      0.00      0.00      0.00
18:02:10       127.20     21.60    489.80      3.00    163.40      0.00      0.00      0.00      0.00
18:02:15         0.00      0.00    255.20      0.00   1257.40      0.00      0.00      0.00      0.00
18:02:20         0.00     12.80    215.80      0.00     17.20      0.00      0.00      0.00      0.00
18:02:25         0.00      9.60    659.00      0.00    537.00      0.00      0.00      0.00      0.00
18:02:30         0.00      0.00    180.00      0.00     57.00      0.00      0.00      0.00      0.00
18:02:35         0.00    150.40    412.20      0.00 180232.00      0.00      0.00      0.00      0.00
18:02:40         0.00    104.80     88.00      0.00     21.40      0.00      0.00      0.00      0.00
18:02:45         0.00      0.00     29.40      0.00   1020.00      0.00      0.00      0.00      0.00
18:02:50       115.20      0.80   9480.20      0.00  24261.20      0.00      0.00      0.00      0.00
18:02:55        97.60     12.80   5657.20      1.00   2191.20      0.00      0.00      0.00      0.00
18:03:00         0.00      9.60    321.80      0.00     37.60      0.00      0.00      0.00      0.00
18:03:05         0.00    132.00    263.40      0.00     30.20      0.00      0.00      0.00      0.00
18:03:10         0.00     17.60    287.00      0.00     39.40      0.00      0.00      0.00      0.00
18:03:15         0.00      0.00    263.80      0.00    221.80      0.00      0.00      0.00      0.00
18:03:20         1.60    237.60     71.80      0.20   7080.20      0.00      0.00   6422.00      0.00
18:03:25         0.00      0.00    479.40      0.00 200611.20      0.00      0.00      0.00      0.00
18:03:30         0.00      0.00     94.80      0.00    267.00      0.00      0.00      0.00      0.00
18:03:35         0.00      0.00     88.20      0.00     24.00      0.00      0.00      0.00      0.00
18:03:40        28.00      0.00     58.20      0.40    273.00      0.00      0.00      0.00      0.00
18:03:45         0.00      0.00     28.40      0.00    224.00      0.00      0.00      0.00      0.00
18:03:50         0.00     20.00     29.80      0.00    171.00      0.00      0.00      0.00      0.00
18:03:55     11308.00     10.40  14697.20    107.80  26714.60      0.00      0.00      0.00      0.00
18:04:00        32.80    164.00    486.20      0.80    582.40      0.00      0.00      0.00      0.00
18:04:05         0.00      0.80    277.20      0.00    852.40      0.00      0.00      0.00      0.00
18:04:10         0.00      0.00    398.80      0.00     34.20      0.00      0.00      0.00      0.00
18:04:15         0.00      0.00    261.40      0.00    544.80      0.00      0.00      0.00      0.00
18:04:20         0.80    274.40    267.00      0.00   6768.60      0.00      0.00   6105.00      0.00
18:04:25         0.80      0.00     27.80      0.00   1572.60      0.00      0.00   1565.80      0.00
18:04:30         0.79      0.00    825.35      0.00 204097.03      0.00      0.00      0.00      0.00
18:04:35         0.00      0.00     55.40      0.00     49.80      0.00      0.00      0.00      0.00
18:04:40        27.20      0.00    110.00      0.00    454.60      0.00      0.00      0.00      0.00
18:04:45         0.00      0.00     33.60      0.00    225.20      0.00      0.00      0.00      0.00
18:04:50         0.00      0.00     40.20      0.00    165.60      0.00      0.00      0.00      0.00
18:04:55         0.00     29.60     13.00      0.00      7.40      0.00      0.00      0.00      0.00
18:05:00         0.00      0.00    354.20      0.00    218.00      0.00      0.00      0.00      0.00
18:05:05     40202.40    174.40  14999.20    306.40  27575.20      0.00      0.00      0.00      0.00
18:05:10        79.20      0.00    363.60      1.20    463.00      0.00      0.00      0.00      0.00
18:05:15         0.00      0.00    246.60      0.00    224.20      0.00      0.00      0.00      0.00
18:05:20         0.00      0.00    242.20      0.00     26.00      0.00      0.00      0.00      0.00
18:05:25         0.00     17.60    248.20      0.00      6.20      0.00      0.00      0.00      0.00
18:05:30        28.80    266.40    596.80      0.40  24953.00      0.00      0.00  23886.80      0.00
18:05:35       359.20      0.00    250.20      8.40   1346.80      0.00      0.00    800.40      0.00
18:05:40     17887.20      0.00   1244.80    601.40 220879.80      0.00      0.00     31.20      0.00
18:05:45         0.00      0.00     30.40      0.00    288.20      0.00      0.00      0.00      0.00
18:05:50         0.00      0.00     38.80      0.00    548.60      0.00      0.00      0.00      0.00
18:05:55         0.00      0.00     21.20      0.00      5.80      0.00      0.00      0.00      0.00
18:06:00         0.00      8.00    298.80      0.00    377.00      0.00      0.00      0.00      0.00
18:06:05         0.00     23.20     29.20      0.00     23.80      0.00      0.00      0.00      0.00
18:06:10         0.00      0.00     56.00      0.00     38.40      0.00      0.00      0.00      0.00
18:06:15     41265.60    176.80   4750.60    466.40  24391.80      0.00      0.00      0.00      0.00
18:06:20     44688.00      0.80  10761.60    693.00   5155.40      0.00      0.00      0.00      0.00
18:06:25         0.00      0.00    322.20      0.00      4.80      0.00      0.00      0.00      0.00
18:06:30       492.80     20.00   2347.80      2.40   1177.80      0.00      0.00      0.00      0.00
18:06:35         0.00      0.00    370.20      0.00    116.40      0.00      0.00      0.00      0.00
18:06:40         0.00     26.40   1660.60      0.00   2073.40      0.00      0.00      0.00      0.00
18:06:45        77.60      4.00   1682.40      0.60   1368.60      0.00      0.00      0.00      0.00
18:06:50         0.00    237.60    590.60      0.00 184191.00      0.00      0.00      0.00      0.00
18:06:55         0.00      4.00   1544.60      0.00    499.00      0.00      0.00      0.00      0.00
18:07:00        33.60     51.20   2278.40      0.40   2907.00      0.00      0.00      0.00      0.00
18:07:05         0.00      0.00     83.03      0.00    702.79      0.00      0.00      0.00      0.00
18:07:10         0.00      0.00     85.80      0.00     80.20      0.00      0.00      0.00      0.00
18:07:15       103.20     24.00  14945.80      0.60  26911.60      0.00      0.00      0.00      0.00
18:07:20         0.00    156.00   1769.20      0.00    937.40      0.00      0.00      0.00      0.00
18:07:25      2754.40      6.40   1925.40      0.80   1956.40      0.00      0.00      0.00      0.00
18:07:30         0.00     52.00    620.80      0.00  88019.00      0.00      0.00      0.00      0.00
18:07:35      3121.60      8.00   3740.60     30.20   2980.20      0.00      0.00      0.00      0.00
18:07:40         0.00      7.20    801.20      0.00   2619.20      0.00      0.00      0.00      0.00
18:07:45      1086.40      0.80  14917.80      4.20  24309.20      0.00      0.00      0.00      0.00
18:07:50       143.20    230.40   2029.80      1.80   1380.00      0.00      0.00      0.00      0.00
18:07:55         0.00     21.60    166.60      0.00  32341.20      0.00      0.00      0.00      0.00
18:08:00       112.00   2520.00  14957.40      0.00  23821.60      0.00      0.00      0.00      0.00
18:08:05        24.80    168.00   2624.80      0.40   2639.80      0.00      0.00      0.00      0.00
18:08:10         0.00      8.00   2057.40      0.00   1141.40      0.00      0.00      0.00      0.00
18:08:15         0.00      3.20    863.20      0.00    222.60      0.00      0.00      0.00      0.00
18:08:20         4.00    184.80    810.80      0.20    705.00      0.00      0.00      0.00      0.00
18:08:25         0.00    283.20    304.40      0.00   6511.40      0.00      0.00   6391.00      0.00
18:08:30         2.40      0.00     40.60      0.00   1433.20      0.00      0.00      0.00      0.00
18:08:35         0.00      0.00    793.60      0.00 196807.60      0.00      0.00      0.00      0.00
18:08:40         0.00      0.00     83.60      0.00    139.80      0.00      0.00      0.00      0.00
18:08:45         0.00      0.00     36.40      0.00    438.40      0.00      0.00      0.00      0.00
18:08:50         0.00      0.00    108.80      0.00     92.00      0.00      0.00      0.00      0.00
18:08:55         0.00      0.00     84.80      0.00    237.60      0.00      0.00      0.00      0.00
18:09:00         0.80     20.80   5532.00      0.00  23922.40      0.00      0.00      0.00      0.00
18:09:05     10056.80     12.80   9661.60    118.20   3636.00      0.00      0.00      0.00      0.00
18:09:10         0.00    160.00    330.60      0.00     54.80      0.00      0.00      0.00      0.00
18:09:15         0.00      0.00    270.80      0.00      5.60      0.00      0.00      0.00      0.00
18:09:20         0.00      0.00    444.60      0.00   1770.60      0.00      0.00      0.00      0.00
18:09:25         0.00      0.80    295.00      0.00     31.80      0.00      0.00      0.00      0.00
18:09:30         0.80    274.40    123.80      0.00   5316.60      0.00      0.00   4645.20      0.00
18:09:35         0.80      0.00    662.00      0.00 199697.80      0.00      0.00      0.00      0.00
18:09:40        27.20      0.00     58.00      0.00    768.80      0.00      0.00      0.00      0.00
18:09:45         0.00      0.00     71.20      0.00    447.00      0.00      0.00      0.00      0.00
18:09:50         0.00      0.00     80.60      0.00    354.60      0.00      0.00      0.00      0.00
18:09:55         0.00      0.00     61.20      0.00    160.00      0.00      0.00      0.00      0.00
18:10:00         0.00      9.60     26.80      0.00     10.40      0.00      0.00      0.00      0.00
18:10:05     16384.80     23.20  14934.20     75.80  27409.40      0.00      0.00      0.00      0.00
18:10:10        52.80    161.60    523.00      0.60    162.40      0.00      0.00      0.00      0.00
18:10:15         0.00      0.00    257.00      0.00    537.40      0.00      0.00      0.00      0.00
18:10:20         0.00      0.80    434.40      0.00    957.60      0.00      0.00      0.00      0.00
18:10:25         0.00      0.80    315.60      0.00    439.20      0.00      0.00      0.00      0.00
18:10:30         1.60    274.40    284.60      0.00   9554.60      0.00      0.00   8893.40      0.00
18:10:35        48.80      0.00    152.40      0.60   1493.00      0.00      0.00   1424.20      0.00
18:10:40         2.40      0.00    829.00      0.20 206307.40      0.00      0.00    169.00      0.00
18:10:45         0.00      0.00     58.20      0.00     38.60      0.00      0.00      0.00      0.00
18:10:50         0.00      0.00    127.60      0.00    520.80      0.00      0.00      0.00      0.00
18:10:55         0.00      0.00     64.40      0.00     30.60      0.00      0.00      0.00      0.00
18:11:00         0.00      8.00     37.40      0.00    128.40      0.00      0.00      0.00      0.00
18:11:05         0.00     21.60     15.60      0.00     10.00      0.00      0.00      0.00      0.00
18:11:10         0.00    172.00    327.00      0.00    206.40      0.00      0.00      0.00      0.00
18:11:15     44796.00      0.80  15022.20    715.20  27694.20      0.00      0.00      0.00      0.00
18:11:20        20.80      0.00    376.40      0.60    709.60      0.00      0.00      0.00      0.00
18:11:25         0.00      1.60    270.20      0.00     31.20      0.00      0.00      0.00      0.00
18:11:30         0.00      0.00    245.00      0.00     23.40      0.00      0.00      0.00      0.00
18:11:35         0.00     17.60    243.40      0.00     15.20      0.00      0.00      0.00      0.00
18:11:40         0.80    269.60    559.20      0.00  18680.80      0.00      0.00  17964.80      0.00
18:11:45       452.80      0.00     98.20      8.60   8494.20      0.00      0.00   7856.00      0.00
18:11:50     16935.20      0.00   1247.40    600.40 220286.40      0.00      0.00    163.00      0.00
18:11:55         0.00      0.00     60.40      0.00   1273.60      0.00      0.00      0.00      0.00
18:12:00         0.00      0.00     99.80      0.00    444.00      0.00      0.00      0.00      0.00
18:12:05         0.00      8.00     43.00      0.00      9.60      0.00      0.00      0.00      0.00
18:12:10       104.00      0.00    280.60      0.80    292.40      0.00      0.00      0.00      0.00
18:12:15         0.00     22.40     53.80      0.00      9.20      0.00      0.00      0.00      0.00
18:12:20         0.00      0.80     68.60      0.00    259.80      0.00      0.00      0.00      0.00
18:12:25         0.00    178.40     44.40      0.00     28.20      0.00      0.00      0.00      0.00
18:12:30     88930.40      0.80  15151.40    784.60  29476.60      0.00      0.00      0.00      0.00
18:12:35        47.20     18.40    508.00      0.60    319.20      0.00      0.00      0.00      0.00
18:12:40        25.60      0.00    549.20      0.20    598.80      0.00      0.00      0.00      0.00
18:12:45         0.00      0.00    332.80      0.00     15.40      0.00      0.00      0.00      0.00
18:12:50         0.00     21.60    308.40      0.00    668.80      0.00      0.00      0.00      0.00
18:12:55       145.60    259.20    278.20      2.20  19270.80      0.00      0.00  18684.80      0.00
18:13:00       217.60      0.00    144.60      2.60  19071.60      0.00      0.00  17840.60      0.00
18:13:05      1116.80      0.00     47.60     23.80 189421.40      0.00      0.00      0.00      0.00
18:13:10     12629.60      0.00   1275.00    286.80  41175.40      0.00      0.00      0.00      0.00
18:13:15         0.00      0.00     67.00      0.00     10.80      0.00      0.00      0.00      0.00
18:13:20         0.00      0.00     84.40      0.00    441.00      0.00      0.00      0.00      0.00
18:13:25         0.00     12.00     63.00      0.00     30.40      0.00      0.00      0.00      0.00
18:13:30         0.00     22.40     49.60      0.00     22.20      0.00      0.00      0.00      0.00
18:13:35        25.60      0.00     20.80      0.20      8.60      0.00      0.00      0.00      0.00
18:13:40         0.00    180.00    312.00      0.00    192.60      0.00      0.00      0.00      0.00
18:13:45     59978.40      0.80   7554.40    792.60  26164.40      0.00      0.00      0.00      0.00
18:13:50     74444.80      0.80   8589.40    733.20   4213.40      0.00      0.00      0.00      0.00
18:13:55         0.00     16.80    329.60      0.00    482.60      0.00      0.00      0.00      0.00
18:14:00         0.00      0.00    245.20      0.00      9.20      0.00      0.00      0.00      0.00
18:14:05         0.00     22.40    495.80      0.00    703.20      0.00      0.00      0.00      0.00
18:14:10         0.00      0.00    409.40      0.00    111.80      0.00      0.00      0.00      0.00
18:14:15         0.00    151.70     14.17      0.00 179416.57      0.00      0.00      0.00      0.00
18:14:20         0.00     91.20    317.40      0.00   1199.40      0.00      0.00      0.00      0.00
18:14:25         0.00      0.00    115.40      0.00    236.60      0.00      0.00      0.00      0.00
18:14:30         0.00      0.00     64.00      0.00     23.80      0.00      0.00      0.00      0.00
18:14:35       289.60     12.80  14771.80      2.20  25446.00      0.00      0.00      0.00      0.00
18:14:40         0.00      9.60    756.80      0.00    782.20      0.00      0.00      0.00      0.00
18:14:45         0.00     12.80    426.40      0.00    216.20      0.00      0.00      0.00      0.00
18:14:50         0.00    132.80    503.00      0.00    553.80      0.00      0.00      0.00      0.00
18:14:55         0.00      0.00    445.60      0.00 139101.40      0.00      0.00      0.00      0.00
18:15:00         0.00      0.80     40.40      0.00    599.00      0.00      0.00      0.00      0.00
18:15:05         0.00    140.00     66.40      0.00    225.80      0.00      0.00      0.00      0.00
18:15:10         0.00     92.00    294.40      0.00    143.20      0.00      0.00      0.00      0.00
18:15:15      1024.80     11.20  14951.60      4.80  25562.20      0.00      0.00      0.00      0.00
18:15:20         0.00     12.80    415.40      0.00  28640.60      0.00      0.00      0.00      0.00
18:15:25         0.00      0.80     70.40      0.00     77.20      0.00      0.00      0.00      0.00
18:15:30       121.60    128.80  14755.00      0.00  23790.00      0.00      0.00      0.00      0.00
18:15:35        17.60     23.20    472.20      0.40    433.20      0.00      0.00      0.00      0.00
18:15:40         0.00      0.80    255.20      0.00     22.00      0.00      0.00      0.00      0.00
18:15:45         0.00    196.00    505.20      0.00    183.00      0.00      0.00      0.00      0.00
18:15:50         0.00     10.40    298.40      0.00    263.40      0.00      0.00      0.00      0.00
18:15:55         0.00    248.80    265.00      0.00  13283.00      0.00      0.00  13249.40      0.00
18:16:00        26.40      0.00    100.60      0.60  13206.20      0.00      0.00  13171.60      0.00
18:16:05        29.60      0.00     16.20      0.40   2131.40      0.00      0.00    172.20      0.00
18:16:10     14102.40      0.00   1036.00    510.80 216629.60      0.00      0.00      0.00      0.00
18:16:15         0.00      0.00    334.20      0.00    592.20      0.00      0.00      0.00      0.00
18:16:20        13.60      0.00    107.20      0.20    247.20      0.00      0.00      0.00      0.00
18:16:25         0.00      8.80     66.80      0.00    340.60      0.00      0.00      0.00      0.00
18:16:30         0.00     23.20     45.60      0.00     20.00      0.00      0.00      0.00      0.00
18:16:35         0.00      0.00     15.40      0.00     18.60      0.00      0.00      0.00      0.00
18:16:40         0.00      0.00     32.20      0.00     19.60      0.00      0.00      0.00      0.00
18:16:45     77352.80    175.20  15450.00    672.60  29186.20      0.00      0.00      0.00      0.00
18:16:50        44.80      0.00    389.00      0.60    271.00      0.00      0.00      0.00      0.00
18:16:55         0.00      0.80    248.00      0.00     29.60      0.00      0.00      0.00      0.00
18:17:00         0.00     16.80    244.20      0.00      8.20      0.00      0.00      0.00      0.00
18:17:05         0.00      9.60    265.80      0.00     10.60      0.00      0.00      0.00      0.00
18:17:10        23.20    265.60    249.40      0.40   4150.60      0.00      0.00   3316.00      0.00
18:17:15        92.00      0.00    298.80      1.60    993.80      0.00      0.00      0.00      0.00
18:17:20      5481.60      4.00   2374.00    127.80 200415.00      0.00      0.00      0.00      0.00
18:17:25        39.20      3.20   1933.20      0.20   1196.20      0.00      0.00      0.00      0.00
18:17:30         0.00      0.00    161.80      0.00     49.20      0.00      0.00      0.00      0.00
18:17:35         0.00      0.00    233.00      0.00    237.40      0.00      0.00      0.00      0.00
18:17:40        28.00     26.40     39.80      0.40     22.00      0.00      0.00      0.00      0.00
18:17:45         0.00     22.40    304.00      0.00    380.40      0.00      0.00      0.00      0.00
18:17:50      9565.60    168.00  14370.00      1.20  28636.80      0.00      0.00      0.00      0.00
18:17:55        72.00      0.00    528.80      0.60     55.60      0.00      0.00      0.00      0.00
18:18:00         0.00      0.00    373.40      0.00    951.20      0.00      0.00      0.00      0.00
18:18:05         0.00      0.00    330.60      0.00      9.00      0.00      0.00      0.00      0.00
18:18:10         0.00     24.80    304.00      0.00    470.40      0.00      0.00      0.00      0.00
18:18:15       144.00    259.20    458.00      1.80  10893.20      0.00      0.00  10227.20      0.00
18:18:20         0.80      0.00     70.40      0.00    332.20      0.00      0.00      0.00      0.00
18:18:25         0.00      0.00    565.20      0.00 205956.60      0.00      0.00      0.00      0.00
18:18:30         0.00      0.00    286.00      0.00    360.60      0.00      0.00      0.00      0.00
18:18:35         0.00      0.00     92.20      0.00     20.00      0.00      0.00      0.00      0.00
18:18:40         0.00      0.00     51.80      0.00    371.40      0.00      0.00      0.00      0.00
18:18:45         0.00     22.40    303.40      0.00    374.20      0.00      0.00      0.00      0.00
18:18:50         0.00      9.60     36.00      0.00    106.80      0.00      0.00      0.00      0.00
18:18:55         0.00    171.20     52.40      0.00    138.80      0.00      0.00      0.00      0.00
18:19:00     43460.80      3.20  14810.00    572.80  27692.80      0.00      0.00      0.00      0.00
18:19:05        39.20      0.00    786.00      0.80    458.40      0.00      0.00      0.00      0.00
18:19:10         0.00      0.00    283.40      0.00     39.80      0.00      0.00      0.00      0.00
18:19:15         0.00      0.00    506.40      0.00    175.80      0.00      0.00      0.00      0.00
18:19:20         0.00     22.40    412.80      0.00    402.20      0.00      0.00      0.00      0.00
18:19:25         1.60    273.60    278.80      0.00  15003.40      0.00      0.00  14278.80      0.00
18:19:30       544.80      0.00    147.60      9.40  12744.40      0.00      0.00  11629.20      0.00
18:19:35      5248.00      0.00    173.40    107.00 218675.20      0.00      0.00      0.00      0.00
18:19:40     13114.40      0.00    684.60    278.80   2178.00      0.00      0.00      0.00      0.00
18:19:45         0.00      0.00    355.00      0.00    181.20      0.00      0.00      0.00      0.00
18:19:50         0.00      0.00     61.20      0.00    424.80      0.00      0.00      0.00      0.00
18:19:55         0.00     20.00     70.60      0.00     44.00      0.00      0.00      0.00      0.00
18:20:00         0.00     12.00     47.00      0.00     28.60      0.00      0.00      0.00      0.00
18:20:05         0.00      0.00     29.94      0.00     12.97      0.00      0.00      0.00      0.00
18:20:10         0.00    176.00     47.40      0.00     35.20      0.00      0.00      0.00      0.00
18:20:15     77390.40      0.80  15423.20    857.80  28238.60      0.00      0.00      0.00      0.00
18:20:20        36.00      0.00    608.40      0.60   1015.60      0.00      0.00      0.00      0.00
18:20:25         0.00     17.60    370.00      0.00    629.00      0.00      0.00      0.00      0.00
18:20:30         0.00     12.00    526.60      0.00    666.00      0.00      0.00      0.00      0.00
18:20:35         0.00      9.60    271.40      0.00    292.60      0.00      0.00      0.00      0.00
18:20:40         0.00      0.80     89.20      0.00     25.20      0.00      0.00      0.00      0.00
18:20:45         0.00      0.00    168.00      0.00 175466.40      0.00      0.00      0.00      0.00
18:20:50         0.00    240.00    315.80      0.00    576.80      0.00      0.00      0.00      0.00
18:20:55         0.00      0.00     45.80      0.00     33.00      0.00      0.00      0.00      0.00
18:21:00         0.00     13.60     63.20      0.00    431.60      0.00      0.00      0.00      0.00
18:21:05        85.60     12.80   6456.60      0.00  24185.60      0.00      0.00      0.00      0.00
18:21:10        87.20      9.60   8191.60      1.20   2005.40      0.00      0.00      0.00      0.00
18:21:15         0.00      0.00    450.40      0.00    624.00      0.00      0.00      0.00      0.00
18:21:20         0.00    144.80    545.60      0.00   1683.40      0.00      0.00      0.00      0.00
18:21:25         0.00      0.00    305.40      0.00    371.20      0.00      0.00      0.00      0.00
18:21:30         0.00     18.40    326.80      0.00 132906.60      0.00      0.00      0.00      0.00
18:21:35         0.00      0.00    101.40      0.00     32.60      0.00      0.00      0.00      0.00
18:21:40         0.00    225.60    100.20      0.00     24.20      0.00      0.00      0.00      0.00
18:21:45       584.00     10.40  14836.40      1.20  24896.00      0.00      0.00      0.00      0.00
18:21:50       286.40      0.00    826.40      2.40    816.80      0.00      0.00      0.00      0.00
18:21:55         0.00      0.00     78.00      0.00  25574.40      0.00      0.00      0.00      0.00
18:22:00       120.80      3.20  14321.20      0.00  23062.60      0.00      0.00      0.00      0.00
18:22:05        23.20    148.00    650.00      0.40    830.40      0.00      0.00      0.00      0.00
18:22:10         0.00      0.00    287.20      0.00     53.60      0.00      0.00      0.00      0.00
18:22:15         0.00     12.80    235.80      0.00     11.80      0.00      0.00      0.00      0.00
18:22:20         0.00    206.40    492.80      0.00    168.80      0.00      0.00      0.00      0.00
18:22:25         0.00     67.20    272.60      0.00    138.00      0.00      0.00     99.80      0.00
18:22:30       156.00    172.00    158.60      2.40  23215.20      0.00      0.00  22850.40      0.00
18:22:35        28.80      0.00     49.80      0.60   1976.60      0.00      0.00    106.00      0.00
18:22:40     15497.60      0.00   1012.00    510.80 216857.40      0.00      0.00      0.00      0.00
18:22:45         0.00      0.00     76.60      0.00    266.20      0.00      0.00      0.00      0.00
18:22:50         0.00      0.00    328.20      0.00    190.60      0.00      0.00      0.00      0.00
18:22:55         0.00      0.00     78.60      0.00    150.20      0.00      0.00      0.00      0.00
18:23:00         0.00     20.80     21.40      0.00     23.80      0.00      0.00      0.00      0.00
18:23:05         0.00     11.20     56.40      0.00     37.00      0.00      0.00      0.00      0.00
18:23:10     11246.40      0.80   2927.60     54.00  23826.20      0.00      0.00      0.00      0.00
18:23:15     66596.00    173.60  12439.60    688.60   5557.80      0.00      0.00      0.00      0.00
18:23:20         0.00      0.00    531.40      0.00    401.00      0.00      0.00      0.00      0.00
18:23:25         0.00      0.00    307.60      0.00     40.00      0.00      0.00      0.00      0.00
18:23:30         0.00     19.20    251.80      0.00    163.80      0.00      0.00      0.00      0.00
18:23:35         0.00     12.80    294.60      0.00    149.60      0.00      0.00      0.00      0.00
18:23:40         0.80    262.40    133.80      0.00   5061.60      0.00      0.00   4647.20      0.00
18:23:45         0.80      0.00    410.60      0.00 199355.40      0.00      0.00      0.00      0.00
18:23:50         0.00      0.00    305.80      0.00    953.60      0.00      0.00      0.00      0.00
18:23:55         0.00      0.00    111.40      0.00    555.20      0.00      0.00      0.00      0.00
18:24:00         0.00      0.00     21.20      0.00     14.40      0.00      0.00      0.00      0.00
18:24:05         0.00      0.00     70.80      0.00    342.80      0.00      0.00      0.00      0.00
18:24:10         0.00      8.80     55.40      0.00     65.60      0.00      0.00      0.00      0.00
18:24:15      8636.80     23.20  14276.60     65.20  27061.60      0.00      0.00      0.00      0.00
18:24:20        21.60    162.40    729.00      0.60    292.00      0.00      0.00      0.00      0.00
18:24:25         0.00      0.00    303.00      0.00    453.20      0.00      0.00      0.00      0.00
18:24:30         0.00      0.80    249.80      0.00     42.60      0.00      0.00      0.00      0.00
18:24:35         0.00      0.00    371.00      0.00    618.00      0.00      0.00      0.00      0.00
18:24:40         0.00      0.00    273.00      0.00    520.20      0.00      0.00      0.20      0.00
18:24:45        35.20    272.00     87.80      0.20   7941.80      0.00      0.00   7580.80      0.00
18:24:50        24.80      0.00    614.20      0.20 205523.00      0.00      0.00      0.00      0.00
18:24:55         0.00      0.00     80.80      0.00     38.80      0.00      0.00      0.00      0.00
18:25:00         0.00      0.00     69.40      0.00    349.40      0.00      0.00      0.00      0.00
18:25:05         0.00      0.00     73.20      0.00    202.00      0.00      0.00      0.00      0.00
18:25:10        28.80      0.00     70.00      0.20    138.80      0.00      0.00      0.00      0.00
18:25:15         0.00      8.80     26.20      0.00      9.00      0.00      0.00      0.00      0.00
18:25:20         0.00     24.00     16.20      0.00     44.20      0.00      0.00      0.00      0.00
18:25:25     34255.20    171.20  14985.00    441.60  27586.80      0.00      0.00      0.00      0.00
18:25:30        14.40      0.80    343.60      0.60    469.00      0.00      0.00      0.00      0.00
18:25:35         0.00      0.00    311.60      0.00    204.00      0.00      0.00      0.00      0.00
18:25:40         0.00      0.00    274.00      0.00     26.40      0.00      0.00      0.00      0.00
18:25:45         0.00      0.00    288.00      0.00      6.80      0.00      0.00      0.00      0.00
18:25:50         0.00     16.80    110.00      0.00     54.40      0.00      0.00      0.00      0.00
18:25:55         0.00    165.60    651.80      0.00 184665.20      0.00      0.00      0.00      0.00
18:26:00         0.00     92.00     31.40      0.00    221.40      0.00      0.00      0.00      0.00
18:26:05         0.00      0.00     84.20      0.00     34.80      0.00      0.00      0.00      0.00
18:26:10         0.00      0.00     69.80      0.00    353.80      0.00      0.00      0.00      0.00
18:26:15         0.00      0.00     37.80      0.00      5.20      0.00      0.00      0.00      0.00
18:26:20        75.05      0.80  14455.49      0.00  26117.37      0.00      0.00      0.00      0.00
18:26:25        56.80     29.60    771.20      0.60    398.40      0.00      0.00      0.00      0.00
18:26:30         0.00    162.40    409.00      0.00     30.80      0.00      0.00      0.00      0.00
18:26:35         0.00      0.00    127.40      0.00  87760.00      0.00      0.00      0.00      0.00
18:26:40         0.00      0.80     61.20      0.00     22.60      0.00      0.00      0.00      0.00
18:26:45         0.00      0.00     90.60      0.00     31.60      0.00      0.00      0.00      0.00
18:26:50       279.20    220.00  15044.00      1.80  24868.80      0.00      0.00      0.00      0.00
18:26:55       514.40     35.20   2558.20      3.80  23966.60      0.00      0.00      0.00      0.00
18:27:00         0.00     13.60   4557.00      0.00  19914.00      0.00      0.00      0.00      0.00
18:27:05       120.80    119.20  10479.80      0.00   4010.00      0.00      0.00      0.00      0.00
18:27:10         0.00      0.00    623.60      0.00    668.80      0.00      0.00      0.00      0.00
18:27:15         0.00      0.00    319.80      0.00     67.20      0.00      0.00      0.00      0.00
18:27:20         0.00    184.80    419.80      0.00    806.80      0.00      0.00      0.00      0.00
18:27:25         0.00     95.20   1180.20      0.00    743.20      0.00      0.00      0.00      0.00
18:27:30       205.60    180.00    307.00      3.20  22788.40      0.00      0.00  22317.80      0.00
18:27:35         0.80      4.00   1123.80      0.00   2555.40      0.00      0.00      0.00      0.00
18:27:40     15452.00      4.00   2774.80    512.00 217897.60      0.00      0.00      0.00      0.00
18:27:45         0.00      0.00     66.20      0.00    736.20      0.00      0.00      0.00      0.00
18:27:50         0.00      0.00    304.20      0.00    588.60      0.00      0.00      0.00      0.00
18:27:55         0.00      0.00    123.40      0.00    142.60      0.00      0.00      0.00      0.00
18:28:00         0.00     37.60   1292.00      0.00    534.00      0.00      0.00      0.00      0.00
18:28:05      1438.40     28.80   2757.60      5.00   2803.40      0.00      0.00      0.00      0.00
18:28:10      8828.00    174.40   2461.60     48.80  24175.80      0.00      0.00      0.00      0.00
18:28:15     68128.00      0.00  12917.80    688.00   5908.80      0.00      0.00      0.00      0.00
18:28:20     22192.80      8.00   3383.00      0.40   2703.20      0.00      0.00      0.00      0.00
18:28:25         0.00      0.00    288.60      0.00     52.40      0.00      0.00      0.00      0.00
18:28:30         0.00     47.20   2116.20      0.00   1574.00      0.00      0.00      0.00      0.00
18:28:35         3.20     18.40   2417.60      0.00   1502.20      0.00      0.00      0.00      0.00
18:28:40       315.20    288.00   2220.40      9.40  11930.60      0.00      0.00   9810.00      0.00
18:28:45      7972.80      4.00   1699.00    384.40 200858.20      0.00      0.00      0.00      0.00
18:28:50         4.80      4.00   1591.40      0.00   2234.80      0.00      0.00      0.00      0.00
18:28:55         0.00      0.00    114.20      0.00    396.40      0.00      0.00      0.00      0.00
18:29:00         0.00      0.00     76.60      0.00   1598.20      0.00      0.00      0.00      0.00
18:29:05         0.00     26.40    563.80      0.00    588.40      0.00      0.00      0.00      0.00
18:29:10         0.00     12.80    470.20      0.00    535.60      0.00      0.00      0.00      0.00
18:29:15     15217.60     20.80  14594.40     79.60  26385.00      0.00      0.00      0.00      0.00
18:29:20         0.00    160.80    622.60      0.00    509.60      0.00      0.00      0.00      0.00
18:29:25         0.00      0.00    444.00      0.00    540.00      0.00      0.00      0.00      0.00
18:29:30         0.00      0.00    339.80      0.00    280.60      0.00      0.00      0.00      0.00
18:29:35         0.00     28.00    367.20      0.00    367.40      0.00      0.00      0.00      0.00
18:29:40        98.40      5.60   1337.80      0.80 121790.20      0.00      0.00      0.00      0.00
18:29:45       120.00     12.80    288.60      0.00  41982.20      0.00      0.00      0.00      0.00
18:29:50      5288.00    241.60   1112.20      0.80   3811.60      0.00      0.00      0.00      0.00
18:29:55         0.00      0.00    240.60      0.00    430.40      0.00      0.00      0.00      0.00
18:30:00         0.00      1.60     54.40      0.00    587.00      0.00      0.00      0.00      0.00
18:30:05         8.80      0.80  14841.00      0.20  26333.60      0.00      0.00      0.00      0.00
18:30:10         0.00     46.40    801.20      0.00    461.40      0.00      0.00      0.00      0.00
18:30:15         0.00    141.60    188.20      0.00  70312.20      0.00      0.00      0.00      0.00
18:30:20         0.00     12.80    140.20      0.00     93.00      0.00      0.00      0.00      0.00
18:30:25        45.60     10.40  13989.40      0.40  23573.00      0.00      0.00      0.00      0.00
18:30:30       131.20      0.00   1297.60      1.20    475.60      0.00      0.00      0.00      0.00
18:30:35         0.00    210.40    147.20      0.00  18488.20      0.00      0.00      0.00      0.00
18:30:40         0.00     25.60  14838.60      0.00  23467.80      0.00      0.00      0.00      0.00
18:30:45         0.00      0.00    678.00      0.00    666.60      0.00      0.00      0.00      0.00
18:30:50         0.00    100.00    391.80      0.00    290.80      0.00      0.00      0.00      0.00
18:30:55         0.00     96.80    337.80      0.00    120.00      0.00      0.00      0.00      0.00
18:31:00         0.00    100.00    574.00      0.00    247.20      0.00      0.00      0.00      0.00
18:31:05        63.20    232.00    336.40      0.80  27154.00      0.00      0.00  26660.80      0.00
18:31:10       303.20      0.00    157.20      3.60    138.00      0.00      0.00      0.00      0.00
18:31:15      7831.20      4.00    737.00    176.40 218303.00      0.00      0.00      0.00      0.00
18:31:20         0.00      0.00    138.80      0.00    118.00      0.00      0.00      0.00      0.00
18:31:25         0.00      0.00    172.40      0.00    376.60      0.00      0.00      0.00      0.00
18:31:30         0.00      0.00    149.80      0.00    135.60      0.00      0.00      0.00      0.00
18:31:35         0.00      0.00    132.60      0.00    315.80      0.00      0.00      0.00      0.00
18:31:40         0.00     23.20    153.20      0.00    136.80      0.00      0.00      0.00      0.00
18:31:45         0.00      0.00    114.20      0.00    131.40      0.00      0.00      0.00      0.00
18:31:50    106384.00    188.80  15641.40   1394.60  29375.00      0.00      0.00      0.00      0.00
18:31:55        14.40      0.80    607.80      0.40    226.60      0.00      0.00      0.00      0.00
18:32:00         0.00      0.00    457.60      0.00    982.60      0.00      0.00      0.00      0.00
18:32:05         0.00      0.00    632.20      0.00    516.00      0.00      0.00      0.00      0.00
18:32:10         0.00     11.20    198.00      0.00    869.40      0.00      0.00      0.00      0.00
18:32:15         0.00      9.60    268.80      0.00 139333.00      0.00      0.00      0.00      0.00
18:32:20         0.00    248.00    178.80      0.00    160.80      0.00      0.00      0.00      0.00
18:32:25         0.00      0.00    306.40      0.00    194.20      0.00      0.00      0.00      0.00
18:32:30         0.00      0.80  14951.20      0.00  25468.20      0.00      0.00      0.00      0.00
18:32:35         0.00      0.00    146.40      0.00  11433.20      0.00      0.00      0.00      0.00
18:32:40         0.00      0.80  14927.20      0.00  23099.20      0.00      0.00      0.00      0.00
18:32:45         0.00    140.80    554.20      0.00    134.60      0.00      0.00      0.00      0.00
18:32:50         0.00     28.80    421.40      0.00    590.80      0.00      0.00      0.00      0.00
18:32:55         0.00      0.00    365.00      0.00    129.20      0.00      0.00      0.00      0.00
18:33:00         0.00    259.20    400.40      0.00    454.40      0.00      0.00      0.00      0.00
18:33:05         0.00      0.00    166.80      0.00    118.80      0.00      0.00      0.00      0.00
18:33:10         0.00      0.00    511.40      0.00 178220.80      0.00      0.00      0.00      0.00
18:33:15         0.00    141.60    159.20      0.00    121.60      0.00      0.00      0.00      0.00
18:33:20         0.00      0.00    174.40      0.00    346.00      0.00      0.00      0.00      0.00
18:33:25         0.00     34.40    136.40      0.00    132.00      0.00      0.00      0.00      0.00
18:33:30         0.00     17.60   1737.00      0.00    921.20      0.00      0.00      0.00      0.00
18:33:35         0.00      1.60  14653.80      0.00  26162.40      0.00      0.00      0.00      0.00
18:33:40         0.00      1.60    304.00      0.00    599.40      0.00      0.00      0.00      0.00
18:33:45         0.00    152.00    472.00      0.00  49705.20      0.00      0.00      0.00      0.00
18:33:50         0.00      0.80  14588.60      0.00  22955.00      0.00      0.00      0.00      0.00
18:33:55         0.00     35.20    642.20      0.00  10969.60      0.00      0.00      0.00      0.00
18:34:00       314.40     85.60  10152.00      0.60  23390.40      0.00      0.00      0.00      0.00
18:34:05         0.00    160.00   9591.00      0.00   4148.80      0.00      0.00      0.00      0.00
18:34:10         0.00     91.20    758.60      0.00   1621.60      0.00      0.00      0.00      0.00
18:34:15         0.00    104.00   3388.60      0.00   2433.60      0.00      0.00      0.00      0.00
18:34:20         0.00      2.40    351.20      0.00 108119.80      0.00      0.00      0.00      0.00
18:34:25         0.00    165.60     78.40      0.00    378.60      0.00      0.00      0.00      0.00
18:34:30       405.60    109.60   2826.60      2.00   2023.20      0.00      0.00      0.00      0.00
18:34:35         0.00    163.20  14717.80      0.00  24924.60      0.00      0.00      0.00      0.00
18:34:40      4220.80      4.00   4896.40     32.00  10124.00      0.00      0.00      0.00      0.00
Average:      3935.49     45.30   1888.70     50.66  19456.27      0.00      0.00    993.81      0.00

17:26:15    kbmemfree   kbavail kbmemused  %memused kbbuffers  kbcached  kbcommit   %commit  kbactive   kbinact   kbdirty
17:26:20      3112800   5066572   2817460     34.26     77668   2039616  14841552    180.47   1786656   3006508      2324
17:26:25      2245664   4199452   3684564     44.80     77668   2039632  14840140    180.45   1787216   3871772      1272
17:26:30      1416204   3326748   4557312     55.42     77668   1996344  14842520    180.48   1498904   4977356      1228
17:26:35      1401432   2594060   5290448     64.33     40220   1316288  14844464    180.50    700492   5791412       104
17:26:40      1411908   2491608   5392836     65.58     40224   1203420  14844936    180.51    700804   5765508       144
17:26:45      5843872   7058304    825912     10.04     40224   1338380  14845864    180.52    781872   1272172      1092
17:26:50      5859784   7074496    809948      9.85     40224   1338428  14845864    180.52    782068   1254164      1116
17:26:55      5855688   7070408    814036      9.90     40224   1338436  14845864    180.52    782068   1254436      1124
17:27:00      5854932   7069656    814788      9.91     40224   1338440  14845864    180.52    782068   1259792      1128
17:27:05      5854680   7069412    815032      9.91     40224   1338448  14845864    180.52    782060   1262092      1020
17:27:10      5862236   7076976    807468      9.82     40224   1338456  14845864    180.52    782060   1244412       972
17:27:15      5862488   7077236    807208      9.82     40224   1338464  14845864    180.52    782060   1243140       980
17:27:20      5862488   7077244    807200      9.82     40224   1338472  14845864    180.52    782060   1243792       100
17:27:25      5338996   7258604    625948      7.61     40360   2043340  13779456    167.55   1274044   1312928      1328
17:27:30      4684208   6605428   1279276     15.56     40360   2044800  14829844    180.33   1275048   1968736      1344
17:27:35      3792856   5714080   2170624     26.39     40360   2044804  14831936    180.35   1275048   2860876      1256
17:27:40      2933328   4854560   3030144     36.85     40360   2044812  14833908    180.38   1275048   3720636      1264
17:27:45      2017608   3938852   3945852     47.98     40360   2044824  14835780    180.40   1275048   4627972      1232
17:27:50      1648636   3569884   4314820     52.47     40360   2044828  14836624    180.41   1275048   4997596      1244
17:27:55      5192608   7114524    770180      9.37     40360   2045496  14837548    180.42   1275048   1425992      1932
17:28:00      5196704   7118624    766080      9.32     40360   2045500  14837548    180.42   1275048   1427208       740
17:28:05      5185644   7107628    777076      9.45     40360   2045564  14837548    180.42   1275052   1444256       880
17:28:10      5315112   7255356    628704      7.64     40420   2063760  13805740    167.87   1617672    963900      1872
17:28:15      4768624   6709264   1174768     14.28     40420   2064156  14832656    180.36   1617716   1503012      1876
17:28:20      3920196   5860848   2023184     24.60     40420   2064168  14835736    180.40   1617800   2340632      1856
17:28:25      3071156   5011812   2872228     34.93     40420   2064172  14838472    180.43   1617800   3202380      1864
17:28:30      2177884   4118836   3765180     45.78     40420   2064468  14841256    180.47   1617924   4105308      1320
17:28:35      1431084   3243512   4640528     56.43     30260   1946080  14844120    180.50   1325628   5134116      1324
17:28:40      1425496   3114360   4769748     58.00     30264   1822632  14844592    180.51   1095216   5370292       128
17:28:45      5396968   7086648    797452      9.70     30264   1823456  14845520    180.52   1095256   1396692       980
17:28:50      5264716   6969260    914756     11.12     30268   1838308  14985360    182.22   1109948   1526204      1028
17:28:55      5060204   6765492   1118520     13.60     30632   1838688  15222244    185.10   1110676   1730820      1048
17:29:00      5048548   6754056   1129920     13.74     30632   1838904  15229688    185.19   1110860   1724860      1072
17:29:05      4914280   6619804   1264164     15.37     30632   1838920  15398116    187.24   1110860   1865124      1112
17:29:10      5300716   7006252    877716     10.67     30632   1838932  14849228    180.56   1110972   1386724       960
17:29:15      5369672   7158016    726212      8.83     31392   1920928  14834492    180.38   1247356   1234040      2096
17:29:20      4827140   6615700   1268524     15.42     31392   1921144  14836696    180.41   1247524   1788928      1288
17:29:25      3935284   5723856   2160368     26.27     31392   1921152  14839428    180.44   1247524   2680648      1292
17:29:30      3121300   4909880   2974340     36.17     31392   1921160  14841776    180.47   1247524   3507436      1300
17:29:35      2255336   4043924   3840296     46.70     31392   1921168  14844180    180.50   1247524   4390976      1308
17:29:40      1433508   3195940   4688972     57.02     22800   1904536  14846644    180.53   1235124   5221368      1176
17:29:45      1425564   2728820   5157524     62.71     22456   1447124  14848016    180.55    832472   5639500        20
17:29:50      1425564   2728892   5157564     62.71     22456   1447084  14848016    180.55    832520   5627600        36
17:29:55      5695624   7096852    789592      9.60     22464   1544988  14848944    180.56    923716   1272540       948
17:30:00      5692388   7093636    792820      9.64     22464   1544996  14848944    180.56    923728   1273836       956
17:30:05      5691340   7092596    793860      9.65     22464   1545004  14848944    180.56    923728   1277144       964
17:30:10      5681504   7086456    799992      9.73     23596   1547568  14845236    180.51    927656   1286340      1084
17:30:15      5681252   7086208    800240      9.73     23596   1547572  14845236    180.51    927656   1280624       944
17:30:20      5681252   7086216    800232      9.73     23596   1547580  14845236    180.51    927656   1277620       964
17:30:25      5680444   7087432    798932      9.71     23728   1549396  14832716    180.36    929224   1274636      1064
17:30:30      5492500   7325168    559428      6.80     70308   1926636  13768628    167.42   1344000   1094732      1404
17:30:35      4957096   6804496   1080196     13.13     70308   1941152  14819888    180.21   1352800   1608100      1440
17:30:40      4043312   5890724   1993964     24.25     70308   1941164  14822948    180.24   1352800   2512068      1428
17:30:45      3172556   5020024   2864620     34.83     70308   1941220  14838528    180.43   1352876   3393988      1268
17:30:50      2319260   4166744   3717836     45.21     70308   1941224  14837216    180.42   1352980   4246248      1340
17:30:55      1457588   3304568   4580000     55.69     70308   1940740  14839968    180.45   1299748   5149992      1340
17:31:00      1431280   3027124   4857728     59.07     69272   1691088  14840920    180.46   1067428   5394292        20
17:31:05      5509644   7106524    778424      9.47     69272   1692024  14841848    180.47   1067556   1325464       904
17:31:10      5515788   7112680    772272      9.39     69272   1692032  14841848    180.47   1067556   1310512       920
17:31:15      5515788   7112688    772264      9.39     69272   1692040  14841848    180.47   1067556   1308940       928
17:31:20      5516772   7113692    771268      9.38     69272   1692060  14841848    180.47   1067556   1313568       968
17:31:25      5511304   7108264    776696      9.44     69272   1692100  14841848    180.47   1067576   1326472      1068
17:31:30      5496492   7095248    789672      9.60     69276   1693932  14841848    180.47   1069288   1343664       952
17:31:35      5486384   7085196    799760      9.72     69276   1693952  14841848    180.47   1069328   1331212      1032
17:31:40      5373008   7183020    701504      8.53     69988   1904084  14827360    180.30   1316328   1208248      1420
17:31:45      4783184   6593764   1290756     15.70     69988   1904652  14829764    180.33   1316512   1805924      1424
17:31:50      3869776   5680368   2204152     26.80     69988   1904660  14832600    180.36   1316512   2710456      1432
17:31:55      3001424   4812024   3072492     37.36     69988   1904668  14834988    180.39   1316512   3583368      1436
17:32:00      2108496   3919104   3965408     48.22     69988   1904676  14837428    180.42   1316512   4468580      1208
17:32:05      1425252   3104200   4781944     58.15     69884   1774912  14839900    180.45    987536   5482152        12
17:32:10      1431252   2750744   5135784     62.45     22000   1463636  14840948    180.46    977236   5490720        44
17:32:15      5758684   7101468    784884      9.54     22000   1487104  14840948    180.46    997864   1131192        52
17:32:20      5660000   7127596    758964      9.23     22008   1611700  14841876    180.47   1117328   1137376       952
17:32:25      5519288   6987112    899448     10.94     22008   1611928  14845704    180.52   1117572   1143972      1048
17:32:30      5650360   7118196    768360      9.34     22008   1611940  14845704    180.52   1117572   1145412       960
17:32:35      5638072   7105912    780644      9.49     22008   1611944  14845704    180.52   1117572   1154372       964
17:32:40      5638072   7105920    780636      9.49     22008   1611952  14845704    180.52   1117572   1152264       944
17:32:45      5638072   7105924    780628      9.49     22008   1611960  14845704    180.52   1117572   1152660       952
17:32:50      5638072   7105936    780620      9.49     22008   1611968  14845704    180.52   1117572   1152364       968
17:32:55      5410336   7236428    648204      7.88     69836   1920404  14831188    180.34   1434708   1086140      1332
17:33:00      4754536   6580808   1303828     15.85     69836   1920576  14832868    180.36   1434836   1744084      1336
17:33:05      3829032   5655316   2229316     27.11     69836   1920588  14834804    180.39   1434844   2655656      1256
17:33:10      2991148   4817436   3067196     37.30     69836   1920592  14836520    180.41   1434844   3499812      1236
17:33:15      2643368   4469664   3414968     41.53     69836   1920600  14837276    180.42   1434844   3839784      1244
17:33:20      5309668   7136652    747972      9.10     69836   1921280  14838204    180.43   1434844   1164840      1936
17:33:25      5309668   7136668    747956      9.09     69836   1921292  14838204    180.43   1434844   1163420      1952
17:33:30      5309668   7136676    747948      9.09     69836   1921300  14838204    180.43   1434844   1164340       780
17:33:35      5430904   7263116    621244      7.55     69844   1926480  13788140    167.66   1702536    759540      1880
17:33:40      4787164   6621232   1263120     15.36     69844   1928332  14840888    180.46   1703172   1410912      1776
17:33:45      5328556   7163388    720960      8.77     69844   1929088  14841812    180.47   1703180    853444      2136
17:33:50      5585560   7421692    467404      5.68     69844   1930388   9826708    119.49   1708668    666004      2820
17:33:55      5039068   6875480   1008844     12.27     69844   1930660  14832368    180.36   1709448   1144152      2232
17:34:00      4195292   6031796   1852528     22.53     69844   1930752  14835424    180.39   1709448   1995904      2236
17:34:05      3334376   5170888   2713436     32.99     69844   1930760  14837864    180.42   1709448   2862928      2244
17:34:10      2488876   4325392   3558932     43.28     69844   1930764  14840216    180.45   1709448   3707360      1096
17:34:15      1613428   3449952   4434372     53.92     69844   1930772  14842684    180.48   1709448   4578812       776
17:34:20      1438900   2691480   5192856     63.14     67588   1349132  14844740    180.51    876476   5573072        28
17:34:25      1438472   2527776   5356584     65.13     67588   1185848  14849444    180.57    597068   5850232        44
17:34:30      5989420   7079652    804704      9.78     67588   1186780  14850372    180.58    597092   1310496       972
17:34:35      6013836   7104084    780276      9.49     67588   1186788  14850372    180.58    597092   1285764       980
17:34:40      6013836   7104092    780268      9.49     67588   1186796  14850372    180.58    597096   1286716       988
17:34:45      6009740   7100004    784356      9.54     67588   1186804  14850372    180.58    597096   1291164       996
17:34:50      6009740   7100008    784352      9.54     67588   1186808  14850372    180.58    597096   1291248       940
17:34:55      6009740   7100020    784340      9.54     67588   1186820  14850372    180.58    597096   1293636       956
17:35:00      6009740   7100024    784336      9.54     67588   1186824  14850372    180.58    597096   1294052       952
17:35:05      6009740   7100032    784328      9.54     67588   1186832  14850372    180.58    597096   1294580        68
17:35:10      5443428   7303860    580732      7.06     67660   1957020  13783956    167.61   1049904   1433264      1312
17:35:15      4783092   6645516   1239192     15.07     67660   1958892  14834300    180.38   1051560   2087416      1320
17:35:20      3900940   5763372   2121332     25.79     67660   1958900  14836408    180.41   1051720   2969784      1236
17:35:25      3044280   4906716   2977988     36.21     67660   1958904  14838348    180.43   1051720   3830612      1252
17:35:30      2130684   3993128   3891604     47.32     67660   1958916  14840228    180.45   1051720   4734944      1268
17:35:35      1721084   3583540   4301196     52.30     67660   1958924  14841180    180.46   1051720   5148028      1276
17:35:40      5280500   7143616    741116      9.01     67660   1959588  14842104    180.48   1051720   1574172      1220
17:35:45      5282216   7145344    739392      8.99     67660   1959596  14842104    180.48   1051720   1573144       772
17:35:50      5281964   7145100    739636      8.99     67660   1959604  14842104    180.48   1051720   1575844       704
17:35:55      5571344   7437288    451856      5.49     67660   1962520   7729056     93.98   1634672    756392      1356
17:36:00      4970516   6838152   1046072     12.72     67660   1964092  14836860    180.41   1635908   1310092      1816
17:36:05      4074628   5942272   1942016     23.61     67660   1964100  14840120    180.45   1635908   2202548      1816
17:36:10      3167492   5035148   2849140     34.64     67660   1964112  14842948    180.49   1635908   3102916      1180
17:36:15      2368600   4236260   3648028     44.36     67660   1964116  14845452    180.52   1635908   3898964      1184
17:36:20      1520728   3388396   4495888     54.67     67660   1964124  14848280    180.55   1635908   4750332      1084
17:36:25      1445312   3143836   4740452     57.64     43708   1818936  14849112    180.56   1087904   5359428        28
17:36:30      5403324   7102732    781548      9.50     43708   1819828  14850040    180.57   1087952   1388092       880
17:36:35      5403332   7102756    781532      9.50     43708   1819836  14850040    180.57   1087952   1388760       888
17:36:40      5403332   7102760    781528      9.50     43708   1819840  14850040    180.57   1087960   1391568       892
17:36:45      5404168   7103608    780680      9.49     43708   1819852  14850040    180.57   1087960   1390500       904
17:36:50      5404168   7103612    780676      9.49     43708   1819856  14850040    180.57   1087960   1392508       908
17:36:55      5404168   7103620    780668      9.49     43708   1819864  14850040    180.57   1087960   1394916       864
17:37:00      5491408   7254068    630528      7.67     43776   1883056  13786556    167.64   1257136   1149380      2036
17:37:05      4937992   6700952   1183700     14.39     43776   1883300  14837328    180.42   1257244   1701476      1224
17:37:10      4043584   5806552   2078096     25.27     43776   1883308  14840176    180.45   1257284   2589356      1240
17:37:15      3187520   4950492   2934156     35.68     43776   1883312  14842756    180.48   1257284   3456656      1244
17:37:20      2274076   4037060   3847588     46.79     43776   1883324  14845392    180.52   1257284   4363228      1256
17:37:25      1431436   3191348   4693116     57.07     43780   1880432  14848056    180.55   1362084   5088920      1180
17:37:30      1424792   3018908   4867724     59.19     19916   1740300  14848724    180.56   1496524   4956100        24
17:37:35      5498324   7093216    793416      9.65     19916   1741076  14849652    180.57   1496524    911092       820
17:37:40      5510548   7105540    781096      9.50     19916   1741176  14849652    180.57   1496524    884324       920
17:37:45      5510548   7105552    781084      9.50     19916   1741188  14849652    180.57   1496524    885992       948
17:37:50      5507528   7102540    784096      9.53     19916   1741196  14849652    180.57   1496524    887716       960
17:37:55      5506772   7101792    784844      9.54     19916   1741204  14849652    180.57   1496524    890596       968
17:38:00      5503724   7098752    787884      9.58     19916   1741212  14849652    180.57   1496524    891512       920
17:38:05      5503724   7098756    787880      9.58     19916   1741216  14849652    180.57   1496524    894912       924
17:38:10      5451020   7219748    664924      8.09     45896   1887280  14835276    180.39   1690244    764972      1284
17:38:15      4937068   6706060   1178616     14.33     45896   1887536  14837300    180.42   1690436   1281636      1288
17:38:20      4048552   5817548   2067128     25.14     45896   1887540  14840120    180.45   1690436   2162920      1292
17:38:25      3190632   4959636   2925040     35.57     45896   1887548  14842584    180.48   1690436   3026348      1308
17:38:30      2289512   4058524   3826148     46.52     45900   1887552  14845044    180.51   1690440   3928360      1208
17:38:35      1435664   3183912   4700756     57.16     45896   1866796  14847568    180.54   1430168   5022760        16
17:38:40      1434132   2724372   5160292     62.75     45896   1408792  14848900    180.56    927940   5525612        28
17:38:45      1435604   2723672   5160924     62.76     45896   1406688  14848900    180.56    921156   5516472        32
17:38:50      5811240   7100364    784308      9.54     45896   1407668  14849828    180.57    921248   1150184       956
17:38:55      5807668   7096800    787872      9.58     45896   1407672  14849828    180.57    921248   1154656       968
17:39:00      5675364   6964504    920168     11.19     45896   1407680  14849828    180.57    921248   1157792       976
17:39:05      5798880   7088028    796644      9.69     45896   1407688  14849828    180.57    921248   1165432      1016
17:39:10      5796864   7086020    798652      9.71     45896   1407696  14849828    180.57    921248   1165944       936
17:39:15      5796864   7086028    798644      9.71     45896   1407704  14849828    180.57    921248   1166032       944
17:39:20      5800088   7089256    795416      9.67     45896   1407708  14849828    180.57    921248   1160784       948
17:39:25      5566316   7328096    556752      6.77     45900   1880556  13785648    167.63   1342292   1021984      1300
17:39:30      5024976   6848456   1036644     12.61     45900   1942004  14836736    180.41   1391764   1510996      1308
17:39:35      4169420   5992912   1892188     23.01     45900   1942012  14839624    180.45   1391764   2351804      1316
17:39:40      3307212   5130716   2754384     33.49     45904   1942020  14842152    180.48   1391768   3223144      1232
17:39:45      2454992   4278504   3606596     43.86     45904   1942028  14844500    180.51   1391768   4071260      1240
17:39:50      1587020   3410540   4474560     54.41     45904   1942036  14846920    180.53   1391768   4930856      1252
17:39:55      1434476   2702088   5184704     63.04     45776   1387904  14848832    180.56    937576   5525828        20
17:40:00      1436980   2556184   5330540     64.82     37784   1247556  14849404    180.56    779712   5687984        36
17:40:05      5848572   7098608    787936      9.58     37796   1378556  14850332    180.58    899596   1168348       952
17:40:10      5852120   7102464    784304      9.54     37796   1378640  14850332    180.58    899824   1141280       976
17:40:15      5864076   7114428    772340      9.39     37796   1378648  14850332    180.58    899828   1143920       984
17:40:20      5862060   7112420    774348      9.42     37796   1378656  14850332    180.58    899828   1143212       992
17:40:25      5849836   7100204    786564      9.56     37796   1378664  14850332    180.58    899828   1146168       972
17:40:30      5849836   7100212    786556      9.56     37796   1378672  14850332    180.58    899828   1148780       932
17:40:35      5849836   7100216    786552      9.56     37796   1378676  14850332    180.58    899828   1149072       940
17:40:40      5849836   7100228    786540      9.56     37796   1378688  14850332    180.58    899828   1151264        64
17:40:45      5361268   7232036    652596      7.94     70100   1964940  14832684    180.36   1443272   1119804      1304
17:40:50      4757048   6628500   1256236     15.28     70100   1965508  14834276    180.38   1443776   1715156      1316
17:40:55      3897204   5768664   2116068     25.73     70100   1965520  14836304    180.41   1443816   2573612      1268
17:41:00      3100912   4972380   2912356     35.41     70100   1965524  14838016    180.43   1443816   3371920      1272
17:41:05      2192672   4064148   3820588     46.46     70100   1965532  14839904    180.45   1443816   4273148      1236
17:41:10      1684012   3555492   4329244     52.64     70100   1965536  14841068    180.46   1443816   4784920      1248
17:41:15      5249588   7121744    762976      9.28     70100   1966212  14841992    180.47   1443816   1208900      1212
17:41:20      5255732   7127908    756820      9.20     70100   1966220  14841992    180.47   1443816   1201500       768
17:41:25      5237180   7111700    773024      9.40     70380   1968300  14838164    180.43   1444164   1207852       796
17:41:30      5656372   7531496    359828      4.38     70380   1968892   3862604     46.97   1653328    666636      1416
17:41:35      5005396   6884264   1000368     12.16     70380   1972632  14832728    180.36   1656808   1238512      7672
17:41:40      4120536   5999412   1885220     22.92     70380   1972640  14836220    180.40   1656808   2122280      7636
17:41:45      3219544   5098428   2786204     33.88     70380   1972648  14839604    180.45   1656808   3027344      7648
17:41:50      2880268   4759160   3125472     38.00     70380   1972656  14840824    180.46   1656808   3365136      6996
17:41:55      5260932   7140468    744152      9.05     70380   1973284  14841752    180.47   1656808    964892      1716
17:42:00      5260932   7140472    744148      9.05     70380   1973288  14841752    180.47   1656808    966000      1728
17:42:05      5260932   7140480    744148      9.05     70380   1973296  14841752    180.47   1656808    970032       696
17:42:10      5239160   7124652    759548      9.24     70380   1979336  14838104    180.43   1692276    964616      1732
17:42:15      4664056   6550912   1333396     16.21     70380   1980588  14843244    180.49   1692604   1546380      1952
17:42:20      5288632   7175592    708712      8.62     70380   1980684  14843244    180.49   1692616    918000      2052
17:42:25      5403824   7292164    591960      7.20     70380   1982052  13782728    167.59   1697916    786476      2068
17:42:30      4889068   6777628   1106460     13.45     70380   1982268  14833204    180.37   1697964   1303396      2092
17:42:35      4005908   5894472   1989612     24.19     70380   1982272  14835928    180.40   1697964   2187176      2100
17:42:40      3116412   5004984   2879104     35.01     70380   1982280  14838472    180.43   1697964   3085476      1240
17:42:45      2258564   4147152   3736948     45.44     70380   1982292  14841000    180.46   1697964   3935556      1180
17:42:50      1437628   3277612   4606316     56.01     58760   1945472  14843352    180.49   1414068   5030416       800
17:42:55      1442752   2553836   5330232     64.81     58756   1216504  14845460    180.52    771284   5671124        24
17:43:00      1442656   2534668   5349424     65.05     58756   1197408  14845576    180.52    724028   5719344        20
17:43:05      5801072   6948968    935152     11.37     58756   1253264  14846504    180.53    776856   1162644       956
17:43:10      5960236   7108144    775984      9.44     58756   1253272  14846504    180.53    776868   1162264       972
17:43:15      5959480   7107392    776732      9.44     58756   1253276  14846504    180.53    776868   1163232       976
17:43:20      5958472   7106396    777720      9.46     58756   1253288  14846504    180.53    776868   1165336       988
17:43:25      5958472   7106400    777716      9.46     58756   1253292  14846504    180.53    776868   1165860      1000
17:43:30      5950992   7098948    785176      9.55     58760   1253316  14846504    180.53    776856   1172752       980
17:43:35      5935616   7083728    800392      9.73     58760   1253472  14846504    180.53    776856   1180756      1144
17:43:40      5941808   7095496    788468      9.59     58900   1258760  14852660    180.60    779280   1184748       300
17:43:45      5299768   7172268    712200      8.66     58904   1977684  14831180    180.34   1490128   1134108      1560
17:43:50      4525184   6397904   1486680     18.08     58904   1977788  14833440    180.37   1490172   1895144      1572
17:43:55      3632888   5505628   2378952     28.93     58904   1977808  14839208    180.44   1490364   2786808      1588
17:44:00      2834100   4706860   3177720     38.64     58904   1977824  14840932    180.46   1490364   3592348      1604
17:44:05      1952616   3825388   4059248     49.36     58904   1977840  14842832    180.48   1490364   4467844      1424
17:44:10      1683352   3556180   4328460     52.63     58904   1977892  14843456    180.49   1490364   4732960      1256
17:44:15      5242316   7115828    768804      9.35     58904   1978576  14840672    180.46   1490680   1162152      1296
17:44:20      5247420   7120948    763684      9.29     58904   1978592  14840672    180.46   1490680   1163592       864
17:44:25      5239608   7113164    771468      9.38     58904   1978620  14840672    180.46   1490680   1171292       900
17:44:30      5297464   7172880    711504      8.65     58904   1980484  14833852    180.38   1663368    922524      1968
17:44:35      4725424   6623164   1261088     15.33     59096   2002592  14884864    181.00   1666220   1494380      1848
17:44:40      3897060   5798824   2085404     25.36     59100   2006608  14839068    180.44   1677172   2310876      1932
17:44:45      3043168   4944944   2939280     35.74     59100   2006624  14841788    180.47   1677172   3183748      1240
17:44:50      2153036   4054836   3829392     46.56     59100   2006644  14848364    180.55   1677188   4085604      1228
17:44:55      1459160   3243556   4640644     56.43     44284   1904168  14850988    180.58   1195120   5252276        12
17:45:00      1455540   3128172   4756368     57.84     21456   1815428  14851440    180.59   1085080   5364752        36
17:45:05      5423800   7097252    787280      9.57     21456   1816256  14852368    180.60   1085080   1382896       888
17:45:10      5419704   7093192    791348      9.62     21456   1816284  14852368    180.60   1085092   1383308       912
17:45:15      5420996   7094504    790036      9.61     21456   1816304  14852368    180.60   1085092   1381136       932
17:45:20      5420996   7094512    790028      9.61     21456   1816312  14852368    180.60   1085092   1383656       948
17:45:25      5420996   7094528    790012      9.61     21456   1816328  14852368    180.60   1085092   1384508       964
17:45:30      5420996   7094540    790000      9.61     21456   1816340  14852368    180.60   1085092   1386040       900
17:45:35      5386324   7151656    733172      8.92     21456   1908128  14837564    180.42   1172948   1339476      2036
17:45:40      4680112   6445692   1439136     17.50     21456   1908376  14840440    180.46   1173036   2050544      1232
17:45:45      3768280   5533880   2350948     28.59     21456   1908396  14843304    180.49   1173144   2960104      1252
17:45:50      2886728   4652340   3232488     39.31     21456   1908408  14845784    180.52   1173144   3839520      1276
17:45:55      1972564   3738188   4146636     50.42     21456   1908420  14848620    180.56   1173144   4758412      1284
17:46:00      1432172   3023296   4863132     59.13     20048   1737116  14850996    180.58    961088   5503068        32
17:46:05      1432172   3023800   4862632     59.13     20048   1737616  14850996    180.58    961580   5491504        52
17:46:10      5422748   7124340    762176      9.27     20204   1847332  14851924    180.60   1065500   1426456       952
17:46:15      5423808   7125416    761100      9.25     20204   1847352  14851924    180.60   1065524   1424792       972
17:46:20      5422924   7124548    761972      9.27     20204   1847364  14851924    180.60   1065524   1428192       992
17:46:25      5414636   7116272    770248      9.37     20204   1847376  14851924    180.60   1065524   1429632      1004
17:46:30      5414384   7116032    770488      9.37     20204   1847388  14851924    180.60   1065516   1432192       936
17:46:35      5410288   7111948    774564      9.42     20204   1847408  14851924    180.60   1065516   1434364       920
17:46:40      5763080   7529068    362276      4.41     30220   1900968   4584572     55.75   1126336   1095212       820
17:46:45      5177536   6987296    897048     10.91     70056   1903724  14838380    180.43   1202100   1519292      1292
17:46:50      4284988   6095140   1789208     21.76     70056   1904108  14841644    180.47   1202100   2407740      1316
17:46:55      3366972   5177132   2707212     32.92     70056   1904120  14844252    180.50   1202100   3333904      1328
17:47:00      2503932   4314108   3570240     43.41     70056   1904132  14846660    180.53   1202100   4198136      1268
17:47:05      1625444   3435636   4448708     54.10     70056   1904152  14849096    180.56   1202100   5071772      1292
17:47:10      1442388   2736776   5148652     62.61     69844   1389536  14851192    180.59    771748   5676268        28
17:47:15      1453668   2744868   5140504     62.51     69844   1386404  14851192    180.59    766556   5676168        44
17:47:20      5829544   7121768    763596      9.29     69844   1387436  14852120    180.60    766688   1297672       972
17:47:25      5694324   6986576    898796     10.93     69844   1387456  14852120    180.60    766704   1299660       992
17:47:30      5825396   7117660    767712      9.34     69844   1387468  14852120    180.60    766704   1301024      1012
17:47:35      5821188   7113468    771904      9.39     69844   1387484  14852120    180.60    766704   1305260      1028
17:47:40      5821188   7113496    771872      9.39     69844   1387512  14852120    180.60    766992   1305372      1012
17:47:45      5821944   7114260    771108      9.38     69844   1387520  14852120    180.60    766992   1305788       936
17:47:50      5821944   7114276    771092      9.38     69844   1387536  14852120    180.60    766992   1306252       964
17:47:55      5953260   7411392    478376      5.82     69844   1552416   9833080    119.57    980380   1010820      1316
17:48:00      5127432   6964444    920304     11.19     69844   1931288  14838520    180.43   1313104   1473332      1320
17:48:05      4210812   6047896   1836856     22.34     69844   1931356  14841752    180.47   1313160   2390616      1340
17:48:10      3299644   5136740   2748004     33.41     69844   1931368  14844436    180.50   1313160   3301316      1288
17:48:15      2415036   4252144   3632596     44.17     69844   1931384  14846856    180.53   1313160   4181240      1296
17:48:20      1518012   3355136   4529608     55.08     69844   1931396  14849416    180.56   1313160   5083544      1236
17:48:25      1449064   2758096   5128556     62.36     19780   1455288  14851152    180.59   1071776   5379436        24
17:48:30      1449064   2758116   5128540     62.36     19780   1455304  14851152    180.59   1071776   5367536        52
17:48:35      5813620   7123692    762964      9.28     19780   1456324  14852080    180.60   1071900   1016032       964
17:48:40      5812864   7123088    763588      9.29     19920   1456340  14852080    180.60   1072040   1018904      1024
17:48:45      5808012   7118252    768424      9.34     19920   1456356  14852080    180.60   1072040   1015888      1040
17:48:50      5807004   7117256    769420      9.36     19920   1456368  14852080    180.60   1072040   1018660      1060
17:48:55      5794716   7104988    781688      9.51     19920   1456388  14852080    180.60   1072040   1026336      1000
17:49:00      5795220   7105496    781172      9.50     19920   1456400  14852080    180.60   1072040   1025852       924
17:49:05      5795220   7105520    781160      9.50     19920   1456416  14852080    180.60   1072040   1030728       984
17:49:10      5739712   7455860    434040      5.28     30688   1851044   4587644     55.78   1425536    788880       892
17:49:15      5066420   6895340    989568     12.03     66448   1926640  14838872    180.44   1531364   1306500      1364
17:49:20      4159380   5988316   1896588     23.06     66448   1926656  14842148    180.48   1531380   2206268      1380
17:49:25      3265192   5094140   2790756     33.93     66448   1926668  14844952    180.51   1531380   3112880      1388
17:49:30      2405948   4234912   3649984     44.38     66448   1926684  14847456    180.54   1531380   3935996      1304
17:49:35      1847852   3676824   4208072     51.17     66448   1926696  14849412    180.56   1531380   4531516      1228
17:49:40      5306532   7136252    748628      9.10     66448   1927432  14850340    180.58   1531380   1077284      1992
17:49:45      5324712   7154452    730424      8.88     66448   1927452  14850340    180.58   1531380   1056576       836
17:49:50      5319860   7149616    735264      8.94     66448   1927464  14850340    180.58   1531380   1059756       864
17:49:55      5319860   7149628    735244      8.94     66448   1927484  14850340    180.58   1531380   1061452       884
17:50:00      5318852   7148636    736244      8.95     66448   1927492  14850340    180.58   1531380   1061928       892
17:50:05      5344696   7175976    708384      8.61     66448   1928988  14837596    180.42   1697360    850036      1896
17:50:10      4525316   6356868   1527480     18.57     66448   1929260  14841212    180.47   1697428   1671980      1828
17:50:15      3612228   5443788   2440560     29.68     66448   1929268  14844984    180.51   1697428   2570804      1128
17:50:20      2768452   4600028   3284320     39.94     66448   1929284  14848212    180.55   1697428   3429532      1144
17:50:25      5309364   7141468    742764      9.03     66448   1929928  14849200    180.56   1697428    893108      1800
17:50:30      5317492   7149736    734604      8.93     66448   1929944  14849200    180.56   1697428    879108      1820
17:50:35      5313964   7146224    738124      8.98     66448   1929960  14849200    180.56   1697428    882832       784
17:50:40      5313964   7146236    738108      8.98     66448   1929972  14849200    180.56   1697428    885800       692
17:50:45      5097816   6937232    947324     11.52     66448   1937100  14844628    180.51   1703384   1079604      1704
17:50:50      5333632   7173896    710656      8.64     66448   1937940  14848640    180.56   1703652    854104      2076
17:50:55      5333108   7173392    711164      8.65     66448   1937956  14848640    180.56   1703652    854708      2092
17:51:00      5319156   7160836    723744      8.80     66448   1939336  14837560    180.42   1706504    863544      2200
17:51:05      4718620   6560508   1324064     16.10     66448   1939552  14840200    180.45   1706504   1470764      2216
17:51:10      3813404   5655320   2229244     27.11     66448   1939564  14842944    180.49   1706528   2379628      2232
17:51:15      3113272   4955208   2929356     35.62     66448   1939576  14844932    180.51   1706528   3093100      1148
17:51:20      2243156   4085104   3799460     46.20     66448   1939588  14847328    180.54   1706528   3955592       872
17:51:25      1456532   3238168   4646444     56.50     66448   1879224  14849680    180.57   1336760   5099676        68
17:51:30      1455196   2533912   5350472     65.06     66432   1176608  14851724    180.59    589580   5847792        44
17:51:35      1454972   2534336   5350196     65.06     66432   1177108  14851724    180.59    589988   5848352        60
17:51:40      5862800   7083792    800800      9.74     66440   1318668  14852652    180.60    641344   1373716       988
17:51:45      5862548   7083560    801024      9.74     66440   1318692  14852652    180.60    641344   1370076      1012
17:51:50      5847364   7072520    812048      9.87     66728   1322532  14848944    180.56    645220   1384248      1136
17:51:55      5836428   7061596    822972     10.01     66728   1322544  14848944    180.56    645220   1392924      1148
17:52:00      5845012   7070196    814372      9.90     66728   1322560  14848944    180.56    645212   1393428      1008
17:52:05      5829360   7057036    827456     10.06     66860   1324792  14841300    180.47    645504   1394500      1060
17:52:10      5833196   7060920    823576     10.01     66860   1324852  14852356    180.60    645772   1408284      1104
17:52:15      5849280   7077016    807484      9.82     66860   1324860  14852356    180.60    645772   1392780       216
17:52:20      5290924   7180836    703680      8.56     66864   1987148  14834664    180.39   1118876   1508444      1452
17:52:25      4534236   6424408   1460216     17.76     66864   1987292  14840748    180.46   1119284   2254356      1472
17:52:30      3635428   5525608   2358992     28.68     66864   1987308  14842764    180.48   1119360   3149668      1324
17:52:35      2794024   4684224   3200380     38.92     66864   1987320  14844604    180.51   1119360   4008756      1300
17:52:40      1882908   3773124   4111472     49.99     66868   1987332  14846536    180.53   1119364   4918052      1288
17:52:45      1676092   3566324   4318272     52.51     66868   1987348  14847040    180.54   1119364   5123728      1304
17:52:50      5242448   7133356    751228      9.13     66868   1988020  14847964    180.55   1119364   1544220      1260
17:52:55      5242196   7133124    751464      9.14     66868   1988032  14847964    180.55   1119364   1546428       828
17:53:00      5238100   7129044    755540      9.19     66868   1988048  14847964    180.55   1119364   1547764       848
17:53:05      5315576   7210612    673516      8.19     66868   1992124  14841164    180.46   1621032    961956      1852
17:53:10      4779000   6674280   1209836     14.71     66868   1992364  14843440    180.49   1621056   1509776      1816
17:53:15      3893132   5788428   2095688     25.48     66868   1992380  14846524    180.53   1621136   2383148      1820
17:53:20      3062216   4957528   2926588     35.59     66868   1992396  14849092    180.56   1621136   3221524      1832
17:53:25      2181576   4076900   3807216     46.29     66868   1992408  14851880    180.59   1621136   4097916      1188
17:53:30      1438436   3202020   4682012     56.93     57260   1870376  14854740    180.63   1218428   5229456        56
17:53:35      1442548   3125452   4758684     57.86     57260   1789620  14855068    180.63   1218408   5229356        40
17:53:40      5414176   7097920    786208      9.56     57260   1790464  14855996    180.64   1218420   1255860       896
17:53:45      5418260   7102020    782112      9.51     57260   1790476  14855996    180.64   1218420   1252044       908
17:53:50      5418260   7102036    782096      9.51     57260   1790492  14855996    180.64   1218420   1253444       932
17:53:55      5415384   7099168    784964      9.54     57260   1790500  14855996    180.64   1218420   1257616       948
17:54:00      5415384   7099188    784944      9.54     57260   1790520  14855996    180.64   1218420   1258060       968
17:54:05      5414312   7098132    786000      9.56     57260   1790536  14855996    180.64   1218420   1258936       884
17:54:10      5363652   7150512    733768      8.92     57260   1893576  14841172    180.46   1347912   1187992      2056
17:54:15      4684096   6471192   1413088     17.18     57260   1893812  14843984    180.50   1348040   1853784      1256
17:54:20      3804024   5591132   2293144     27.88     57260   1893828  14846772    180.53   1348040   2735752      1268
17:54:25      2969488   4756608   3127664     38.03     57260   1893844  14849072    180.56   1348040   3582200      1284
17:54:30      2079864   3867004   4017276     48.85     57260   1893856  14851836    180.59   1348040   4472336      1300
17:54:35      1434784   3028476   4857844     59.07     19840   1740024  14854596    180.63   1482708   4977164        12
17:54:40      1434856   3029764   4856536     59.05     19980   1741144  14854668    180.63   1483916   4979808        44
17:54:45      5509052   7111824    774596      9.42     19992   1748876  14855596    180.64   1490904    899208       928
17:54:50      5509052   7111840    774580      9.42     19992   1748892  14855596    180.64   1490904    899336       952
17:54:55      5508144   7110944    775472      9.43     19992   1748908  14855596    180.64   1490904    901692       968
17:55:00      5508144   7110956    775456      9.43     19992   1748924  14855596    180.64   1490904    902088       992
17:55:05      5505512   7108340    778076      9.46     19992   1748936  14855596    180.64   1490904    903348      1004
17:55:10      5505008   7107852    778564      9.47     19992   1748948  14855596    180.64   1490904    905964       912
17:55:15      5505888   7108744    777672      9.46     19992   1748960  14855596    180.64   1490904    904696       932
17:55:20      5371908   7163528    721284      8.77     69864   1885900  14841312    180.47   1686280    853388      1300
17:55:25      4609660   6401724   1483092     18.03     69864   1886336  14844280    180.50   1686728   1610548      1316
17:55:30      3721900   5513976   2370840     28.83     69864   1886348  14846984    180.54   1686728   2500044      1328
17:55:35      2868956   4661044   3223772     39.20     69864   1886360  14849252    180.56   1686728   3358896      1340
17:55:40      1976220   3768328   4116480     50.06     69868   1886376  14851836    180.59   1686732   4242740      1268
17:55:45      1445668   2925304   4959544     60.31     69868   1573864  14854336    180.62   1131236   5311108        40
17:55:50      1442876   2721456   5163256     62.78     69868   1372944  14854896    180.63    788404   5654424        64
17:55:55      5770292   7099280    785428      9.55     69868   1423360  14854896    180.63    837164   1296164        88
17:56:00      5767996   7108112    776700      9.44     69868   1434384  14855824    180.64    846944   1289144      1004
17:56:05      5755708   7095840    788972      9.59     69868   1434400  14855824    180.64    846944   1289896      1020
17:56:10      5755708   7095852    788960      9.59     69868   1434412  14855824    180.64    846944   1292808      1032
17:56:15      5751612   7091772    793040      9.64     69868   1434428  14855824    180.64    846944   1296380       992
17:56:20      5751612   7091784    793028      9.64     69868   1434440  14855824    180.64    846944   1296916       932
17:56:25      5751612   7091800    793012      9.64     69868   1434456  14855824    180.64    846944   1297420       960
17:56:30      5751612   7091816    792996      9.64     69868   1434472  14855824    180.64    846944   1299580        96
17:56:35      5305708   7172864    711776      8.66     69868   1961420  14841256    180.47   1331172   1285176      1336
17:56:40      4603888   6471464   1413164     17.18     69868   1961840  14844100    180.50   1331264   1983000      1352
17:56:45      3684432   5552036   2332596     28.36     69872   1961856  14846940    180.53   1331268   2900064      1276
17:56:50      2812364   4679980   3204652     38.97     69872   1961868  14849276    180.56   1331268   3777236      1296
17:56:55      1905384   3773012   4111620     50.00     69872   1961880  14851784    180.59   1331268   4675804      1252
17:57:00      1440392   2947644   4938640     60.05     69804   1603156  14854208    180.62   1055232   5406912        28
17:57:05      1439120   2549292   5337204     64.90     19780   1256548  14855364    180.64    607140   5856836        52
17:57:10      3502948   4618840   3267564     39.73     19920   1262220  14855364    180.64    611264   3776480        76
17:57:15      5938688   7095736    790844      9.62     19936   1303184  14856292    180.65    649076   1300212      1000
17:57:20      5939636   7096700    789880      9.60     19936   1303200  14856292    180.65    649076   1303108      1016
17:57:25      5938908   7095984    790596      9.61     19936   1303212  14856292    180.65    649076   1306344      1036
17:57:30      5938020   7095112    791468      9.62     19936   1303228  14856292    180.65    649076   1307748       976
17:57:35      5938020   7095128    791452      9.62     19936   1303244  14856292    180.65    649064   1308100       952
17:57:40      5938020   7095136    791440      9.62     19936   1303252  14856292    180.65    649052   1308368       960
17:57:45      5940800   7097936    788640      9.59     19936   1303272  14856292    180.65    649052   1308896        88
17:57:50      5878016   7420712    468272      5.69     69856   1637024   8787864    106.86    824956   1254640      1336
17:57:55      4959728   6799448   1085572     13.20     69876   1933972  14839720    180.45   1037832   1908656      1356
17:58:00      4075500   5915236   1969772     23.95     69880   1933988  14841892    180.47   1037944   2783500      1288
17:58:05      3186668   5026420   2858592     34.76     69880   1934000  14843696    180.50   1037944   3689032      1280
17:58:10      2285864   4125636   3759364     45.71     69880   1934016  14845672    180.52   1037944   4584976      1260
17:58:15      1712172   3551952   4333048     52.69     69880   1934024  14846972    180.54   1037944   5158584      1272
17:58:20      5279604   7120040    764956      9.30     69880   1934684  14847896    180.55   1037944   1594688      1208
17:58:25      5287796   7128284    756704      9.20     69880   1934720  14847896    180.55   1037944   1577416       800
17:58:30      5287796   7128296    756692      9.20     69884   1934728  14847896    180.55   1037944   1579768       816
17:58:35      5695244   7536356    353856      4.30     69884   1935344    564608      6.87   1355176    909312      1376
17:58:40      5027032   6870148   1014380     12.33     69884   1937328  14842552    180.48   1379472   1485212      1872
17:58:45      4118856   5961996   1922532     23.38     69884   1937344  14847280    180.54   1379472   2394380      1828
17:58:50      3259044   5102192   2782340     33.83     69884   1937352  14851436    180.59   1379472   3267748      1844
17:58:55      2517480   4360644   3523888     42.85     69884   1937368  14854968    180.63   1379472   4004560      1196
17:59:00      5282608   7126428    758084      9.22     69884   1938028  14855896    180.64   1379472   1236932      1852
17:59:05      5290800   7134636    749880      9.12     69888   1938036  14855896    180.64   1379476   1230100      1816
17:59:10      5290800   7134660    749856      9.12     69888   1938052  14855952    180.64   1379476   1231624      1252
17:59:15      5696076   7540488    350872      4.27     69900   1938580   3790216     46.09   1694280    594412      1360
17:59:20      5016128   6867712   1016640     12.36     69900   1945748  14849696    180.57   1697456   1198096      1796
17:59:25      5306440   7158500    725848      8.83     69900   1946212  14853084    180.61   1697456    894348      2160
17:59:30      5306208   7158284    726068      8.83     69900   1946224  14853084    180.61   1697456    895296      2172
17:59:35      5298652   7152108    732256      8.90     69904   1947588  14841328    180.47   1701396    901760      2176
17:59:40      4519556   6373204   1511140     18.38     69904   1947768  14844344    180.50   1701396   1676876      2176
17:59:45      3623144   5476808   2407536     29.27     69904   1947784  14846928    180.53   1701404   2578832      2192
17:59:50      2744680   4598360   3285980     39.96     69904   1947804  14849200    180.56   1701404   3460728      1244
17:59:55      1839464   3693156   4191188     50.96     69904   1947812  14851844    180.59   1701404   4368308      1192
18:00:00      1447308   2856928   5027528     61.13     69908   1503688  14854304    180.62   1016308   5427152        44
18:00:05      1456736   2749500   5134880     62.44     69768   1387112  14854540    180.63   1020212   5418520        60
18:00:10      5815032   7111100    773324      9.40     69776   1390356  14855468    180.64   1022568   1074720       984
18:00:15      5829144   7125232    759200      9.23     69776   1390368  14855468    180.64   1022576   1060248       996
18:00:20      5829144   7125248    759188      9.23     69776   1390380  14855468    180.64   1022576   1064504      1008
18:00:25      5820952   7118460    765860      9.31     69792   1391884  14864660    180.75   1024432   1076960      1024
18:00:30      5814428   7114188    770236      9.37     70064   1393748  14851640    180.59   1025592   1074276       984
18:00:35      5808004   7107784    776640      9.44     70064   1393764  14851640    180.59   1025592   1076916       956
18:00:40      5808004   7107800    776624      9.44     70064   1393780  14851640    180.59   1025592   1077960       984
18:00:45      5803908   7103712    780712      9.49     70064   1393788  14851640    180.59   1025592   1084516       112
18:00:50      5285224   7145388    739224      8.99     70064   1954148  14837744    180.42   1590840   1049592      1364
18:00:55      4362176   6222624   1661988     20.21     70064   1954428  14841260    180.47   1591100   1971108      1376
18:01:00      3430400   5290860   2593756     31.54     70064   1954440  14843780    180.50   1591100   2908000      1276
18:01:05      2558268   4418744   3465880     42.14     70064   1954456  14846200    180.53   1591100   3774460      1276
18:01:10      1649424   3509916   4374728     53.20     70064   1954472  14848796    180.56   1591100   4676836      1256
18:01:15      1455708   2747872   5137152     62.47     20324   1436188  14850864    180.58    785408   5664972        28
18:01:20      1455188   2548504   5336440     64.89     20324   1237420  14851580    180.59    563372   5885692        44
18:01:25      5886308   7059408    825532     10.04     20324   1317212  14852508    180.60    604676   1397092      1012
18:01:30      5904780   7078200    806772      9.81     20324   1317492  14856336    180.65    604748   1365972      1132
18:01:35      5919592   7093040    791940      9.63     20324   1317512  14856336    180.65    604812   1368532      1040
18:01:40      5917576   7091040    793936      9.65     20324   1317528  14856336    180.65    604936   1370292      1056
18:01:45      5911420   7084892    800084      9.73     20324   1317536  14856336    180.65    605028   1373924      1032
18:01:50      5905828   7079316    805656      9.80     20324   1317556  14856336    180.65    605028   1376364      1012
18:01:55      5909616   7083112    801856      9.75     20324   1317568  14856336    180.65    605028   1378988      1028
18:02:00      5909616   7083132    801840      9.75     20324   1317584  14856336    180.65    605028   1379640       128
18:02:05      5464444   7272888    612464      7.45     22612   1950252  13789924    167.68    960704   1488356      1376
18:02:10      4813812   6623032   1262340     15.35     22612   1950992  14839380    180.44    961312   2134696      1292
18:02:15      3900344   5709588   2175788     26.46     22612   1951008  14841504    180.47    961420   3020424      1308
18:02:20      3060280   4869532   3015844     36.67     22612   1951016  14843448    180.49    961420   3880916      1276
18:02:25      2157244   3966512   3918864     47.65     22612   1951032  14845316    180.52    961420   4784948      1248
18:02:30      1745548   3554832   4330544     52.66     22612   1951048  14846264    180.53    961420   5196560      1276
18:02:35      5184284   6994240    891132     10.84     22612   1951720  14847224    180.54    961420   1624132      1232
18:02:40      5315104   7125076    760292      9.24     22612   1951736  14847224    180.54    961424   1627584       732
18:02:45      5315104   7125088    760280      9.24     22612   1951748  14847224    180.54    961424   1622376       744
18:02:50      5529872   7341496    543908      6.61     22612   1953392  13491208    164.05   1449312    919452      1876
18:02:55      4978748   6790880   1093772     13.30     22612   1953892  14842876    180.49   1449688   1460496      1840
18:03:00      4071880   5884024   2000628     24.33     22612   1953904  14846152    180.53   1449688   2369776      1824
18:03:05      3211752   5023912   2860740     34.79     22612   1953920  14848896    180.56   1449688   3245348      1188
18:03:10      2335272   4147440   3737204     45.44     22612   1953928  14851668    180.59   1449688   4119004      1108
18:03:15      1483008   3295196   4589448     55.81     22612   1953948  14854520    180.63   1449688   4974568      1132
18:03:20      1444640   3128376   4756288     57.84     22240   1825904  14855136    180.63   1061236   5382384        28
18:03:25      5426968   7111528    773136      9.40     22240   1826728  14856064    180.65   1061240   1408864       880
18:03:30      5422872   7107456    777212      9.45     22240   1826748  14856064    180.65   1061212   1409804       916
18:03:35      5291800   6976392    908272     11.04     22240   1826760  14856064    180.65   1061212   1411288       928
18:03:40      5418816   7103568    781096      9.50     22240   1826912  14856064    180.65   1061600   1414916       940
18:03:45      5422652   7107420    777244      9.45     22240   1826928  14856064    180.65   1061600   1411336       956
18:03:50      5421636   7106416    778244      9.46     22240   1826944  14856064    180.65   1061616   1412696       900
18:03:55      5456308   7198776    686144      8.34     22244   1884624  14841252    180.47   1184832   1255232      2064
18:04:00      4854196   6596836   1288084     15.66     22244   1884796  14843708    180.50   1184996   1858360      1264
18:04:05      3961268   5703924   2180996     26.52     22244   1884812  14846596    180.53   1184996   2756516      1276
18:04:10      3088820   4831492   3053420     37.13     22244   1884832  14849040    180.56   1184996   3640736      1304
18:04:15      2185936   3928616   3956296     48.11     22244   1884840  14851784    180.59   1184996   4534744      1312
18:04:20      1439008   3058012   4828356     58.71     21476   1763632  14854572    180.63   1202380   5257280        24
18:04:25      1442788   3030516   4855980     59.05     21476   1732228  14854736    180.63   1109116   5350456        40
18:04:30      5520552   7109152    777332      9.45     21480   1733108  14855664    180.64   1109120   1269756       956
18:04:35      5389480   6978100    908396     11.05     21480   1733116  14855664    180.64   1109120   1269972       964
18:04:40      5514952   7103724    782768      9.52     21616   1733132  14855664    180.64   1109256   1273408       980
18:04:45      5516756   7105540    780952      9.50     21616   1733144  14855664    180.64   1109256   1271912       992
18:04:50      5515924   7104720    781772      9.51     21616   1733156  14855664    180.64   1109256   1273660      1004
18:04:55      5515924   7104740    781752      9.51     21616   1733176  14855664    180.64   1109256   1273912       908
18:05:00      5515924   7104748    781744      9.51     21616   1733184  14855664    180.64   1109256   1279032       924
18:05:05      5348432   7141324    742888      9.03     69516   1887472  14841396    180.47   1365056   1184704      1296
18:05:10      4475040   6268344   1615848     19.65     69516   1887888  14844780    180.51   1365132   2058016      1324
18:05:15      3562752   5356064   2528124     30.74     69516   1887900  14847368    180.54   1365132   2978524      1336
18:05:20      2677008   4470344   3413852     41.51     69516   1887912  14849844    180.57   1365132   3863944      1348
18:05:25      1765744   3559092   4325104     52.59     69516   1887924  14852492    180.60   1365132   4774420      1276
18:05:30      1433192   2748124   5136828     62.46     69340   1410456  14854664    180.63    897700   5559808        36
18:05:35      1434812   2735572   5149328     62.61     69340   1396332  14854916    180.63    892352   5565552        52
18:05:40      5705980   7096448    788456      9.59     69356   1486016  14855844    180.64    976520   1205204       964
18:05:45      5705980   7096508    788444      9.59     69356   1486032  14855844    180.64    976568   1200208       980
18:05:50      5732456   7122996    761952      9.27     69356   1486048  14855844    180.64    976568   1202548      1004
18:05:55      5727604   7118160    766792      9.32     69356   1486060  14855844    180.64    976568   1205052      1016
18:06:00      5720812   7111388    773568      9.41     69356   1486076  14855844    180.64    976568   1211904      1000
18:06:05      5720812   7111396    773564      9.41     69356   1486084  14855844    180.64    976568   1214228       920
18:06:10      5720812   7111412    773536      9.41     69356   1486104  14855844    180.64    976568   1214596       948
18:06:15      5869916   7468016    422212      5.13     69416   1693064   4588264     55.79   1163496    917716       860
18:06:20      5135192   6957452    927472     11.28     69516   1916828  14842176    180.48   1373252   1396156      1328
18:06:25      4210004   6032368   1852552     22.53     69516   1916932  14845968    180.52   1373252   2312272      1340
18:06:30      3321704   5146564   2738328     33.30     69804   1919128  14845400    180.52   1373632   3224340      1388
18:06:35      2424680   4249552   3635332     44.20     69804   1919144  14848424    180.55   1373632   4124832      1404
18:06:40      1646060   3470960   4413924     53.67     69804   1919168  14851164    180.59   1373632   4891512      1348
18:06:45      1638008   3463320   4421568     53.77     69804   1919572  14851164    180.59   1373696   4896532      1372
18:06:50      5274932   7101028    783852      9.53     69804   1920348  14852092    180.60   1373696   1251040       984
18:06:55      5253536   7079656    805228      9.79     69804   1920372  14852092    180.60   1373696   1274188      1016
18:07:00      5255064   7081372    803500      9.77     69804   1920564  14852092    180.60   1374016   1261120       864
18:07:05      5263388   7089712    795160      9.67     69804   1920576  14852092    180.60   1374016   1261044       876
18:07:10      5263640   7089976    794896      9.67     69804   1920588  14852092    180.60   1374016   1261212       892
18:07:15      5082884   6910856    973616     11.84     69808   1922200  14838028    180.43   1695056   1101184      1952
18:07:20      4183864   6011868   1872584     22.77     69808   1922232  14841224    180.47   1695104   2015232      1288
18:07:25      3531908   5387104   2497124     30.36     69996   1949028  14843948    180.50   1703572   2672104     14584
18:07:30      5268712   7124488    759740      9.24     69996   1949596  14844876    180.51   1703572    928316     14888
18:07:35      5113104   6983972    900152     10.95     70048   1964624  14844876    180.51   1705988    953744     14500
18:07:40      5269416   7140304    743820      9.04     70048   1964644  14844876    180.51   1705988    918072     14528
18:07:45      5227880   7105052    778792      9.47     70048   1970916  14844228    180.50   1710176    971312     15492
18:07:50      4645684   6523932   1359896     16.54     70056   1971996  14849316    180.56   1710556   1540192     14684
18:07:55      5276404   7154776    729056      8.87     70056   1972096  14849316    180.56   1710564    906228     14704
18:08:00      5397536   7277212    607028      7.38     70060   1973392  13788616    167.67   1713696    804556      2856
18:08:05      4806548   6686380   1197532     14.56     70060   1973544  14839412    180.44   1713800   1386216      2132
18:08:10      3914128   5793984   2089888     25.41     70060   1973572  14842372    180.48   1713864   2275096      2212
18:08:15      3059752   4939632   2944244     35.80     70060   1973588  14844752    180.51   1713864   3150536      2228
18:08:20      2177232   4057132   3826724     46.53     70060   1973628  14851204    180.59   1713884   4031192      1352
18:08:25      1439956   3191952   4692024     57.05     70060   1845840  14853848    180.62   1179668   5290132        48
18:08:30      1440048   3192028   4692000     57.05     70060   1845848  14853848    180.62   1179556   5262640        52
18:08:35      5335868   7088668    795364      9.67     70060   1846664  14854776    180.63   1179556   1369492       892
18:08:40      5335616   7088428    795604      9.67     70060   1846676  14854776    180.63   1179556   1368256       904
18:08:45      5335616   7088440    795592      9.67     70060   1846688  14854776    180.63   1179556   1368680       916
18:08:50      5335616   7088456    795576      9.67     70060   1846704  14854776    180.63   1179556   1369172       940
18:08:55      5335616   7088464    795564      9.67     70060   1846716  14854776    180.63   1179556   1372320       952
18:09:00      5681416   7434944    451200      5.49     70060   1847396   4588800     55.80   1207132   1058408      1596
18:09:05      5081344   6885628    998552     12.14     70060   1898148  14842316    180.48   1287704   1526520      2052
18:09:10      4244752   6049044   1835120     22.31     70060   1898164  14845532    180.52   1287704   2368176      1280
18:09:15      3344704   5149012   2735156     33.26     70060   1898176  14848632    180.56   1287704   3272824      1292
18:09:20      2480544   4284868   3599304     43.77     70060   1898188  14851220    180.59   1287704   4133836      1304
18:09:25      1592072   3396408   4487760     54.57     70060   1898204  14854088    180.62   1287704   5020184      1316
18:09:30      1427080   3136644   4749412     57.75     20596   1854784  14855004    180.63   1102880   5366724        36
18:09:35      5267808   6978192    907856     11.04     20596   1855608  14855932    180.64   1102872   1419264       876
18:09:40      5390732   7101276    784776      9.54     20732   1855624  14855932    180.64   1103288   1404792       892
18:09:45      5378444   7088996    797056      9.69     20732   1855632  14855932    180.64   1103296   1409768       900
18:09:50      5383612   7094180    791868      9.63     20732   1855652  14855932    180.64   1103296   1406540       936
18:09:55      5382692   7093280    792772      9.64     20732   1855668  14855932    180.64   1103296   1408916       952
18:10:00      5382692   7093288    792760      9.64     20732   1855680  14855932    180.64   1103296   1409436       920
18:10:05      5413352   7208812    675048      8.21     68952   1890536  14841252    180.47   1291708   1201932      2044
18:10:10      4778916   6574656   1309188     15.92     68952   1890816  14843828    180.50   1291864   1834592      1264
18:10:15      3845028   5640788   2243064     27.28     68952   1890832  14846736    180.53   1291864   2767424      1280
18:10:20      2994964   4790736   3093116     37.61     68952   1890844  14849124    180.56   1291864   3619992      1292
18:10:25      2106448   3902232   3981620     48.42     68952   1890856  14851816    180.59   1291864   4498700      1300
18:10:30      1440784   3058456   4825600     58.68     68852   1713124  14854480    180.63   1149728   5294052        20
18:10:35      1438396   3027760   4856240     59.05     68564   1685172  14854648    180.63   1078216   5369720        32
18:10:40      5534188   7121156    762940      9.28     68564   1682680  14855576    180.64   1076028   1289840       932
18:10:45      5534188   7121176    762924      9.28     68564   1682696  14855576    180.64   1076028   1290356       948
18:10:50      5528584   7115580    768520      9.34     68564   1682704  14855576    180.64   1076056   1288940       972
18:10:55      5528584   7115596    768500      9.34     68564   1682724  14855576    180.64   1076056   1291760       992
18:11:00      5525524   7112552    771548      9.38     68564   1682736  14855576    180.64   1076056   1294180      1004
18:11:05      5525524   7112564    771536      9.38     68564   1682748  14855576    180.64   1076056   1294488       892
18:11:10      5525524   7112580    771516      9.38     68564   1682764  14855576    180.64   1076056   1299128        76
18:11:15      5357852   7170320    714208      8.68     68660   1907836  14841360    180.47   1344868   1211152      1316
18:11:20      4538652   6351240   1533284     18.64     68660   1907956  14844624    180.51   1345000   2032756      1336
18:11:25      3653916   5466512   2418008     29.40     68660   1907964  14847172    180.54   1345000   2926864      1336
18:11:30      2834000   4646616   3237904     39.37     68660   1907980  14849332    180.56   1345000   3746932      1356
18:11:35      1960000   3772632   4111888     50.00     68660   1907996  14851924    180.60   1345000   4622436      1288
18:11:40      1456136   2907972   4978240     60.53     68408   1549008  14854428    180.63   1011568   5445132         4
18:11:45      1454452   2751284   5134844     62.44     40784   1421752  14854872    180.63   1013172   5445552        36
18:11:50      5713152   7092092    793896      9.65     39028   1505780  14855800    180.64   1078416   1106992       972
18:11:55      5713088   7092272    793900      9.65     39028   1505840  14855800    180.64   1078592   1083080       992
18:12:00      5717064   7096260    789912      9.61     39028   1505852  14855800    180.64   1078596   1086568      1004
18:12:05      5717060   7096272    789900      9.60     39028   1505868  14855800    180.64   1078596   1089368       984
18:12:10      5713972   7093716    792444      9.64     39168   1506260  14855800    180.64   1079044   1093432      1000
18:12:15      5712964   7092724    793436      9.65     39168   1506276  14855800    180.64   1079044   1094356       924
18:12:20      5714584   7094360    791800      9.63     39168   1506292  14855800    180.64   1079044   1090928       952
18:12:25      5714584   7094372    791788      9.63     39168   1506304  14855800    180.64   1079044   1091356        84
18:12:30      5345976   7173168    710688      8.64     69928   1921316  14841264    180.47   1494640   1068356      1352
18:12:35      4643420   6470964   1412888     17.18     69928   1921664  14844152    180.50   1494876   1769536      1280
18:12:40      3730108   5557792   2326056     28.28     69928   1921804  14846984    180.54   1494876   2694676      1296
18:12:45      2849848   4677548   3206300     38.99     69928   1921820  14849344    180.56   1494876   3573940      1312
18:12:50      1926484   3754192   4129656     50.22     69928   1921828  14851912    180.60   1494876   4486736      1332
18:12:55      1448140   2902028   4981868     60.58     53316   1565112  14854444    180.63   1152560   5288232        44
18:13:00      1456612   2555384   5328728     64.80     53220   1209876  14855452    180.64    780428   5659664        60
18:13:05      5221468   6325596   1558288     18.95     53220   1215460  14855452    180.64    785076   1880276        72
18:13:10      5923492   7091920    792192      9.63     53220   1279532  14856380    180.65    846000   1107836      1012
18:13:15      5802272   6970716    913396     11.11     53220   1279548  14856380    180.65    846000   1109092      1028
18:13:20      5936684   7105140    778972      9.47     53220   1279560  14856380    180.65    846000   1108276      1048
18:13:25      5936180   7104652    779460      9.48     53220   1279576  14856380    180.65    846000   1109076      1008
18:13:30      5936180   7104664    779444      9.48     53220   1279592  14856380    180.65    845996   1109852       944
18:13:35      5936180   7104708    779304      9.48     53220   1279732  14856380    180.65    845996   1110276       960
18:13:40      5935956   7104596    779516      9.48     53220   1279744  14856380    180.65    845996   1114944        84
18:13:45      5954432   7424440    464164      5.64     53224   1580848   9836772    119.61   1121600    885160      1348
18:13:50      5024860   6867112   1017480     12.37     53224   1953092  14839628    180.45   1386168   1506340      1372
18:13:55      4141700   5983968   1900632     23.11     53224   1953100  14841876    180.47   1386168   2392520      1296
18:14:00      3213988   5056272   2828328     34.39     53224   1953116  14843764    180.50   1386168   3329492      1316
18:14:05      2398004   4240296   3644300     44.31     53224   1953128  14845568    180.52   1386168   4130776      1328
18:14:10      1714856   3557164   4327428     52.62     53224   1953140  14847056    180.54   1386168   4809236      1264
18:14:15      5280548   7122868    761720      9.26     53224   1953156  14847056    180.54   1386168   1221132       536
18:14:20      5279972   7122976    761612      9.26     53224   1953836  14847980    180.55   1386168   1218812       780
18:14:25      5279740   7122756    761832      9.26     53224   1953848  14847980    180.55   1386168   1222664       792
18:14:30      5279216   7122244    762340      9.27     53224   1953864  14847980    180.55   1386168   1223676       812
18:14:35      5147168   6992632    891496     10.84     53228   1956284  14842256    180.48   1621964   1139320      1896
18:14:40      4229792   6075376   1808744     21.99     53228   1956404  14846996    180.54   1621984   2054776      1872
18:14:45      3328636   5174236   2709888     32.95     53228   1956416  14851388    180.59   1622048   2964500      1840
18:14:50      2534996   4380612   3503516     42.60     53228   1956432  14855012    180.63   1622048   3752724      1208
18:14:55      5276572   7122836    761292      9.26     53228   1957080  14855940    180.64   1622048    989908      1856
18:15:00      5296988   7143272    740856      9.01     53228   1957100  14855940    180.64   1622048    978828      1872
18:15:05      5296988   7143284    740844      9.01     53228   1957112  14855940    180.64   1622048    979828      1208
18:15:10      5295224   7141540    742580      9.03     53228   1957132  14855940    180.64   1622048    983072       780
18:15:15      5069224   6921652    962496     11.70     53336   1963140  14848420    180.55   1684400   1126596      1792
18:15:20      5278108   7130896    753252      9.16     53336   1963488  14851884    180.59   1684400    894780      2100
18:15:25      5319692   7172500    711652      8.65     53336   1963504  14851884    180.59   1684400    894868      2112
18:15:30      5321508   7175660    708456      8.61     53336   1964852  14841236    180.47   1688376    901364      2220
18:15:35      4559652   6413904   1470220     17.88     53336   1964956  14844336    180.50   1688496   1668768      2124
18:15:40      3726116   5580388   2303744     28.01     53336   1964968  14847044    180.54   1688496   2511572      2132
18:15:45      2910572   4764856   3119276     37.93     53336   1964980  14849316    180.56   1688496   3327656      1184
18:15:50      2038484   3892784   3991344     48.53     53336   1965000  14851976    180.60   1688496   4195324      1180
18:15:55      1461632   3050884   4833200     58.77     43256   1710100  14854372    180.63   1023852   5413192        12
18:16:00      1461728   2787420   5096900     61.98     19924   1470148  14855088    180.63   1023968   5415360        40
18:16:05      1478112   2800568   5083828     61.82     19924   1466836  14855088    180.63   1024164   5377312        56
18:16:10      5702876   7096756    787628      9.58     19940   1538244  14856016    180.65   1092848   1088628       968
18:16:15      5697180   7091080    793308      9.65     19940   1538260  14856016    180.65   1092848   1091896       984
18:16:20      5701092   7095072    789316      9.60     19940   1538340  14856016    180.65   1092848   1089452      1004
18:16:25      5700084   7094076    790312      9.61     19940   1538352  14856016    180.65   1092848   1092320      1016
18:16:30      5700084   7094092    790296      9.61     19940   1538368  14856016    180.65   1092848   1092980       996
18:16:35      5700084   7094108    790280      9.61     19940   1538384  14856016    180.65   1092844   1093112       928
18:16:40      5700084   7094120    790260      9.61     19940   1538404  14856016    180.65   1092844   1093300       948
18:16:45      5377036   7159008    725436      8.82     22312   1923960  14841364    180.47   1440708   1081584      1300
18:16:50      4516492   6298708   1585728     19.28     22312   1924204  14844948    180.51   1440852   1932608      1328
18:16:55      3760372   5542608   2341832     28.48     22312   1924220  14847372    180.54   1440852   2711780      1340
18:17:00      2929956   4712200   3172240     38.57     22312   1924228  14849944    180.57   1440852   3540384      1268
18:17:05      2029028   3811288   4073144     49.53     22312   1924244  14852836    180.61   1440852   4432692      1248
18:17:10      1432912   3147328   4738712     57.62     22312   1858020  14855084    180.63    948132   5508868        20
18:17:15      1436644   3151408   4734472     57.57     22312   1858528  14855084    180.63    948368   5499380        48
18:17:20      5355576   7098736    787264      9.57     23708   1885368  14852184    180.60    973932   1563904       996
18:17:25      5322440   7065728    820268      9.97     23708   1885500  14856012    180.65    973932   1588092      1016
18:17:30      5321096   7064480    821512      9.99     23708   1885600  14856012    180.65    973948   1594832      1036
18:17:35      5320756   7064156    821844      9.99     23708   1885608  14856012    180.65    973948   1599128      1044
18:17:40      5320756   7064312    821688      9.99     23708   1885764  14856012    180.65    973964   1599504       932
18:17:45      5320756   7064324    821676      9.99     23708   1885776  14856012    180.65    973964   1598248       852
18:17:50      5336776   7131220    752784      9.15     70324   1888140  14841276    180.47   1089088   1444404      1320
18:17:55      4626656   6421480   1462520     17.78     70324   1888516  14844156    180.50   1089196   2163596      1308
18:18:00      3785464   5580304   2303692     28.01     70324   1888532  14846912    180.53   1089196   3016884      1324
18:18:05      2919896   4714748   3169248     38.54     70324   1888544  14849240    180.56   1089196   3890148      1336
18:18:10      2039212   3834084   4049904     49.25     70324   1888560  14852028    180.60   1089196   4776044      1232
18:18:15      1440044   3029404   4856184     59.05     70216   1684764  14854632    180.63   1034416   5427316        40
18:18:20      1444564   3034044   4851552     58.99     70216   1684884  14854632    180.63   1034512   5422348        64
18:18:25      5537028   7127372    758224      9.22     70216   1685748  14855560    180.64   1034512   1337768       952
18:18:30      5401636   6991996    893600     10.87     70216   1685764  14855560    180.64   1034520   1340736       976
18:18:35      5532476   7122844    762752      9.27     70216   1685772  14855560    180.64   1034520   1342252       984
18:18:40      5526192   7116576    769020      9.35     70216   1685788  14855560    180.64   1034800   1345892      1000
18:18:45      5526744   7117148    768448      9.34     70216   1685808  14855560    180.64   1034792   1344756       928
18:18:50      5525324   7115740    769852      9.36     70216   1685824  14855560    180.64   1034792   1345572       912
18:18:55      5527004   7117436    768160      9.34     70216   1685836  14855560    180.64   1034792   1346076       172
18:19:00      5369944   7180376    704012      8.56     70216   1904244  14841280    180.47   1322840   1231084      1316
18:19:05      4632672   6443396   1440984     17.52     70216   1904540  14844176    180.50   1323064   1961396      1364
18:19:10      3748032   5558780   2325596     28.28     70216   1904556  14846944    180.53   1323064   2851440      1384
18:19:15      2904824   4715580   3168796     38.53     70216   1904564  14849188    180.56   1323064   3698260      1392
18:19:20      1999736   3810512   4073864     49.54     70216   1904584  14851752    180.59   1323064   4594112      1304
18:19:25      1451684   2976468   4908204     59.68     53528   1635740  14854212    180.62    914560   5536768        28
18:19:30      1454940   2749604   5135416     62.45     22196   1437200  14854868    180.63    910140   5540056        60
18:19:35      5759792   7080604    804396      9.78     22196   1463368  14854868    180.63    933572   1180492        76
18:19:40      5709036   7096444    788592      9.59     22328   1529784  14855796    180.64    997424   1177816       984
18:19:45      5726284   7113712    771324      9.38     22328   1529804  14855796    180.64    997424   1181492      1004
18:19:50      5725344   7112784    772252      9.39     22328   1529816  14855796    180.64    997424   1178748      1016
18:19:55      5725344   7112800    772236      9.39     22328   1529832  14855796    180.64    997424   1179384       956
18:20:00      5725344   7112812    772224      9.39     22328   1529844  14855796    180.64    997424   1181956       920
18:20:05      5725344   7112828    772208      9.39     22328   1529860  14855796    180.64    997424   1182404       940
18:20:10      5725344   7112844    772192      9.39     22328   1529876  14855796    180.64    997424   1182696        96
18:20:15      5388392   7164436    720616      8.76     29036   1911328  14841280    180.47   1339876   1174440      1352
18:20:20      4620804   6397040   1488004     18.09     29036   1911524  14844452    180.50   1339960   1935268      1368
18:20:25      3754564   5530820   2354224     28.63     29036   1911536  14847220    180.54   1339960   2809236      1300
18:20:30      2906404   4682676   3202368     38.94     29036   1911552  14849772    180.57   1339960   3659004      1288
18:20:35      2033868   3810152   4074892     49.55     29036   1911564  14852508    180.60   1339960   4527360      1300
18:20:40      1873368   3649668   4235368     51.50     29036   1911580  14853104    180.61   1339960   4690264      1272
18:20:45      5350288   7127316    757712      9.21     29036   1912316  14854032    180.62   1339960   1208244      2028
18:20:50      5342412   7119456    765580      9.31     29036   1912324  14854032    180.62   1339960   1209472       852
18:20:55      5342412   7119472    765564      9.31     29036   1912340  14854032    180.62   1339960   1211972       868
18:21:00      5342412   7119492    765544      9.31     29036   1912360  14854032    180.62   1339960   1212772       824
18:21:05      5647624   7425744    464008      5.64     29036   1913400   7735024     94.06   1651764    637172      1456
18:21:10      4993724   6772748   1111960     13.52     29036   1914304  14843216    180.49   1652528   1243652      1888
18:21:15      4097016   5876052   2008656     24.42     29036   1914316  14847252    180.54   1652560   2143716      1904
18:21:20      3259448   5038496   2846212     34.61     29036   1914328  14850864    180.58   1652560   2992020      1196
18:21:25      2733396   4512464   3372244     41.01     29036   1914348  14853032    180.61   1652560   3512100      1236
18:21:30      5367896   7147608    737096      8.96     29036   1914988  14853960    180.62   1652560    878664      1820
18:21:35      5367896   7147624    737076      8.96     29036   1915004  14853960    180.62   1652560    880144      1836
18:21:40      5367392   7147136    737568      8.97     29036   1915016  14853960    180.62   1652560    883844       752
18:21:45      5435452   7219112    665368      8.09     29148   1918820  14846012    180.52   1657300    816332      1748
18:21:50      4900376   6685752   1198712     14.58     29148   1920524  14850624    180.58   1657808   1357172      2024
18:21:55      5387908   7173372    711092      8.65     29148   1920612  14850624    180.58   1657928    856476      2116
18:22:00      5497468   7284272    599988      7.30     29148   1921952  13792444    167.71   1661644    753832      2844
18:22:05      4940288   6727224   1156996     14.07     29148   1922080  14843144    180.49   1661744   1308808      2132
18:22:10      4049504   5836456   2047760     24.90     29148   1922096  14846056    180.52   1661744   2198536      2156
18:22:15      3209824   4996788   2887428     35.11     29148   1922108  14848672    180.56   1661744   3047364      2128
18:22:20      2300768   4087744   3796472     46.16     29148   1922120  14851128    180.59   1661744   3943136      1128
18:22:25      1461088   3246008   4638104     56.40     29148   1920168  14853644    180.62   1620744   4822924       824
18:22:30      1452332   2781068   5103116     62.05     26756   1466316  14854908    180.63   1119120   5326328        40
18:22:35      1460524   2787324   5096884     61.98     26756   1464356  14854908    180.63   1102024   5309340        60
18:22:40      5705768   7110956    773260      9.40     26772   1542712  14855836    180.64   1176624   1016208       964
18:22:45      5695812   7101016    783200      9.52     26772   1542728  14855836    180.64   1176624   1018584       980
18:22:50      5698692   7103908    780308      9.49     26772   1542740  14855836    180.64   1176624   1023648       992
18:22:55      5698692   7103920    780296      9.49     26772   1542752  14855836    180.64   1176624   1026364      1004
18:23:00      5698692   7103932    780276      9.49     26772   1542772  14855836    180.64   1176624   1026612       956
18:23:05      5698692   7103952    780264      9.49     26772   1542784  14855836    180.64   1176624   1027140       916
18:23:10      6061764   7523676    366372      4.45     26836   1599616   4556908     55.41   1229020    677756      1704
18:23:15      5224240   7019808    864604     10.51     27652   1932216  14842040    180.48   1510964   1184704      1316
18:23:20      4333644   6129308   1755092     21.34     27652   1932320  14845452    180.52   1510972   2074748      1332
18:23:25      3434604   5230288   2654120     32.27     27652   1932332  14848528    180.55   1510972   2983712      1348
18:23:30      2581628   4377324   3507084     42.65     27652   1932344  14851076    180.59   1510972   3834000      1268
18:23:35      1703068   3498776   4385628     53.33     27652   1932360  14853868    180.62   1510972   4711912      1244
18:23:40      1456492   3158772   4726136     57.47     27652   1839432  14854996    180.63   1065032   5383316        20
18:23:45      5392784   7095888    789008      9.59     27652   1840260  14855924    180.64   1065028   1437532       872
18:23:50      5403024   7106148    778752      9.47     27652   1840276  14855924    180.64   1065028   1424928       896
18:23:55      5393944   7097080    787824      9.58     27652   1840284  14855924    180.64   1065028   1430452       904
18:24:00      5393944   7097096    787804      9.58     27652   1840304  14855924    180.64   1065028   1432796       932
18:24:05      5393016   7096188    788716      9.59     27652   1840320  14855924    180.64   1065028   1431668       948
18:24:10      5393016   7096196    788700      9.59     27652   1840328  14855924    180.64   1065028   1431600       916
18:24:15      5363620   7111628    772736      9.40     31028   1881284  13792516    167.71   1190228   1217044      2036
18:24:20      4927396   6675528   1208728     14.70     31028   1881408  14843308    180.49   1190480   1774964      1248
18:24:25      4025520   5773664   2110588     25.66     31028   1881420  14846260    180.53   1190480   2677672      1260
18:24:30      3196648   4944808   2939444     35.74     31028   1881436  14848716    180.56   1190480   3522008      1284
18:24:35      2316072   4064248   3820008     46.45     31028   1881448  14851188    180.59   1190480   4390172      1296
18:24:40      1460136   3208264   4675924     56.86     31028   1881468  14853932    180.62   1113856   5320320      1316
18:24:45      1444880   3040292   4845176     58.92     29276   1731784  14854580    180.63   1270008   5185764        24
18:24:50      5518664   7115132    770400      9.37     29276   1732776  14855508    180.64   1270196   1110792       928
18:24:55      5518440   7114924    770608      9.37     29276   1732792  14855508    180.64   1270196   1111668       944
18:25:00      5510248   7106744    778788      9.47     29276   1732804  14855508    180.64   1270196   1114556       964
18:25:05      5511016   7107532    778004      9.46     29276   1732820  14855508    180.64   1270196   1114192       980
18:25:10      5509296   7105964    779560      9.48     29408   1732844  14855508    180.64   1270340   1117024       992
18:25:15      5509296   7105980    779548      9.48     29408   1732856  14855508    180.64   1270340   1117472       964
18:25:20      5509296   7105996    779528      9.48     29408   1732876  14855508    180.64   1270340   1117100       892
18:25:25      5400984   7171416    713136      8.67     31292   1903448  14841332    180.47   1413548   1090472      1284
18:25:30      4605668   6376188   1508356     18.34     31292   1903540  14844824    180.51   1413680   1889352      1312
18:25:35      3694560   5465092   2419456     29.42     31292   1903548  14848032    180.55   1413680   2801204      1320
18:25:40      2830372   4600924   3283620     39.93     31292   1903564  14850964    180.58   1413680   3660648      1336
18:25:45      1941540   3712104   4172432     50.74     31292   1903584  14854008    180.62   1413680   4553444      1356
18:25:50      1708068   3478648   4405896     53.57     31292   1903592  14854872    180.63   1413680   4787772      1284
18:25:55      5356288   7127636    756900      9.20     31292   1904368  14855800    180.64   1413680   1131880      1308
18:26:00      5351940   7123304    761236      9.26     31292   1904376  14855800    180.64   1413680   1132384       860
18:26:05      5351184   7122568    761972      9.27     31292   1904396  14855800    180.64   1413680   1135572       880
18:26:10      5350680   7122080    762456      9.27     31292   1904412  14855800    180.64   1413680   1136084       904
18:26:15      5350680   7122088    762444      9.27     31292   1904424  14855800    180.64   1413680   1136688       916
18:26:20      5408820   7181708    702776      8.55     31292   1905900  14840872    180.46   1658660    833736      2040
18:26:25      4564416   6337604   1546880     18.81     31292   1906196  14844048    180.50   1658776   1683620      1936
18:26:30      3670704   5443904   2440572     29.68     31292   1906216  14847580    180.54   1658776   2580472      1164
18:26:35      5389964   7163728    720756      8.76     31292   1906772  14848640    180.56   1658776    856428      1740
18:26:40      5389712   7163488    720980      8.77     31292   1906788  14848640    180.56   1658776    857164      1752
18:26:45      5389712   7163508    720964      8.77     31292   1906804  14848640    180.56   1658776    858536      1768
18:26:50      5120856   6896980    987364     12.01     31292   1909132  14847132    180.54   1661852   1125880      1648
18:26:55      5369160   7148268    735996      8.95     31424   1911932  14845296    180.51   1663404    855268      1920
18:27:00      5701204   7480572    408916      4.97     31424   1912188   4584436     55.75   1665616    598912      2152
18:27:05      5147048   6927508    956892     11.64     31424   1913276  14838408    180.43   1666256   1089756      2100
18:27:10      4241832   6022316   1862072     22.64     31424   1913288  14841616    180.47   1666256   1998684      2116
18:27:15      3336384   5116880   2767504     33.65     31424   1913304  14844632    180.51   1666256   2919484      2132
18:27:20      2475324   4255840   3628548     44.12     31424   1913320  14846984    180.54   1666256   3772748      1236
18:27:25      1591420   3371948   4512444     54.87     31424   1913332  14849552    180.57   1666256   4664776       812
18:27:30      1443860   2779020   5105356     62.08     30432   1469008  14851180    180.59   1111972   5343164        12
18:27:35      1441628   2776872   5107532     62.11     30432   1469064  14851180    180.59   1112012   5314644       136
18:27:40      5655776   7069168    815188      9.91     30592   1547044  14852108    180.60   1187072   1038964      1072
18:27:45      5667096   7080504    803848      9.77     30592   1547060  14852108    180.60   1187072   1025776      1088
18:27:50      5690332   7103752    780596      9.49     30592   1547076  14852108    180.60   1187072   1030640      1104
18:27:55      5690040   7103480    780872      9.50     30592   1547092  14852108    180.60   1187072   1030340      1120
18:28:00      5684192   7097644    786708      9.57     30592   1547104  14852108    180.60   1187072   1049780       976
18:28:05      5669844   7090600    793676      9.65     31256   1553668  14852108    180.60   1189812   1052328      1052
18:28:10      6042048   7507460    383192      4.66     31288   1598412   4241784     51.58   1230964    701616       864
18:28:15      5208672   7015404    869132     10.57     31356   1939540  14838180    180.43   1521224   1183540      1424
18:28:20      4211384   6129136   1755340     21.34     31356   2050536  14841476    180.47   1524812   2170620      1472
18:28:25      3301160   5218936   2665544     32.41     31356   2050552  14844540    180.51   1524880   3087068      1488
18:28:30      2416872   4334668   3549816     43.16     31356   2050572  14847132    180.54   1524880   3959104      1292
18:28:35      1499876   3417712   4466768     54.31     31356   2050612  14850000    180.57   1607388   4795144      1356
18:28:40      1400812   3123352   4761808     57.90     23036   1864344  14851052    180.58   1249744   5254412       160
18:28:45      5305656   7068900    816268      9.93     23036   1905040  14851980    180.60   1285460   1306704      1012
18:28:50      5302888   7066176    818984      9.96     23040   1905084  14851980    180.60   1285468   1292656      1040
18:28:55      5302664   7065964    819196      9.96     23040   1905096  14851980    180.60   1285468   1297492      1052
18:29:00      5334384   7097704    787460      9.58     23040   1905112  14851980    180.60   1285468   1269456      1068
18:29:05      5330328   7093656    791508      9.62     23040   1905120  14851980    180.60   1285468   1275416       956
18:29:10      5330328   7093672    791496      9.62     23040   1905136  14851980    180.60   1285460   1274248       972
18:29:15      5358528   7199772    684552      8.32     32876   1972540  14837424    180.42   1376540   1177284      2108
18:29:20      4652820   6494072   1390244     16.90     32876   1972552  14840408    180.46   1376540   1882644      1324
18:29:25      3749936   5591208   2293112     27.88     32876   1972564  14843712    180.50   1376540   2798764      1336
18:29:30      2921032   4762320   3121988     37.96     32876   1972580  14846376    180.53   1376540   3627924      1356
18:29:35      2050916   3892216   3992084     48.54     32876   1972596  14849528    180.57   1376540   4492640      1236
18:29:40      4414860   6266100   1618172     19.68     33012   1982404  14853936    180.62   1376716   2096304     10780
18:29:45      5231996   7109532    774436      9.42     33012   2008388  14854864    180.63   1377328   1301912     36144
18:29:50      5220548   7090272    793928      9.65     33060   2000736  14850456    180.58   1402380   1265900       944
18:29:55      5220548   7090284    793920      9.65     33060   2000744  14850456    180.58   1402380   1268512       956
18:30:00      5231376   7101128    783072      9.52     33060   2000760  14850456    180.58   1402380   1258044       972
18:30:05      5022888   6893724    990128     12.04     33064   2001860  14837288    180.42   1779736   1076284      2056
18:30:10      4103620   5974472   1909388     23.22     33064   2001880  14840176    180.45   1779736   2001064      1864
18:30:15      5266224   7137576    746276      9.07     33064   2002388  14842036    180.48   1779736    832832      1696
18:30:20      5275024   7146404    737456      8.97     33064   2002400  14842036    180.48   1779736    833860      1676
18:30:25      5363472   7235864    648484      7.89     33064   2003424  13791572    167.70   1779972    718264      2548
18:30:30      4908624   6782088   1102168     13.40     33064   2004512  14843748    180.50   1780736   1185176      2896
18:30:35      5269484   7142976    741296      9.01     33064   2004524  14843748    180.50   1780776    827248      1864
18:30:40      5287560   7161784    722344      8.78     33068   2005252  14837416    180.42   1782512    837160      2484
18:30:45      4468740   6342976   1541152     18.74     33068   2005264  14840644    180.46   1782512   1657308      2496
18:30:50      3534884   5409132   2474992     30.10     33068   2005280  14843292    180.49   1782512   2581404      2036
18:30:55      2670628   4544888   3339244     40.60     33068   2005288  14845856    180.52   1782512   3446464      1592
18:31:00      1777888   3652164   4231968     51.46     33068   2005304  14848348    180.55   1782512   4338320      1112
18:31:05      1428796   2770212   5113872     62.18     31028   1474552  14850672    180.58    925692   5532060        28
18:31:10      1428744   2771644   5112484     62.17     31028   1475988  14850764    180.58    926904   5532688        52
18:31:15      5712656   7095596    788540      9.59     31028   1516020  14851692    180.59    965316   1206260       936
18:31:20      5721204   7104152    779976      9.48     31028   1516036  14851692    180.59    965316   1206804       960
18:31:25      5711996   7094964    789176      9.60     31028   1516048  14851692    180.59    965316   1209156       972
18:31:30      5710828   7093812    790328      9.61     31028   1516064  14851692    180.59    965316   1211672       992
18:31:35      5706732   7089728    794412      9.66     31028   1516076  14851692    180.59    965316   1214224      1004
18:31:40      5706732   7089740    794396      9.66     31028   1516092  14851692    180.59    965316   1214576       932
18:31:45      5706732   7089752    794384      9.66     31028   1516104  14851692    180.59    965316   1214508       948
18:31:50      5188340   7104420    780140      9.49     31028   2049160  14837468    180.42   1512924   1204060      1244
18:31:55      4270336   6186548   1698012     20.65     31028   2049288  14841372    180.47   1513040   2115272      1252
18:32:00      3382068   5298292   2586268     31.45     31028   2049300  14845752    180.52   1513112   3012436      1264
18:32:05      2503956   4420192   3464360     42.13     31028   2049320  14849464    180.57   1513112   3873436      1284
18:32:10      2446612   4362864   3521688     42.82     31028   2049328  14849728    180.57   1513112   3917424      1256
18:32:15      5216640   7133544    751008      9.13     31028   2049980  14850656    180.58   1513112   1156664      1884
18:32:20      5216388   7133308    751240      9.13     31028   2049996  14850656    180.58   1513112   1159216       684
18:32:25      5216388   7133324    751224      9.13     31028   2050012  14850656    180.58   1513112   1163672       700
18:32:30      5049176   6967360    916716     11.15     31032   2051256  14841308    180.47   1755096   1106460      2008
18:32:35      5266368   7184616    699460      8.51     31032   2051320  14841308    180.47   1755096    881332      2076
18:32:40      5259388   7178360    705820      8.58     31032   2052044  14837444    180.42   1763836    882784      2800
18:32:45      4494004   6413000   1471176     17.89     31032   2052064  14840764    180.46   1763836   1653716      2136
18:32:50      3594560   5513564   2370612     28.83     31032   2052072  14844212    180.50   1763836   2560084      2020
18:32:55      2743740   4662760   3221416     39.17     31032   2052088  14847028    180.54   1763836   3411380      2040
18:33:00      1833232   3752268   4131904     50.24     31032   2052104  14850208    180.57   1763836   4313836       780
18:33:05      1683680   3602724   4281440     52.06     31032   2052116  14850792    180.58   1763836   4460008       792
18:33:10      5193784   7113604    770564      9.37     31032   2052888  14851720    180.59   1763836    927944      1588
18:33:15      5193784   7113616    770552      9.37     31032   2052904  14851720    180.59   1763836    928828       896
18:33:20      5193784   7113632    770536      9.37     31032   2052920  14851720    180.59   1763836    931532       920
18:33:25      5193784   7113648    770524      9.37     31032   2052932  14851720    180.59   1763836    931924       808
18:33:30      5174920   7094996    789176      9.60     31032   2053144  14851720    180.59   1763868    956776      1080
18:33:35      5011488   6932652    951516     11.57     31036   2054228  14837036    180.41   1764164   1118004      2212
18:33:40      4269104   6190284   1693868     20.60     31036   2054244  14839012    180.44   1764164   1860284      2228
18:33:45      5247944   7169576    714584      8.69     31036   2054692  14839936    180.45   1764164    878292      1920
18:33:50      5358036   7280508    603832      7.34     31036   2055532  13789888    167.68   1764172    778244      2768
18:33:55      5227152   7149940    734312      8.93     31036   2055844  14840808    180.46   1764180    879052      2928
18:34:00      5482020   7406676    482768      5.87     31040   2057708   4592648     55.85   1765332    693876      3244
18:34:05      4837288   6762412   1121476     13.64     31040   2058176  14838908    180.44   1765340   1287852      2932
18:34:10      3906640   5831784   2052092     24.95     31040   2058196  14841608    180.47   1765340   2225432      2500
18:34:15      3062120   4987288   2896576     35.22     31040   2058224  14844252    180.50   1765544   3081348      2116
18:34:20      5183408   7109196    774664      9.42     31040   2058848  14845180    180.51   1765544    936984      2736
18:34:25      5191184   7116988    766876      9.33     31040   2058860  14845180    180.51   1765544    931144      1920
18:34:30      5174020   7101888    781904      9.51     31188   2060768  14845180    180.51   1766892    945608      1544
18:34:35      5318708   7247564    636872      7.74     31188   2061752  13789304    167.67   1766896    815024      1784
18:34:40      5183228   7133484    750812      9.13     31264   2083064  14873164    180.85   1769456    953972      2140
Average:      4380884   6046164   1838708     22.36     47192   1782547  14641245    178.03   1268555   2249669      1346
