Linux 6.18.44-fc-v50 (vm) 	09/29/26 	_x86_64_	(2 CPU)

22:13:25        CPU     %user     %nice   %system   %iowait    %steal     %idle
22:13:30        all      1.50      0.00      0.80     25.23      0.00     72.47
22:13:35        all      3.20      0.00      0.80     50.85      0.00     45.15
22:13:40        all      1.20      0.00      1.20     58.04      0.10     39.46
22:13:45        all      3.10      0.00      1.00     52.20      0.00     43.70
22:13:50        all      2.81      0.00      1.20     50.55      0.00     45.44
22:13:55        all      1.41      0.00      1.61     48.24      0.00     48.74
22:14:00        all      0.80      0.00      0.40     49.40      0.00     49.40
22:14:05        all      1.50      0.00      0.40     49.15      0.00     48.95
22:14:10        all      0.50      0.00      0.40     49.45      0.00     49.65
22:14:15        all      0.80      0.00      1.00     48.95      0.00     49.25
22:14:20        all      1.20      0.00      0.60     49.00      0.00     49.20
22:14:25        all      0.50      0.00      0.60     49.30      0.00     49.60
22:14:30        all      3.19      0.00      3.09     45.51      0.00     48.20
22:14:35        all      1.20      0.00      1.60     53.10      0.00     44.10
22:14:40        all      0.20      0.00      0.60     86.80      0.00     12.40
22:14:45        all      0.50      0.00      0.50     91.97      0.00      7.03
22:14:50        all      0.80      0.00      0.90     93.31      0.00      4.99
22:14:55        all      0.60      0.00      0.70     97.50      0.00      1.20
22:15:00        all      0.90      0.00      0.50     93.39      0.00      5.21
22:15:05        all      0.70      0.00      0.90     94.82      0.00      3.59
22:15:10        all      0.20      0.00      0.80     94.88      0.00      4.12
22:15:15        all      0.50      0.00      0.80     96.40      0.00      2.30
22:15:20        all      0.70      0.00      1.00     91.99      0.00      6.31
22:15:25        all      0.70      0.00      0.70     84.38      0.00     14.21
22:15:30        all      0.60      0.00      0.70     94.99      0.00      3.71
22:15:35        all      0.80      0.00      0.70     97.29      0.00      1.20
22:15:40        all      1.00      0.00      0.90     93.80      0.00      4.30
22:15:45        all      0.60      0.00      1.00     96.80      0.00      1.60
22:15:50        all      1.01      0.00      0.91     93.55      0.00      4.54
22:15:55        all      4.59      0.00      2.50     83.03      0.00      9.88
22:16:00        all      4.79      0.00      2.79     65.80      0.00     26.62
22:16:05        all      0.30      0.00      1.60     48.75      0.00     49.35
22:16:10        all      0.50      0.00      1.00     51.95      0.00     46.55
22:16:15        all      0.90      0.00      0.90     49.55      0.00     48.65
22:16:20        all      0.50      0.00      0.90     49.45      0.00     49.15
22:16:25        all      0.70      0.00      1.20     48.95      0.00     49.15
22:16:30        all      0.50      0.00      0.70     49.40      0.00     49.40
22:16:35        all      0.50      0.00      1.10     48.85      0.00     49.55
22:16:40        all      0.70      0.00      0.70     50.90      0.00     47.70
22:16:45        all      0.40      0.00      1.10     49.25      0.00     49.25
22:16:50        all      0.60      0.00      0.80     49.45      0.00     49.15
22:16:55        all      0.80      0.00      0.90     48.85      0.00     49.45
22:17:00        all      0.50      0.00      1.10     48.90      0.00     49.50
22:17:05        all      0.60      0.00      1.30     48.60      0.00     49.50
22:17:10        all      0.50      0.00      0.80     50.65      0.00     48.05
22:17:15        all      0.50      0.00      1.21     48.59      0.00     49.70
22:17:20        all     13.49      0.00      4.67     34.18      0.00     47.67
22:17:25        all     51.10      0.00      1.20      0.10      0.00     47.60
22:17:30        all     50.50      0.00      0.80      0.00      0.10     48.60
22:17:35        all     50.15      0.00      1.10      0.00      0.00     48.75
22:17:40        all     50.40      0.00      0.60      0.00      0.00     49.00
22:17:45        all     50.30      0.00      1.20      0.00      0.00     48.50
22:17:50        all     50.50      0.00      0.70      0.00      0.00     48.80
22:17:55        all     50.40      0.00      1.00      0.00      0.00     48.60
22:18:00        all     53.35      0.00      1.40      0.00      0.10     45.15
22:18:05        all     51.15      0.00      1.30      0.00      0.00     47.55
22:18:10        all     52.20      0.00      1.00      0.00      0.00     46.79
22:18:15        all     51.60      0.00      1.20      0.00      0.00     47.19
22:18:20        all     51.65      0.00      1.00      0.00      0.00     47.35
22:18:25        all     50.45      0.00      0.90      0.00      0.00     48.65
22:18:30        all     50.25      0.00      1.20      0.00      0.10     48.45
22:18:35        all     50.15      0.00      1.00      0.00      0.00     48.85
22:18:40        all     50.30      0.00      1.30      0.00      0.00     48.40
22:18:45        all     50.15      0.00      1.00      0.00      0.10     48.75
22:18:50        all     50.55      0.00      1.20      0.00      0.00     48.24
22:18:55        all     50.60      0.00      0.90      0.00      0.00     48.50
22:19:00        all     50.35      0.00      0.90      0.00      0.00     48.75
22:19:05        all     50.25      0.00      0.80      0.00      0.00     48.95
22:19:10        all     50.20      0.00      1.00      0.00      0.00     48.80
22:19:15        all     50.40      0.00      0.90      0.00      0.00     48.70
22:19:20        all     50.50      0.00      1.00      0.00      0.10     48.40
22:19:25        all     50.65      0.00      0.70      0.00      0.00     48.65
22:19:30        all     50.20      0.00      1.20      0.00      0.00     48.60
22:19:35        all     50.40      0.00      0.80      0.00      0.00     48.80
22:19:40        all     50.25      0.00      1.00      0.00      0.00     48.75
22:19:45        all     50.45      0.00      0.70      0.00      0.00     48.85
22:19:50        all     50.65      0.00      0.90      0.00      0.00     48.45
22:19:55        all     50.65      0.00      0.70      0.00      0.00     48.65
22:20:00        all     50.30      0.00      1.00      0.00      0.00     48.70
22:20:05        all     50.35      0.00      0.70      0.00      0.00     48.95
22:20:10        all     50.30      0.00      1.20      0.00      0.00     48.50
22:20:15        all     50.35      0.00      0.70      0.00      0.00     48.95
22:20:20        all     50.45      0.00      1.10      0.00      0.00     48.45
22:20:25        all     50.20      0.00      1.00      0.00      0.00     48.80
22:20:30        all     50.50      0.00      1.00      0.00      0.00     48.50
22:20:35        all     50.35      0.00      0.80      0.00      0.00     48.85
22:20:40        all     50.25      0.00      1.11      0.00      0.00     48.64
22:20:45        all     50.45      0.00      0.70      0.00      0.00     48.85
22:20:50        all     50.40      0.00      1.00      0.00      0.00     48.60
22:20:55        all     50.60      0.00      0.70      0.00      0.00     48.70
22:21:00        all     50.50      0.00      1.20      0.00      0.00     48.30
22:21:05        all     50.25      0.00      0.60      0.10      0.10     48.95
22:21:10        all     50.35      0.00      1.00      0.00      0.00     48.65
22:21:15        all     50.75      0.00      0.80      0.00      0.00     48.45
22:21:20        all     50.30      0.00      0.90      0.00      0.00     48.80
22:21:25        all     50.45      0.00      1.00     15.72      0.00     32.83
22:21:30        all     49.45      0.00      1.00      5.51      0.00     44.04
22:21:35        all     52.25      0.00      1.10      0.00      0.00     46.65
22:21:40        all     50.50      0.00      1.00      0.00      0.00     48.50
22:21:45        all     50.40      0.00      0.70      0.00      0.00     48.90
22:21:50        all     50.20      0.00      1.20      0.00      0.00     48.60
22:21:55        all     51.70      0.00      0.80      0.00      0.00     47.49
22:22:00        all     51.15      0.00      1.20      0.00      0.00     47.65
22:22:05        all     51.70      0.00      1.20      1.20      0.00     45.90
22:22:10        all     50.85      5.22      2.21     40.12      0.00      1.60
22:22:15        all     49.85     49.05      1.00      0.00      0.10      0.00
22:22:20        all     49.45     49.25      1.30      0.00      0.00      0.00
22:22:25        all     49.60     49.20      1.20      0.00      0.00      0.00
22:22:30        all     48.95     48.45      2.49      0.00      0.00      0.10
22:22:35        all     49.70     48.90      1.40      0.00      0.00      0.00
22:22:40        all     50.20     11.82      1.90     11.62      0.00     24.45
22:22:45        all     50.30      0.00      0.70      0.10      0.00     48.90
22:22:50        all     50.20      0.00      1.20      0.00      0.00     48.60
22:22:55        all     50.65      0.00      0.70      0.00      0.00     48.65
22:23:00        all     50.35      0.00      1.00      0.00      0.00     48.65
22:23:05        all     50.20      0.00      0.90      0.30      0.00     48.60
22:23:10        all     50.55      0.00      1.20      0.00      0.00     48.25
22:23:15        all     50.20      0.00      0.70      0.00      0.00     49.10
22:23:20        all     50.50      0.00      1.10      0.00      0.00     48.40
22:23:25        all     50.25      0.00      0.90      0.00      0.00     48.85
22:23:30        all     50.55      0.00      0.90      0.00      0.00     48.55
22:23:35        all     50.25      0.00      0.80      0.00      0.10     48.85
22:23:40        all     52.05      0.00      1.70      0.00      0.00     46.25
22:23:45        all     50.30      0.00      0.60      0.00      0.00     49.10
22:23:50        all     51.20      0.00      1.20      0.00      0.00     47.60
22:23:55        all     53.06      0.00      1.10      0.00      0.00     45.84
22:24:00        all     50.80      0.00      1.20      0.00      0.00     48.00
22:24:05        all     53.45      0.00      1.10      0.00      0.00     45.45
22:24:10        all     51.90      0.00      1.40      0.00      0.00     46.71
22:24:15        all     81.58      0.00      0.90      0.00      0.00     17.52
22:24:20        all     98.70      0.00      1.30      0.00      0.00      0.00
22:24:25        all     99.00      0.00      0.90      0.00      0.00      0.10
22:24:30        all     98.60      0.00      1.40      0.00      0.00      0.00
22:24:35        all     65.17      0.00      2.10      0.90      0.20     31.63
22:24:40        all     50.45      0.00      1.40      0.00      0.10     48.05
22:24:45        all     52.90      2.20      2.80      0.40      0.00     41.70
22:24:50        all     48.30     39.50      8.00      4.20      0.00      0.00
22:24:55        all     49.10     49.80      1.10      0.00      0.00      0.00
22:25:00        all     49.65     48.25      2.00      0.00      0.00      0.10
22:25:05        all     49.30     49.20      1.30      0.00      0.00      0.20
22:25:10        all     49.00     39.90      4.50      6.30      0.00      0.30
22:25:15        all     49.50     49.10      1.20      0.10      0.10      0.00
22:25:20        all     50.10     48.50      1.30      0.00      0.00      0.10
22:25:25        all     49.60     49.20      1.00      0.00      0.00      0.20
22:25:30        all     49.00     49.30      1.70      0.00      0.00      0.00
22:25:35        all     49.95     48.85      0.90      0.10      0.00      0.20
22:25:40        all     50.25     48.14      1.50      0.00      0.00      0.10
22:25:45        all     49.55     49.25      1.10      0.00      0.00      0.10
22:25:50        all     49.15     48.95      1.70      0.00      0.00      0.20
22:25:55        all     50.00     48.50      1.30      0.00      0.00      0.20
22:26:00        all     49.55     48.55      1.60      0.00      0.00      0.30
22:26:05        all     49.25     49.65      1.10      0.00      0.00      0.00
22:26:10        all     48.90     49.30      1.40      0.00      0.00      0.40
22:26:15        all     49.85     45.85      4.00      0.00      0.00      0.30
22:26:20        all     50.55      3.00      1.20      0.00      0.00     45.25
22:26:25        all     50.15      0.00      0.80      0.00      0.10     48.95
22:26:30        all     50.25      0.00      1.00      0.00      0.00     48.75
22:26:35        all     51.40      0.00      0.70      0.00      0.00     47.90
22:26:40        all     50.60      0.00      1.20      0.00      0.00     48.20
22:26:45        all     50.25      0.00      0.80      0.00      0.00     48.95
22:26:50        all     50.45      0.00      1.00      0.00      0.00     48.55
22:26:55        all     50.45      0.00      0.70      0.00      0.00     48.85
22:27:00        all     50.20      0.00      1.20      0.00      0.00     48.60
22:27:05        all     50.70      0.00      1.00      0.00      0.00     48.30
22:27:10        all     50.55      0.00      1.10      0.00      0.00     48.35
22:27:15        all     50.45      0.00      0.60      0.00      0.10     48.85
22:27:20        all     50.35      0.00      1.10      0.10      0.00     48.45
22:27:25        all     50.40      0.00      0.60      0.00      0.00     49.00
22:27:30        all     50.00      0.00      1.30      0.00      0.00     48.70
22:27:35        all     50.35      0.00      0.80      0.00      0.00     48.85
22:27:40        all     50.40      0.00      1.10      0.00      0.00     48.50
22:27:45        all     50.30      0.00      0.90      0.00      0.00     48.80
22:27:50        all     50.55      0.00      1.00      0.00      0.00     48.45
22:27:55        all     50.30      0.00      0.60      0.00      0.00     49.10
22:28:00        all     50.35      0.00      1.00      0.00      0.10     48.55
22:28:05        all     50.35      0.00      0.80      0.00      0.00     48.85
22:28:10        all     50.55      0.00      1.10      0.00      0.00     48.35
22:28:15        all     50.60      0.00      0.60      0.00      0.00     48.80
22:28:20        all     50.25      0.00      1.30      0.00      0.00     48.45
22:28:25        all     50.60      0.00      0.70      0.00      0.00     48.70
22:28:30        all     50.35      0.00      1.10      0.00      0.10     48.45
22:28:35        all     50.40      0.00      0.60      0.00      0.00     49.00
22:28:40        all     50.25      0.00      1.10      0.00      0.00     48.65
22:28:45        all     53.10      0.00      1.30      0.10      0.00     45.50
22:28:50        all     51.15      0.00      1.40      0.00      0.00     47.45
22:28:55        all     51.75      0.00      1.30      0.00      0.00     46.95
22:29:00        all     50.30      0.00      1.00      0.00      0.00     48.70
22:29:05        all     50.70      0.00      0.60      0.00      0.00     48.70
22:29:10        all     50.75      0.00      1.00      0.00      0.00     48.25
22:29:15        all     51.86      0.00      0.80      0.00      0.00     47.34
22:29:20        all     50.60      0.00      1.00      0.00      0.00     48.40
22:29:25        all     50.65      0.00      0.60      0.00      0.00     48.75
22:29:30        all     50.60      0.00      1.10      0.00      0.00     48.30
22:29:35        all     50.50      0.00      0.80      0.00      0.00     48.70
22:29:40        all     50.35      0.00      1.20      0.00      0.00     48.45
22:29:45        all     50.50      0.00      0.80      0.00      0.00     48.70
22:29:50        all     50.25      0.00      1.10      0.00      0.00     48.65
22:29:55        all     50.35      0.00      0.80      0.00      0.00     48.85
22:30:00        all     50.30      0.00      1.40      0.00      0.00     48.30
22:30:05        all     50.45      0.00      0.70      0.00      0.00     48.85
22:30:10        all     50.25      0.00      1.10      0.00      0.00     48.65
22:30:15        all     50.75      0.00      0.70      0.00      0.00     48.55
22:30:20        all     50.50      0.00      0.90      0.00      0.00     48.60
22:30:25        all     50.40      0.00      0.70      0.00      0.00     48.90
22:30:30        all     50.30      0.00      1.10      0.00      0.00     48.60
22:30:35        all     50.40      0.00      0.70      0.00      0.00     48.90
22:30:40        all     50.30      0.00      1.10      0.00      0.00     48.60
22:30:45        all     50.40      0.00      0.70      0.00      0.10     48.80
22:30:50        all     50.40      0.00      1.00      0.00      0.00     48.60
22:30:55        all     50.45      0.00      0.70      0.00      0.00     48.85
22:31:00        all     50.30      0.00      1.30      0.00      0.00     48.40
22:31:05        all     51.50      0.00      0.60      0.00      0.00     47.90
22:31:10        all     50.30      0.00      0.90      0.00      0.00     48.80
22:31:15        all     50.35      0.00      0.60      0.00      0.00     49.05
22:31:20        all     50.40      0.00      1.10      0.00      0.00     48.50
22:31:25        all     50.25      0.00      0.90      0.00      0.00     48.85
22:31:30        all     50.15      0.00      1.00      0.00      0.00     48.85
22:31:35        all     50.60      0.00      0.60      0.00      0.10     48.70
22:31:40        all     50.25      0.00      1.10      0.00      0.00     48.65
22:31:45        all     50.40      0.00      0.60      0.10      0.00     48.90
22:31:50        all     50.40      0.00      1.00      0.00      0.00     48.60
22:31:55        all     50.25      0.00      0.80      0.00      0.00     48.95
22:32:00        all     50.40      0.00      1.00      0.00      0.00     48.60
22:32:05        all     50.40      0.00      0.70      0.00      0.00     48.90
22:32:10        all     50.45      0.00      1.10      0.00      0.10     48.35
22:32:15        all     50.40      0.00      0.70      0.00      0.00     48.90
22:32:20        all     50.80      0.00      1.10      0.00      0.00     48.10
22:32:25        all     50.40      0.00      0.50      0.00      0.00     49.10
22:32:30        all     50.25      0.00      1.10      0.00      0.00     48.65
22:32:35        all     50.40      0.00      0.60      0.00      0.00     49.00
22:32:40        all     50.35      0.00      1.20      0.00      0.00     48.45
22:32:45        all     50.25      0.00      0.80      0.00      0.00     48.95
22:32:50        all     50.60      0.00      0.90      0.00      0.00     48.50
22:32:55        all     50.25      0.00      0.60      0.00      0.20     48.95
22:33:00        all     50.25      0.00      1.40      0.00      0.00     48.35
22:33:05        all     50.35      0.00      0.70      0.00      0.00     48.95
22:33:10        all     50.55      0.00      1.00      0.00      0.00     48.45
22:33:15        all     50.35      0.00      0.70      0.00      0.10     48.85
22:33:20        all     50.65      0.00      1.00      0.00      0.10     48.25
22:33:25        all     50.35      0.00      0.70      0.00      0.00     48.95
22:33:30        all     50.20      0.00      1.30      0.00      0.00     48.50
22:33:35        all     50.35      0.00      0.90      0.10      0.00     48.65
22:33:40        all     50.40      0.00      1.10      0.00      0.00     48.50
22:33:45        all     50.25      0.00      0.70      0.00      0.00     49.05
22:33:50        all     50.45      0.00      1.00      0.00      0.00     48.55
22:33:55        all     50.60      0.00      0.60      0.00      0.00     48.80
22:34:00        all     50.45      0.00      1.30      0.00      0.00     48.25
22:34:05        all     50.45      0.00      1.00      0.00      0.00     48.55
22:34:10        all     50.85      0.00      1.30      0.00      0.00     47.85
22:34:15        all     50.35      0.00      0.70      0.00      0.00     48.94
22:34:20        all     50.50      0.00      1.00      0.00      0.00     48.50
22:34:25        all     50.45      0.00      0.90      0.00      0.00     48.65
22:34:30        all     50.20      0.00      1.00      0.00      0.10     48.70
22:34:35        all     50.15      0.00      1.00      0.00      0.00     48.85
22:34:40        all     50.45      0.00      0.90      0.00      0.00     48.65
22:34:45        all     50.35      0.00      0.80      0.00      0.00     48.85
22:34:50        all     50.35      0.00      1.00      0.00      0.00     48.65
22:34:55        all     50.55      0.00      0.60      0.00      0.00     48.85
22:35:00        all     50.30      0.00      1.00      0.00      0.10     48.60
22:35:05        all     50.40      0.00      0.70      0.00      0.00     48.90
22:35:10        all     50.15      0.00      1.00      0.00      0.00     48.85
22:35:15        all     50.35      0.00      0.70      0.00      0.00     48.95
22:35:20        all     50.50      0.00      0.90      0.00      0.00     48.60
22:35:25        all     50.20      0.00      0.80      0.00      0.00     49.00
22:35:30        all     50.25      0.00      1.10      0.00      0.00     48.65
22:35:35        all     50.45      0.00      0.90      0.10      0.00     48.55
22:35:40        all     50.40      0.00      1.00      0.00      0.10     48.50
22:35:45        all     50.35      0.00      0.70      0.00      0.00     48.95
22:35:50        all     50.45      0.00      0.90      0.00      0.00     48.65
22:35:55        all     53.00      0.00      1.10      0.00      0.00     45.90
22:36:00        all     50.40      0.00      1.00      0.00      0.00     48.60
22:36:05        all     50.60      0.00      0.70      0.00      0.00     48.70
22:36:10        all     50.35      0.00      0.90      0.00      0.00     48.75
22:36:15        all     50.30      0.00      0.60      0.00      0.00     49.10
22:36:20        all     50.25      0.00      1.00      0.00      0.00     48.75
22:36:25        all     51.90      0.00      0.80      0.00      0.00     47.29
22:36:30        all     50.50      0.00      1.10      0.00      0.00     48.40
22:36:35        all     50.60      0.00      0.60      0.00      0.00     48.80
22:36:40        all     50.30      0.00      1.00      0.00      0.00     48.70
22:36:45        all     50.25      0.00      0.90      0.00      0.00     48.85
22:36:50        all     50.50      0.00      0.80      0.00      0.00     48.70
22:36:55        all     50.45      0.00      0.80      0.00      0.00     48.75
22:37:00        all     50.50      0.00      1.00      0.00      0.00     48.50
22:37:05        all     50.45      0.00      0.60      0.00      0.00     48.95
22:37:10        all     51.30      0.00      0.90      0.00      0.00     47.80
22:37:15        all     50.45      0.00      0.60      0.00      0.00     48.95
22:37:20        all     50.45      0.00      1.10      0.00      0.00     48.45
22:37:25        all     50.45      0.00      0.60      0.00      0.00     48.95
22:37:30        all     50.45      0.00      1.00      0.00      0.10     48.45
22:37:35        all     50.65      0.00      0.60      0.00      0.00     48.75
22:37:40        all     50.25      0.00      0.90      0.00      0.00     48.85
22:37:45        all     50.30      0.00      0.70      0.00      0.00     49.00
22:37:50        all     50.35      0.00      1.00      0.00      0.00     48.65
22:37:55        all     50.50      0.00      0.70      0.00      0.00     48.80
22:38:00        all     50.45      0.00      0.90      0.00      0.00     48.65
22:38:05        all     50.55      0.00      0.70      0.00      0.00     48.75
22:38:10        all     50.35      0.00      0.90      0.00      0.00     48.75
22:38:15        all     50.35      0.00      0.60      0.00      0.00     49.05
22:38:20        all     50.45      0.00      1.20      0.00      0.10     48.25
22:38:25        all     50.45      0.00      0.60      0.10      0.00     48.85
22:38:30        all     50.35      0.00      1.00      0.00      0.00     48.65
22:38:35        all     50.35      0.00      0.90      0.00      0.00     48.75
22:38:40        all     50.35      0.00      1.00      0.00      0.00     48.65
22:38:45        all     50.30      0.00      0.80      0.00      0.00     48.90
22:38:50        all     50.40      0.00      0.80      0.00      0.00     48.80
22:38:55        all     50.60      0.00      0.70      0.00      0.00     48.70
22:39:00        all     50.50      0.00      0.80      0.00      0.00     48.70
22:39:05        all     51.25      0.00      0.90      0.00      0.00     47.86
22:39:10        all     50.40      0.00      0.90      0.00      0.00     48.70
22:39:15        all     50.25      0.00      0.70      0.00      0.00     49.05
22:39:20        all     50.50      0.00      0.90      0.10      0.00     48.50
22:39:25        all     50.45      0.00      0.60      0.00      0.10     48.85
22:39:30        all     50.50      0.00      1.00      0.00      0.00     48.50
22:39:35        all     50.60      0.00      0.60      0.00      0.00     48.80
22:39:40        all     50.35      0.00      1.00      0.00      0.00     48.65
22:39:45        all     50.30      0.00      0.60      0.00      0.00     49.10
22:39:50        all     50.50      0.00      0.90      0.00      0.00     48.60
22:39:55        all     50.50      0.00      0.50      0.00      0.00     49.00
22:40:00        all     50.50      0.00      1.20      0.00      0.00     48.30
22:40:05        all     50.15      0.00      0.80      0.00      0.10     48.95
22:40:10        all     50.45      0.00      0.80      0.00      0.00     48.75
22:40:15        all     50.35      0.00      0.70      0.00      0.00     48.95
22:40:20        all     50.35      0.00      1.00      0.00      0.00     48.65
22:40:25        all     50.40      0.00      0.60      0.00      0.00     49.00
22:40:30        all     50.50      0.00      0.90      0.00      0.00     48.60
22:40:35        all     50.45      0.00      0.70      0.00      0.00     48.85
22:40:40        all     50.30      0.00      0.90      0.00      0.10     48.70
22:40:45        all     50.45      0.00      0.80      0.00      0.00     48.75
22:40:50        all     50.45      0.00      0.90      0.00      0.00     48.65
22:40:55        all     50.40      0.00      0.60      0.00      0.00     49.00
22:41:00        all     50.60      0.00      1.00      0.00      0.00     48.40
22:41:05        all     50.45      0.00      0.90      0.00      0.00     48.65
22:41:10        all     50.40      0.00      1.00      0.00      0.00     48.60
22:41:15        all     50.35      0.00      0.80      0.00      0.00     48.85
22:41:20        all     50.30      0.00      0.90      0.00      0.00     48.80
22:41:25        all     50.25      0.00      0.60      0.00      0.10     49.05
22:41:30        all     50.35      0.00      1.20      0.00      0.00     48.45
22:41:35        all     50.55      0.00      0.70      0.00      0.00     48.75
22:41:40        all     50.40      0.00      0.80      0.00      0.00     48.80
22:41:45        all     50.25      0.00      0.70      0.00      0.00     49.05
22:41:50        all     50.50      0.00      0.90      0.00      0.00     48.60
22:41:55        all     50.50      0.00      0.50      0.00      0.00     49.00
22:42:00        all     50.55      0.00      1.00      0.00      0.00     48.45
22:42:05        all     50.65      0.00      0.80      0.00      0.00     48.55
22:42:10        all     50.40      0.00      0.90      0.00      0.00     48.70
22:42:15        all     50.30      0.00      0.90      0.00      0.10     48.70
22:42:20        all     50.25      0.00      1.00      0.00      0.00     48.75
22:42:25        all     50.35      0.00      0.60      0.00      0.00     49.05
22:42:30        all     50.60      0.00      0.90      0.00      0.00     48.50
22:42:35        all     50.40      0.00      0.60      0.00      0.00     49.00
22:42:40        all     50.30      0.00      1.00      0.00      0.00     48.70
22:42:45        all     50.70      0.00      0.60      0.00      0.00     48.70
22:42:50        all     50.25      0.00      0.90      0.00      0.00     48.85
22:42:55        all     50.30      0.00      0.80      0.00      0.00     48.90
22:43:00        all     50.75      0.00      0.90      0.00      0.00     48.35
22:43:05        all     50.25      0.00      0.70      0.10      0.00     48.95
22:43:10        all     50.25      0.00      0.80      0.00      0.10     48.85
22:43:15        all     50.45      0.00      0.70      0.00      0.00     48.85
22:43:20        all     50.30      0.00      0.90      0.00      0.00     48.80
22:43:25        all     50.45      0.00      0.70      0.00      0.00     48.85
22:43:30        all     50.40      0.00      0.90      0.00      0.00     48.70
22:43:35        all     50.35      0.00      0.60      0.00      0.10     48.95
22:43:40        all     50.45      0.00      1.00      0.00      0.00     48.55
22:43:45        all     50.35      0.00      0.60      0.00      0.00     49.05
22:43:50        all     50.30      0.00      0.90      0.00      0.00     48.80
22:43:55        all     50.65      0.00      0.60      0.00      0.00     48.75
22:44:00        all     50.50      0.00      0.90      0.00      0.00     48.60
22:44:05        all     50.45      0.00      0.80      0.00      0.00     48.75
22:44:10        all     50.30      0.00      0.80      0.00      0.00     48.90
22:44:15        all     50.35      0.00      0.60      0.00      0.10     48.95
22:44:20        all     50.50      0.00      1.00      0.00      0.00     48.50
22:44:25        all     50.45      0.00      0.70      0.00      0.00     48.85
22:44:30        all     50.35      0.00      1.00      0.00      0.00     48.65
22:44:35        all     50.55      0.00      0.60      0.00      0.00     48.85
22:44:40        all     50.10      0.00      1.10      0.00      0.00     48.80
22:44:45        all     50.40      0.00      0.80      0.10      0.00     48.70
22:44:50        all     50.45      0.00      0.80      0.00      0.00     48.75
22:44:55        all     50.45      0.00      0.70      0.00      0.00     48.85
22:45:00        all     50.50      0.00      0.90      0.00      0.00     48.60
22:45:05        all     50.50      0.00      0.70      0.00      0.00     48.80
22:45:10        all     50.35      0.00      0.90      0.00      0.00     48.75
22:45:15        all     50.25      0.00      0.70      0.00      0.00     49.05
22:45:20        all     50.40      0.00      0.80      0.00      0.00     48.80
22:45:25        all     50.25      0.00      0.60      0.00      0.10     49.05
22:45:30        all     52.36      0.00      1.50      0.00      0.00     46.14
22:45:35        all     51.85      0.00      1.10      0.00      0.00     47.05
22:45:40        all     52.26      0.00      1.20      0.00      0.00     46.54
22:45:45        all     52.80      0.00      1.00      0.00      0.00     46.20
22:45:50        all     50.85     26.93      4.40      0.00      0.00     17.82
22:45:55        all     49.90     48.80      1.30      0.00      0.00      0.00
22:46:00        all     49.45     44.24      5.21      0.00      0.00      1.10
22:46:05        all     50.00     48.80      1.20      0.00      0.00      0.00
22:46:10        all     49.40     49.10      1.40      0.00      0.00      0.10
22:46:15        all     51.20     43.00      1.70      0.00      0.00      4.10
22:46:20        all     50.40      0.00      0.90      0.10      0.10     48.50
22:46:25        all     51.95      0.00      0.80      0.10      0.00     47.15
22:46:30        all     50.55     30.83      4.20      0.00      0.00     14.41
22:46:35        all     49.60     49.20      1.20      0.00      0.00      0.00
22:46:40        all     49.25     49.45      1.20      0.00      0.00      0.10
22:46:45        all     49.55     49.35      1.00      0.00      0.10      0.00
22:46:50        all     49.70     48.60      1.70      0.00      0.00      0.00
22:46:55        all     49.60     49.30      1.10      0.00      0.00      0.00
22:47:00        all     49.00     49.60      1.30      0.00      0.00      0.10
22:47:05        all     49.70     49.30      1.00      0.00      0.00      0.00
22:47:10        all     49.60     48.90      1.50      0.00      0.00      0.00
22:47:15        all     49.35     49.75      0.80      0.00      0.00      0.10
22:47:20        all     49.15     49.35      1.20      0.00      0.10      0.20
22:47:25        all     49.55     49.45      1.00      0.00      0.00      0.00
22:47:30        all     49.65     49.05      1.30      0.00      0.00      0.00
22:47:35        all     49.30     49.70      1.00      0.00      0.00      0.00
22:47:40        all     49.90     48.40      1.70      0.00      0.00      0.00
22:47:45        all     51.65     34.57      1.80      0.00      0.00     11.99
22:47:50        all     50.25      0.00      0.80      0.00      0.10     48.85
22:47:55        all     50.80      0.00      0.60      0.00      0.00     48.60
22:48:00        all     52.91      0.00      1.30      0.10      0.00     45.69
22:48:05        all     50.65      0.00      0.70      0.00      0.00     48.65
22:48:10        all     51.30      0.00      0.80      0.00      0.00     47.90
22:48:15        all     50.60      0.00      0.60      0.00      0.00     48.80
22:48:20        all     50.20      0.00      1.00      0.00      0.00     48.80
22:48:25        all     51.45      0.00      0.60      0.00      0.00     47.94
22:48:30        all     50.75      0.00      0.90      0.00      0.00     48.35
22:48:35        all     50.60      0.00      0.70      0.00      0.00     48.70
22:48:40        all     51.35      0.00      1.10      0.00      0.00     47.55
22:48:45        all     50.45      0.00      0.60      0.00      0.10     48.85
22:48:50        all     50.45      0.00      0.80      0.00      0.00     48.75
22:48:55        all     50.70      0.00      0.70      0.00      0.00     48.60
22:49:00        all     50.45      0.00      1.00      0.00      0.10     48.45
22:49:05        all     50.25      0.00      0.60      0.00      0.10     49.05
22:49:10        all     50.20      0.00      1.00      0.00      0.00     48.80
22:49:15        all     50.40      0.00      0.80      0.00      0.00     48.80
22:49:20        all     50.35      0.00      0.90      0.00      0.00     48.75
22:49:25        all     50.50      0.00      0.60      0.00      0.00     48.90
22:49:30        all     50.40      0.00      0.90      0.00      0.00     48.70
22:49:35        all     50.45      0.00      0.50      0.00      0.00     49.05
22:49:40        all     50.50      0.00      1.20      0.00      0.00     48.30
22:49:45        all     50.15      0.00      0.60      0.00      0.00     49.25
22:49:50        all     50.30      0.00      0.90      0.00      0.00     48.80
22:49:55        all     50.25      0.00      0.80      0.00      0.10     48.85
22:50:00        all     50.60      0.00      0.80      0.10      0.00     48.50
22:50:05        all     50.30      0.00      0.70      0.00      0.00     49.00
22:50:10        all     50.30      0.00      0.90      0.00      0.00     48.80
22:50:15        all     50.20      0.00      0.70      0.00      0.00     49.10
22:50:20        all     50.50      0.00      0.80      0.00      0.00     48.70
22:50:25        all     50.35      0.00      0.80      0.00      0.00     48.85
22:50:30        all     51.40      0.00      0.80      0.00      0.10     47.70
22:50:35        all     50.30      0.00      0.80      0.00      0.00     48.90
22:50:40        all     50.35      0.00      0.80      0.00      0.00     48.85
22:50:45        all     50.20      0.00      0.70      0.00      0.00     49.10
22:50:50        all     50.40      0.00      0.90      0.00      0.00     48.70
22:50:55        all     50.55      0.00      0.60      0.00      0.00     48.85
22:51:00        all     50.50      0.00      1.00      0.00      0.00     48.50
22:51:05        all     50.35      0.00      0.60      0.00      0.00     49.05
22:51:10        all     50.05      0.00      0.90      0.00      0.10     48.95
22:51:15        all     50.05      0.00      0.80      0.00      0.00     49.15
22:51:20        all     50.45      0.00      1.00      0.00      0.00     48.55
22:51:25        all     50.35      0.00      0.70      0.00      0.00     48.95
22:51:30        all     50.50      0.00      0.80      0.00      0.10     48.60
22:51:35        all     63.34      0.00      1.00      0.00      0.00     35.66
22:51:40        all     50.10      0.00      1.31      0.00      0.00     48.59
22:51:45        all     49.90      0.00      1.31      0.10      0.00     48.69
22:51:50        all      1.70      0.00      0.90      0.00      0.00     97.40
22:51:55        all      0.30      0.00      0.30      0.00      0.00     99.40
22:52:00        all      0.90      0.00      0.30      0.00      0.00     98.80
22:52:05        all      0.10      0.00      0.00      0.00      0.00     99.90
22:52:10        all      0.10      0.00      0.10      0.00      0.00     99.80
22:52:15        all      0.30      0.00      0.10      0.10      0.00     99.50
22:52:20        all      0.20      0.00      0.20      0.00      0.00     99.60
22:52:25        all      0.40      0.00      0.10      0.00      0.00     99.50
22:52:30        all      0.60      0.00      0.20      0.00      0.00     99.20
22:52:35        all      0.20      0.00      0.10      0.00      0.00     99.70
22:52:40        all      0.30      0.00      0.10      0.00      0.00     99.60
22:52:45        all      0.20      0.00      0.10      0.00      0.00     99.70
22:52:50        all      0.10      0.00      0.00      0.00      0.00     99.90
22:52:55        all      0.30      0.00      0.20      0.00      0.00     99.50
22:53:00        all      0.50      0.00      0.20      0.00      0.00     99.30
22:53:05        all      0.10      0.00      0.20      0.00      0.00     99.70
22:53:10        all      0.60      0.00      0.20      0.00      0.00     99.20
22:53:15        all      0.20      0.00      0.00      0.00      0.00     99.80
22:53:20        all      0.20      0.00      0.10      0.00      0.00     99.70
22:53:25        all      0.10      0.00      0.00      0.00      0.00     99.90
22:53:30        all      0.50      0.00      0.20      0.00      0.00     99.30
22:53:35        all      0.10      0.00      0.00      0.00      0.00     99.90
22:53:40        all      0.20      0.00      0.10      0.00      0.00     99.70
22:53:45        all      0.30      0.00      0.00      0.00      0.00     99.70
22:53:50        all      0.20      0.00      1.80      0.00      0.00     98.00
22:53:55        all      0.50      0.00      0.10      0.00      0.00     99.40
22:54:00        all      0.70      0.00      0.20      0.00      0.00     99.10
22:54:05        all      0.30      0.00      0.20      0.00      0.00     99.50
22:54:10        all      0.40      0.00      0.00      0.00      0.00     99.60
22:54:15        all      0.30      0.00      0.10      0.00      0.00     99.60
22:54:20        all      0.00      0.00      0.20      0.10      0.00     99.70
22:54:25        all      0.30      0.00      0.00      0.00      0.00     99.70
22:54:30        all      0.40      0.00      0.10      0.00      0.00     99.50
22:54:35        all      0.30      0.00      0.30      0.00      0.00     99.40
22:54:40        all      0.50      0.00      0.00      0.00      0.10     99.40
22:54:45        all      0.20      0.00      0.00      0.00      0.00     99.80
22:54:50        all      0.10      0.00      0.20      0.00      0.00     99.70
22:54:55        all      0.20      0.00      0.20      0.00      0.00     99.60
22:55:00        all      0.80      0.00      0.30      0.00      0.00     98.90
22:55:05        all      0.30      0.00      0.10      0.00      0.00     99.60
22:55:10        all      0.30      0.00      0.30      0.00      0.00     99.40
22:55:15        all      0.20      0.00      0.00      0.00      0.00     99.80
22:55:20        all      0.20      0.00      0.10      0.00      0.00     99.70
22:55:25        all      0.50      0.00      0.10      0.00      0.00     99.40
22:55:30        all      0.60      0.00      0.20      0.00      0.00     99.20
22:55:35        all      0.10      0.00      0.20      0.00      0.00     99.70
22:55:40        all      0.00      0.00      0.00      0.00      0.00    100.00
22:55:45        all      0.20      0.00      0.10      0.00      0.00     99.70
22:55:50        all      0.40      0.00      0.00      0.00      0.00     99.60
22:55:55        all      0.20      0.00      0.20      0.00      0.00     99.60
22:56:00        all      0.50      0.00      0.10      0.00      0.00     99.40
22:56:05        all      0.20      0.00      0.20      0.00      0.00     99.60
22:56:10        all      0.40      0.00      0.00      0.00      0.00     99.60
22:56:15        all      0.20      0.00      0.30      0.00      0.00     99.50
22:56:20        all      0.40      0.00      0.00      0.00      0.00     99.60
22:56:25        all      0.10      0.00      0.20      0.00      0.00     99.70
22:56:30        all      0.40      0.00      0.00      0.00      0.00     99.60
22:56:35        all      0.30      0.00      0.10      0.00      0.00     99.60
22:56:40        all      0.30      0.00      0.20      0.00      0.00     99.50
22:56:45        all      0.10      0.00      0.10      0.00      0.00     99.80
22:56:50        all      0.20      0.00      0.10      0.00      0.00     99.70
22:56:55        all      0.40      0.00      0.00      0.00      0.00     99.60
22:57:00        all      0.40      0.00      0.00      0.00      0.00     99.60
22:57:05        all      0.50      0.00      0.30      0.00      0.00     99.20
22:57:10        all      0.20      0.00      0.20      0.00      0.00     99.60
22:57:15        all      0.20      0.00      0.00      0.00      0.00     99.80
22:57:20        all      0.10      0.00      0.10      0.00      0.00     99.80
22:57:25        all      0.20      0.00      0.10      0.00      0.00     99.70
22:57:30        all      2.70      0.00      0.60      0.10      0.00     96.60
22:57:35        all      0.70      0.00      0.20      0.00      0.00     99.10
22:57:40        all      3.10      0.00      0.80      0.00      0.00     96.10
22:57:45        all     13.64      0.00     12.34     14.04      0.00     59.98
22:57:50        all      1.10      0.00      1.50     88.22      0.00      9.18
22:57:55        all      1.40      0.00      1.30     92.91      0.00      4.40
22:58:00        all      1.81      0.00      1.71     90.47      0.00      6.02
22:58:05        all      2.49      0.00      2.49     90.56      0.00      4.47
22:58:10        all      2.82      0.00      2.21     86.72      0.00      8.25
22:58:15        all      3.70      0.00      3.80     83.08      0.00      9.41
22:58:20        all      4.53      0.00      5.24     82.78      0.00      7.45
22:58:25        all      5.47      0.00      6.38     83.91      0.00      4.25
22:58:30        all      9.75      0.00      8.36     75.12      0.00      6.77
22:58:35        all     14.79      0.00      8.31     72.04      0.00      4.86
22:58:40        all     17.67      0.00      5.12     63.55      0.00     13.65
22:58:45        all      1.51      0.00      5.43     44.32      0.00     48.74
22:58:50        all      0.60      0.00      1.40     49.20      0.00     48.80
22:58:55        all      0.40      0.00      1.30     52.70      0.00     45.60
22:59:00        all      0.50      0.00      1.40     49.25      0.00     48.85
22:59:05        all      0.60      0.00      1.30     49.15      0.00     48.95
22:59:10        all      0.10      0.00      1.41     49.30      0.00     49.20
22:59:15        all      0.40      0.00      1.20     51.10      0.00     47.29
22:59:20        all      0.50      0.00      1.60     49.10      0.00     48.80
22:59:25        all      0.20      0.00      1.20     49.10      0.00     49.50
22:59:30        all      0.30      0.00      1.20     51.10      0.00     47.39
22:59:35        all      0.80      0.00      1.10     49.05      0.00     49.05
22:59:40        all      0.30      0.00      2.00     48.70      0.00     49.00
22:59:45        all      0.30      0.00      1.60     48.55      0.00     49.55
22:59:50        all      0.50      0.00      1.61     48.39      0.00     49.50
22:59:55        all      0.30      0.00      1.80     48.60      0.00     49.30
23:00:00        all      1.51      0.00      2.21     48.80      0.00     47.49
23:00:05        all      0.40      0.00      1.40     49.15      0.00     49.05
23:00:10        all      0.30      0.00      2.02     48.63      0.00     49.04
23:00:15        all      0.40      0.00      1.90     48.30      0.00     49.40
23:00:20        all      0.50      0.00      2.31     48.55      0.00     48.65
23:00:25        all      0.30      0.00      1.71     48.29      0.00     49.70
23:00:30        all      0.60      0.00      3.50     48.90      0.00     47.00
23:00:35        all      0.70      0.00      3.92     46.93      0.00     48.44
23:00:40        all      0.60      0.00      4.50     46.75      0.00     48.15
23:00:45        all      0.50      0.00      2.31     47.84      0.00     49.35
23:00:50        all      0.60      0.00      1.90     48.70      0.00     48.80
23:00:55        all      0.30      0.00      1.40     49.70      0.00     48.60
23:01:00        all      1.60      0.00      5.72     45.04      0.10     47.54
23:01:05        all      2.42      0.00      9.87     40.68      0.00     47.03
23:01:10        all      2.10      0.00     12.09     39.16      0.00     46.65
23:01:15        all      2.41      0.00     15.27     38.08      0.00     44.25
23:01:20        all      3.93      0.00     29.78     22.85      0.00     43.43
23:01:25        all      2.85      0.00     27.74     25.11      0.00     44.30
23:01:30        all     15.63      0.00     25.98     16.77      0.00     41.61
23:01:35        all     28.17      0.00      5.03      0.40      0.00     66.40
23:01:40        all      0.40      0.00      0.30      0.00      0.00     99.30
23:01:45        all      0.30      0.00      0.30      0.00      0.00     99.40
23:01:50        all      0.30      0.00      0.10      0.00      0.00     99.60
23:01:55        all      0.30      0.00      0.10      0.00      0.00     99.60
23:02:00        all      0.20      0.00      0.20      0.00      0.00     99.60
23:02:05        all      0.50      0.00      0.10      0.00      0.00     99.40
23:02:10        all      0.20      0.00      0.20      0.00      0.00     99.60
23:02:15        all      0.40      0.00      0.10      0.00      0.00     99.50
23:02:20        all      0.50      0.00      0.20      0.00      0.00     99.30
23:02:25        all      0.20      0.00      0.00      0.00      0.00     99.80
23:02:30        all      0.40      0.00      0.10      0.00      0.00     99.50
23:02:35        all      0.20      0.00      0.10      0.00      0.00     99.70
23:02:40        all      0.50      0.00      0.10      0.00      0.00     99.40
23:02:45        all      3.01      0.00      0.90      0.10      0.00     95.99
23:02:50        all      2.90      0.00      0.30      0.10      0.00     96.70
23:02:55        all      2.00      0.00      0.30      0.00      0.00     97.70
23:03:00        all     14.40      0.00     24.11     10.42      0.00     51.07
23:03:05        all      7.09      0.00     29.51     18.25      0.00     45.15
23:03:10        all      7.68      0.00     32.19     18.17      0.00     41.95
23:03:15        all     38.65      0.00     14.23      5.05      0.10     41.98
23:03:20        all      2.10      0.00      0.70      0.00      0.00     97.21
23:03:25        all      3.00      0.00      0.40      0.00      0.00     96.60
23:03:30        all      1.20      0.00      0.30      0.00      0.00     98.50
23:03:35        all      2.00      0.00      0.50      0.00      0.00     97.49
23:03:40        all      0.60      0.00      0.50      0.00      0.00     98.90
23:03:45        all      1.60      0.00      0.20      0.00      0.00     98.19
23:03:50        all      1.20      0.00      0.30      0.00      0.00     98.50
23:03:55        all      2.40      0.00      0.50      0.00      0.00     97.09
23:04:00        all      0.60      0.00      0.00      0.00      0.00     99.40
23:04:05        all      1.70      0.00      0.20      0.00      0.00     98.10
23:04:10        all      3.11      0.00      0.40      0.00      0.00     96.49
23:04:15        all      1.20      0.00      0.40      0.00      0.00     98.40
23:04:20        all      1.80      0.00      0.50      0.00      0.00     97.70
23:04:25        all      2.80      0.00      0.50      0.20      0.00     96.50
23:04:30        all      2.20      0.00      0.50      0.00      0.00     97.31
23:04:35        all      1.10      0.00      0.50      0.00      0.00     98.40
23:04:40        all      4.70      0.00      1.00      0.10      0.00     94.20
23:04:45        all      0.60      0.00      0.10      0.00      0.00     99.30
23:04:50        all      0.80      0.00      0.20      0.00      0.00     99.00
23:04:55        all      3.20      0.00      1.00      0.10      0.00     95.70
23:05:00        all     33.57      0.00     32.25     12.51      0.00     21.67
23:05:05        all     39.80      0.00     26.40      8.02      0.00     25.79
23:05:10        all      5.73      0.00     34.60     19.04      0.00     40.63
23:05:15        all      5.13      0.00     35.71     18.85      0.00     40.31
23:05:20        all     26.63      0.00     26.12     12.50      0.10     34.65
23:05:25        all     65.46      0.00      6.43      0.20      0.00     27.91
23:05:30        all     49.70      0.00      5.31      0.00      0.00     44.99
23:05:35        all     50.15      0.00      5.31      0.00      0.00     44.54
23:05:40        all     50.10      0.00      5.01      0.00      0.00     44.89
23:05:45        all     50.40      0.00      4.90      0.00      0.00     44.70
23:05:50        all     49.50      0.00      6.20      0.00      0.00     44.30
23:05:55        all     50.40      0.00      4.92      0.00      0.00     44.68
23:06:00        all     50.55      0.00      5.82      0.00      0.00     43.63
23:06:05        all     50.15      0.00      5.51      0.00      0.00     44.34
23:06:10        all     50.35      0.00      4.80      0.00      0.10     44.74
23:06:15        all     50.20      0.00      5.01      0.00      0.00     44.79
23:06:20        all     49.95      0.00      4.90      0.10      0.10     44.96
23:06:25        all     50.60      0.00      4.62      0.00      0.00     44.78
23:06:30        all     50.10      0.00      4.60      0.00      0.00     45.30
23:06:35        all     50.20      0.00      4.61      0.00      0.00     45.19
23:06:40        all     50.20      0.00      4.80      0.00      0.00     45.00
23:06:45        all     49.90      0.00      5.01      0.00      0.00     45.09
23:06:50        all     50.00      0.00      7.92      0.10      0.00     41.98
23:06:55        all     51.70      0.00      4.21      0.00      0.00     44.09
23:07:00        all     50.30      0.00      5.00      0.00      0.00     44.70
23:07:05        all     50.30      0.00      4.99      0.00      0.00     44.71
23:07:10        all     50.40      0.00      4.31      0.00      0.10     45.19
23:07:15        all     50.35      0.00      4.60      0.00      0.00     45.05
23:07:20        all     50.15      0.00      4.51      0.00      0.00     45.34
23:07:25        all     50.40      0.00      4.69      0.10      0.00     44.81
23:07:30        all     50.25      0.00      4.21      0.00      0.00     45.54
23:07:35        all     50.30      0.00      4.50      0.00      0.00     45.20
23:07:40        all     50.50      0.00      4.31      0.00      0.00     45.19
23:07:45        all     50.60      0.00      4.30      0.00      0.10     45.00
23:07:50        all     50.20      0.00      4.51      0.00      0.00     45.29
23:07:55        all     51.05      0.00      4.30      0.00      0.00     44.64
23:08:00        all     50.60      0.00      4.11      0.00      0.00     45.29
23:08:05        all     50.20      0.00      5.01      0.10      0.00     44.69
23:08:10        all     50.00      0.00      4.79      0.10      0.00     45.11
23:08:15        all     50.20      0.00      4.41      0.00      0.00     45.39
23:08:20        all     50.20      0.00      4.32      0.10      0.00     45.38
23:08:25        all     50.50      0.00      4.40      0.00      0.00     45.10
23:08:30        all     50.60      0.00      4.21      0.00      0.00     45.19
23:08:35        all     50.25      0.00      4.30      0.10      0.00     45.35
23:08:40        all     50.40      0.00      4.50      0.00      0.00     45.10
23:08:45        all     50.40      0.00      4.21      0.00      0.00     45.39
23:08:50        all     50.35      0.00      4.40      0.00      0.10     45.15
23:08:55        all     51.00      0.00      5.21      0.00      0.00     43.79
23:09:00        all     46.70      0.00     10.20      0.00      0.00     43.10
23:09:05        all     47.85      0.00      9.59      0.10      0.00     42.46
23:09:10        all     49.85      0.00      6.69      0.00      0.00     43.46
23:09:15        all     55.16      0.00      4.70      0.00      0.00     40.14
23:09:20        all     48.90      0.00      5.01      0.10      0.00     45.99
23:09:25        all     45.73      0.00      7.14      2.61      0.00     44.52
23:09:30        all     36.97      0.00     13.33      4.51      0.00     45.19
23:09:35        all     28.91      0.00      5.38      0.10      0.00     65.60
23:09:40        all      1.60      0.00      0.40      0.00      0.00     98.00
23:09:45        all      5.41      0.00      1.00      0.00      0.00     93.59
23:09:50        all      0.50      0.00      0.40      0.00      0.00     99.10
23:09:55        all      1.40      0.00      0.70      0.00      0.00     97.90
23:10:00        all     10.23      0.00     13.14      5.02      0.00     71.61
23:10:05        all     69.64      0.00      6.01      3.01      0.00     21.34
23:10:10        all     61.50      0.00      2.40      0.10      0.00     36.00
23:10:15        all     50.70      0.00      1.90      0.00      0.00     47.39
23:10:20        all     50.65      0.00      1.80      0.00      0.00     47.55
23:10:25        all     50.65      0.00      1.80      0.00      0.00     47.55
23:10:30        all     50.70      0.00      2.20      0.00      0.00     47.10
23:10:35        all     50.50      0.00      1.80      0.00      0.00     47.70
23:10:40        all     45.10      0.00      4.20      0.00      0.10     50.60
23:10:45        all     42.28      0.00     12.22      0.00      0.00     45.49
23:10:50        all     42.99      0.00      8.82      0.00      0.00     48.20
23:10:55        all     47.35      0.00      3.20      0.00      0.10     49.35
23:11:00        all     47.10      0.00      7.30      0.00      0.00     45.60
23:11:05        all     44.31      0.00      8.56      0.00      0.00     47.13
23:11:10        all     49.95      0.00      3.50      0.00      0.00     46.55
23:11:15        all     51.00      0.00      2.00      0.00      0.00     47.00
23:11:20        all     50.25      0.00      1.90      0.00      0.00     47.85
23:11:25        all     50.50      0.00      1.80      0.00      0.00     47.70
23:11:30        all     43.73      0.00      7.92      0.00      0.00     48.35
23:11:35        all     49.90      0.00      2.80      0.00      0.00     47.30
23:11:40        all     50.45      0.00      2.10      0.00      0.00     47.45
23:11:45        all     50.60      0.00      2.00      0.00      0.00     47.40
23:11:50        all     50.45      0.00      1.90      0.00      0.00     47.65
23:11:55        all     44.48      0.00      8.84      0.10      0.00     46.59
23:12:00        all     51.05      0.00      2.91      0.00      0.00     46.04
23:12:05        all     50.50      0.00      2.30      0.00      0.00     47.20
23:12:10        all     50.60      0.00      2.00      0.00      0.00     47.40
23:12:15        all     50.60      0.00      1.90      0.00      0.00     47.50
23:12:20        all     42.54      0.00      8.41      0.10      0.00     48.95
23:12:25        all     53.95      0.00      2.10      0.00      0.00     43.96
23:12:30        all     49.50      0.00      3.12      0.00      0.00     47.38
23:12:35        all     49.75      0.00      3.20      0.00      0.00     47.05
23:12:40        all     50.55      0.00      2.10      0.00      0.00     47.35
23:12:45        all     50.95      0.00      2.10      0.00      0.00     46.95
23:12:50        all     50.45      0.00      2.40      0.00      0.00     47.15
23:12:55        all     50.40      0.00      2.00      0.00      0.00     47.60
23:13:00        all     50.75      0.00      2.39      0.00      0.00     46.86
23:13:05        all     50.60      0.00      1.90      0.00      0.00     47.50
23:13:10        all     50.60      0.00      1.89      0.00      0.00     47.51
23:13:15        all     50.80      0.00      1.90      0.00      0.00     47.30
23:13:20        all     46.35      0.00      5.89      0.00      0.00     47.75
23:13:25        all     48.39      0.00      3.61      0.00      0.00     47.99
23:13:30        all     55.78      0.00      1.71      0.00      0.00     42.51
23:13:35        all     50.40      0.00      2.00      0.00      0.00     47.60
23:13:40        all     49.10      0.00      3.31      0.00      0.00     47.60
23:13:45        all     49.65      0.00      2.80      0.00      0.10     47.45
23:13:50        all     50.40      0.00      2.20      0.00      0.00     47.39
23:13:55        all     50.40      0.00      2.00      0.00      0.00     47.60
23:14:00        all     50.70      0.00      2.01      0.00      0.00     47.29
23:14:05        all     50.60      0.00      1.90      0.00      0.00     47.50
23:14:10        all     50.45      0.00      1.90      0.00      0.00     47.65
23:14:15        all     50.65      0.00      1.90      0.00      0.00     47.45
23:14:20        all     50.35      0.00      1.90      0.00      0.00     47.75
23:14:25        all     50.35      0.00      2.00      0.00      0.00     47.65
23:14:30        all     50.50      0.00      2.00      0.00      0.00     47.49
23:14:35        all     50.70      0.00      1.90      0.00      0.00     47.41
23:14:40        all     50.30      0.00      2.30      0.00      0.00     47.39
23:14:45        all     50.70      0.00      1.80      0.00      0.00     47.50
23:14:50        all     50.45      0.00      2.10      0.00      0.00     47.45
23:14:55        all     50.10      0.00      2.00      0.00      0.00     47.90
23:15:00        all     50.85      0.00      2.20      0.00      0.00     46.95
23:15:05        all     50.55      0.00      2.30      0.00      0.00     47.15
23:15:10        all     50.45      0.00      1.80      0.00      0.00     47.75
23:15:15        all     42.04      0.00      8.51      0.00      0.10     49.35
23:15:20        all     52.45      0.00      2.00      0.00      0.00     45.55
23:15:25        all     53.91      0.00      2.20      0.00      0.00     43.89
23:15:30        all     50.10      0.00      2.30      0.00      0.00     47.60
23:15:35        all     49.20      0.00      2.99      0.00      0.10     47.70
23:15:40        all     50.15      0.00      2.40      0.00      0.00     47.45
23:15:45        all     50.45      0.00      2.10      0.00      0.00     47.45
23:15:50        all     50.35      0.00      2.10      0.00      0.00     47.55
23:15:55        all     50.35      0.00      2.00      0.00      0.00     47.65
23:16:00        all     51.05      0.00      2.10      0.00      0.00     46.85
23:16:05        all     50.40      0.00      2.10      0.00      0.00     47.49
23:16:10        all     50.55      0.00      1.80      0.00      0.00     47.65
23:16:15        all     50.30      0.00      2.29      0.00      0.00     47.41
23:16:20        all     50.60      0.00      1.90      0.00      0.00     47.49
23:16:25        all     50.35      0.00      2.20      0.00      0.00     47.45
23:16:30        all     50.35      0.00      1.91      0.00      0.10     47.64
23:16:35        all     50.85      0.00      1.89      0.00      0.00     47.26
23:16:40        all     50.45      0.00      2.00      0.00      0.00     47.55
23:16:45        all     50.15      0.00      2.10      0.00      0.00     47.75
23:16:50        all     50.75      0.00      1.80      0.00      0.00     47.45
23:16:55        all     50.45      0.00      1.80      0.00      0.00     47.75
23:17:00        all     52.70      0.00      2.40      0.00      0.00     44.90
23:17:05        all     43.00      0.00      8.40      0.10      0.00     48.50
23:17:10        all     50.70      0.00      2.10      0.00      0.00     47.19
23:17:15        all     56.04      0.00      2.00      0.00      0.00     41.96
23:17:20        all     50.25      0.00      2.10      0.00      0.00     47.65
23:17:25        all     48.45      0.00      4.00      0.00      0.00     47.55
23:17:30        all     50.40      0.00      2.40      0.00      0.00     47.21
23:17:35        all     50.75      0.00      2.09      0.00      0.00     47.16
23:17:40        all     51.85      0.00      2.20      0.00      0.00     45.95
23:17:45        all     50.50      0.00      2.00      0.00      0.00     47.49
23:17:50        all     50.75      0.00      2.01      0.00      0.00     47.24
23:17:55        all     50.75      0.00      1.80      0.00      0.00     47.45
23:18:00        all     50.50      0.00      2.10      0.00      0.00     47.40
23:18:05        all     50.30      0.00      2.00      0.00      0.00     47.70
23:18:10        all     50.60      0.00      2.00      0.00      0.10     47.30
23:18:15        all     50.30      0.00      2.10      0.00      0.00     47.60
23:18:20        all     50.40      0.00      1.90      0.00      0.00     47.70
23:18:25        all     50.25      0.00      2.10      0.00      0.00     47.65
23:18:30        all     50.45      0.00      2.00      0.00      0.00     47.55
23:18:35        all     50.40      0.00      2.00      0.00      0.10     47.50
23:18:40        all     50.65      0.00      2.10      0.00      0.00     47.25
23:18:45        all     50.55      0.00      1.80      0.00      0.00     47.65
23:18:50        all     50.40      0.00      2.00      0.00      0.00     47.60
23:18:55        all     50.35      0.00      1.90      0.00      0.00     47.75
23:19:00        all     50.75      0.00      1.80      0.00      0.10     47.35
23:19:05        all     44.81      0.00      4.99      0.10      0.00     50.10
23:19:10        all     48.10      0.00      5.11      0.00      0.00     46.79
23:19:15        all     56.10      0.00      2.20      0.00      0.00     41.70
23:19:20        all     50.10      0.00      2.20      0.00      0.00     47.70
23:19:25        all     48.90      0.00      3.41      0.00      0.00     47.70
23:19:30        all     50.25      0.00      3.22      0.00      0.00     46.53
23:19:35        all     50.25      0.00      2.10      0.00      0.00     47.65
23:19:40        all     50.55      0.00      2.20      0.00      0.00     47.25
23:19:45        all     50.55      0.00      1.90      0.00      0.00     47.55
23:19:50        all     50.40      0.00      1.90      0.00      0.00     47.70
23:19:55        all     50.65      0.00      2.20      0.00      0.00     47.15
23:20:00        all     50.55      0.00      2.00      0.00      0.00     47.45
23:20:05        all     50.25      0.00      2.10      0.00      0.10     47.55
23:20:10        all     50.55      0.00      1.90      0.00      0.00     47.55
23:20:15        all     50.40      0.00      2.00      0.00      0.00     47.60
23:20:20        all     50.55      0.00      1.90      0.00      0.00     47.55
23:20:25        all     50.45      0.00      2.00      0.00      0.00     47.55
23:20:30        all     50.45      0.00      1.90      0.00      0.00     47.65
23:20:35        all     50.30      0.00      2.00      0.00      0.00     47.70
23:20:40        all     50.85      0.00      2.10      0.00      0.00     47.05
23:20:45        all     50.55      0.00      1.80      0.00      0.00     47.65
23:20:50        all     50.45      0.00      1.80      0.00      0.00     47.75
23:20:55        all     50.45      0.00      1.99      0.00      0.10     47.46
23:21:00        all     50.65      0.00      1.80      0.00      0.00     47.55
23:21:05        all     50.35      0.00      2.00      0.00      0.00     47.65
23:21:10        all     42.86      0.00      8.45      0.00      0.00     48.69
23:21:15        all     55.46      0.00      2.10      0.00      0.00     42.44
23:21:20        all     50.40      0.00      1.81      0.00      0.00     47.79
23:21:25        all     49.75      0.00      2.70      0.00      0.00     47.55
23:21:30        all     49.65      0.00      2.90      0.00      0.00     47.45
23:21:35        all     50.50      0.00      2.30      0.00      0.00     47.21
23:21:40        all     50.40      0.00      2.20      0.10      0.00     47.30
23:21:45        all     50.30      0.00      2.00      0.00      0.00     47.70
23:21:50        all     50.35      0.00      1.90      0.00      0.00     47.75
23:21:55        all     50.50      0.00      2.00      0.00      0.00     47.50
23:22:00        all     50.65      0.00      1.90      0.00      0.00     47.45
23:22:05        all     50.45      0.00      2.30      0.00      0.00     47.25
23:22:10        all     50.60      0.00      2.19      0.00      0.10     47.11
23:22:15        all     50.20      0.00      2.00      0.00      0.00     47.80
23:22:20        all     50.50      0.00      2.00      0.00      0.00     47.49
23:22:25        all     50.45      0.00      2.00      0.00      0.00     47.55
23:22:30        all     50.65      0.00      1.80      0.00      0.00     47.55
23:22:35        all     50.45      0.00      1.90      0.00      0.00     47.65
23:22:40        all     50.45      0.00      1.90      0.00      0.00     47.65
23:22:45        all     50.65      0.00      1.90      0.00      0.00     47.45
23:22:50        all     50.45      0.00      2.00      0.00      0.00     47.55
23:22:55        all     43.20      0.00      8.16      0.00      0.00     48.64
23:23:00        all     50.30      0.00      2.40      0.00      0.00     47.29
23:23:05        all     50.50      0.00      2.00      0.00      0.00     47.49
23:23:10        all     50.25      0.00      2.10      0.00      0.00     47.65
23:23:15        all     50.30      0.00      2.20      0.00      0.00     47.50
23:23:20        all     50.30      0.00      1.90      0.00      0.10     47.70
23:23:25        all     50.45      0.00      2.00      0.00      0.00     47.55
23:23:30        all     50.25      0.00      2.00      0.00      0.00     47.75
23:23:35        all     50.05      0.00      2.80      0.00      0.00     47.15
23:23:40        all     45.03      0.00      5.53      0.00      0.00     49.45
23:23:45        all     48.24      0.00      4.61      0.00      0.00     47.14
23:23:50        all     50.40      0.00      1.90      0.00      0.00     47.70
23:23:55        all     50.35      0.00      1.81      0.00      0.00     47.84
23:24:00        all     50.40      0.00      2.10      0.00      0.00     47.50
23:24:05        all     50.65      0.00      2.00      0.00      0.00     47.35
23:24:10        all     39.20      0.00     18.09      4.22      0.00     38.49
23:24:15        all     45.67      0.00     28.73      9.78      0.00     15.83
23:24:20        all      6.04      0.00     33.47     17.09      0.00     43.40
23:24:25        all      4.68      0.00     35.95     18.23      0.00     41.14
23:24:30        all      2.60      0.00     37.71     19.69      0.00     40.00
23:24:35        all     15.35      0.00     28.66     15.05      0.10     40.84
23:24:40        all      7.28      0.00     10.41      4.25      0.00     78.06
23:24:45        all      0.30      0.00      0.10      0.00      0.00     99.60
23:24:50        all      0.40      0.00      0.20      0.00      0.00     99.40
23:24:55        all      0.10      0.00      0.00      0.00      0.00     99.90
23:25:00        all      0.50      0.00      0.20      0.00      0.00     99.30
23:25:05        all      0.50      0.00      0.00      0.00      0.00     99.50
23:25:10        all      0.40      0.00      0.20      0.00      0.00     99.40
23:25:15        all      0.20      0.00      0.10      0.00      0.00     99.70
23:25:20        all      0.30      0.00      0.10      0.00      0.00     99.60
23:25:25        all      0.30      0.00      0.20      0.00      0.00     99.50
23:25:30        all      0.40      0.00      0.20      0.00      0.10     99.30
23:25:35        all      0.40      0.00      0.20      0.00      0.00     99.40
23:25:40        all      0.20      0.00      0.20      0.00      0.00     99.60
23:25:45        all      0.30      0.00      0.30      0.00      0.00     99.40
23:25:50        all      0.20      0.00      0.10      0.00      0.00     99.70
23:25:55        all      0.40      0.00      0.20      0.00      0.00     99.40
23:26:00        all      0.70      0.00      0.10      0.00      0.00     99.20
23:26:05        all      0.10      0.00      0.00      0.00      0.00     99.90
23:26:10        all      4.01      0.00      0.60      0.10      0.00     95.29
23:26:15        all      2.30      0.00      0.60      0.00      0.00     97.10
23:26:20        all      3.00      0.00      1.40      0.00      0.00     95.60
23:26:25        all      1.90      0.00      0.50      0.00      0.00     97.60
23:26:30        all      0.80      0.00      0.50      0.00      0.00     98.71
23:26:35        all      1.40      0.00      0.40      0.00      0.00     98.20
23:26:40        all      9.69      0.00     14.73      6.26      0.00     69.32
23:26:45        all      0.80      0.00      3.71     48.95      0.00     46.54
23:26:50        all      1.70      0.00      3.61     47.60      0.00     47.09
23:26:55        all      0.70      0.00      3.50     50.90      0.00     44.90
23:27:00        all      0.60      0.00      3.82     47.89      0.00     47.69
23:27:05        all      1.10      0.00      3.70     47.25      0.00     47.95
23:27:10        all      3.32      0.00      6.44     46.78      0.00     43.46
23:27:15        all      2.92      0.00     22.16     32.56      0.00     42.37
23:27:20        all      5.86      0.00     29.53     22.07      0.00     42.54
23:27:25        all      3.88      0.00     35.53     19.92      0.00     40.67
23:27:30        all     15.44      0.00     16.87     20.35      0.00     47.34
23:27:35        all      0.20      0.00      0.30      0.00      0.00     99.50
23:27:40        all      0.90      0.00      0.20      0.00      0.00     98.90
23:27:45        all      3.31      0.00      1.40      1.91      0.00     93.38
23:27:50        all     14.37      0.00      1.70     34.73      0.00     49.20
23:27:55        all     45.84      0.00      0.60      4.11      0.00     49.45
23:28:00        all     50.20      0.00      0.50      0.00      0.00     49.30
23:28:05        all     50.15      0.00      0.50      0.00      0.00     49.35
23:28:10        all     49.25      0.00      1.50      0.10      0.00     49.15
23:28:15        all     51.30      0.00      0.90      0.00      0.00     47.80
23:28:20        all     33.91      0.00     26.84      9.59      0.00     29.67
23:28:25        all     48.90      0.00     22.09     10.74      0.00     18.27
23:28:30        all     13.32      0.00     32.29     10.29      0.00     44.10
23:28:35        all      6.54      0.00     34.66     16.97      0.00     41.82
23:28:40        all      4.03      0.00     29.89     25.13      0.00     40.95
23:28:45        all     17.12      0.00     27.90     14.21      0.00     40.77
23:28:50        all      3.21      0.00      0.90      1.81      0.00     94.08
23:28:55        all      0.30      0.00      0.10      0.00      0.00     99.60
23:29:00        all      0.30      0.00      0.00      0.00      0.00     99.70
23:29:05        all      0.30      0.00      0.10      0.00      0.00     99.60
23:29:10        all      0.60      0.00      0.10      0.00      0.00     99.30
23:29:15        all      0.40      0.00      0.40      0.00      0.00     99.20
23:29:20        all      0.20      0.00      0.20      0.00      0.00     99.60
23:29:25        all      0.10      0.00      0.00      0.00      0.00     99.90
23:29:30        all      0.30      0.00      0.10      0.00      0.00     99.60
23:29:35        all      0.40      0.00      0.00      0.00      0.00     99.60
23:29:40        all      0.30      0.00      0.30      0.00      0.00     99.40
23:29:45        all      0.10      0.00      0.20      0.00      0.00     99.70
23:29:50        all      0.30      0.00      0.10      0.00      0.00     99.60
23:29:55        all      0.40      0.00      0.10      0.00      0.00     99.50
23:30:00        all      0.40      0.00      0.20      0.00      0.00     99.40
23:30:05        all      0.30      0.00      0.00      0.00      0.00     99.70
23:30:10        all      0.40      0.00      0.10      0.00      0.00     99.50
23:30:15        all      0.30      0.00      0.20      0.00      0.00     99.50
23:30:20        all      0.30      0.00      0.20      0.00      0.00     99.50
23:30:25        all      0.50      0.00      0.10      0.00      0.00     99.40
23:30:30        all      0.20      0.00      0.20      0.00      0.00     99.60
23:30:35        all      0.50      0.00      0.00      0.00      0.00     99.50
23:30:40        all      0.50      0.00      0.20      0.00      0.00     99.30
23:30:45        all      0.30      0.00      0.20      0.00      0.00     99.50
23:30:50        all      0.30      0.00      1.70      0.00      0.00     98.00
23:30:55        all      0.40      0.00      4.40      0.00      0.00     95.20
23:31:00        all      0.30      0.00      0.20      0.00      0.00     99.50
23:31:05        all      0.60      0.00      0.30      0.00      0.00     99.10
23:31:10        all      0.30      0.00      0.30      0.00      0.00     99.40
23:31:15        all      0.30      0.00      0.10      0.00      0.00     99.60
23:31:20        all      0.40      0.00      0.10      0.00      0.00     99.50
23:31:25        all      0.50      0.00      0.30      0.00      0.00     99.20
23:31:30        all      0.50      0.00      0.40      0.00      0.00     99.10
23:31:35        all      0.40      0.00      0.40      0.00      0.00     99.20
23:31:40        all      0.60      0.00      0.10      0.00      0.00     99.30
23:31:45        all      0.10      0.00      0.00      0.00      0.10     99.80
23:31:50        all      0.30      0.00      0.10      0.00      0.00     99.60
23:31:55        all      0.50      0.00      0.30      0.00      0.00     99.20
23:32:00        all      0.70      0.00      0.30      0.00      0.00     99.00
23:32:05        all      0.40      0.00      0.20      0.00      0.00     99.40
23:32:10        all      0.60      0.00      0.00      0.00      0.00     99.40
23:32:15        all      0.30      0.00      0.10      0.00      0.00     99.60
23:32:20        all      0.50      0.00      0.20      0.00      0.00     99.30
23:32:25        all      0.10      0.00      0.10      0.00      0.00     99.80
23:32:30        all      0.50      0.00      0.20      0.00      0.00     99.30
23:32:35        all      0.50      0.00      0.30      0.00      0.00     99.20
23:32:40        all      0.50      0.00      0.10      0.00      0.00     99.40
23:32:45        all      0.30      0.00      0.30      0.00      0.00     99.40
23:32:50        all      0.20      0.00      0.10      0.00      0.00     99.70
23:32:55        all      0.30      0.00      0.00      0.00      0.00     99.70
23:33:00        all      0.40      0.00      0.50      0.00      0.00     99.10
23:33:05        all      0.20      0.00      0.20      0.00      0.00     99.60
23:33:10        all      0.40      0.00      0.00      0.00      0.00     99.60
23:33:15        all      0.50      0.00      0.20      0.00      0.00     99.30
23:33:20        all      0.50      0.00      0.20      0.00      0.00     99.30
23:33:25        all      0.40      0.00      0.00      0.00      0.00     99.60
23:33:30        all      1.70      0.00      0.50      0.00      0.00     97.80
23:33:35        all      0.40      0.00      0.20      0.00      0.00     99.40
23:33:40        all      2.30      0.00      0.50      0.10      0.00     97.10
23:33:45        all      2.40      0.00      1.00      0.00      0.00     96.60
23:33:50        all      3.40      0.00      0.80      0.00      0.00     95.80
23:33:55        all      2.70      0.00      0.90      0.00      0.00     96.40
23:34:00        all      0.40      0.00      0.10      0.00      0.00     99.50
23:34:05        all      2.40      0.00      0.90      0.00      0.00     96.70
23:34:10        all      3.71      0.00      1.91      0.70      0.00     93.68
23:34:15        all      1.10      0.00      0.10      0.00      0.00     98.80
23:34:20        all      1.50      0.00      0.40      0.00      0.00     98.10
23:34:25        all     34.57      0.00      2.30      0.60      0.10     62.44
23:34:30        all     50.80      0.00      0.40      0.00      0.00     48.80
23:34:35        all     51.60      0.00      0.10      0.00      0.00     48.30
23:34:40        all     50.45      0.00      0.40      0.00      0.00     49.15
23:34:45        all     49.25      0.00      1.80      0.00      0.00     48.95
23:34:50        all     46.91      0.00      3.59      0.70      0.00     48.80
23:34:55        all     30.31      0.00     34.24     14.20      0.00     21.25
23:35:00        all     40.90      0.00     22.01      7.64      0.00     29.45
23:35:05        all      8.44      0.00     28.12     21.11      0.00     42.33
23:35:10        all      4.36      0.00     31.64     22.51      0.00     41.49
23:35:15        all      4.16      0.00     34.82     20.17      0.00     40.85
23:35:20        all      4.07      0.00     30.27     25.26      0.00     40.40
23:35:25        all     14.87      0.00     26.17     13.14      0.00     45.82
23:35:30        all      0.00      0.00      0.00      0.00      0.00    100.00
23:35:35        all      0.20      0.00      0.30      0.00      0.00     99.50
23:35:40        all      0.70      0.00      0.10      0.00      0.00     99.20
23:35:45        all      0.30      0.00      0.30      0.00      0.00     99.40
23:35:50        all      0.30      0.00      0.20      0.00      0.00     99.50
23:35:55        all      0.30      0.00      0.10      0.00      0.00     99.60
23:36:00        all      0.60      0.00      0.10      0.00      0.00     99.30
23:36:05        all      0.50      0.00      0.00      0.00      0.00     99.50
23:36:10        all      0.50      0.00      0.20      0.00      0.00     99.30
23:36:15        all      0.10      0.00      0.10      0.00      0.00     99.80
23:36:20        all      0.90      0.00      0.00      0.00      0.00     99.10
23:36:25        all      1.70      0.00      0.30      0.00      0.00     98.00
23:36:30        all      0.50      0.00      0.20      0.00      0.00     99.30
23:36:35        all      0.30      0.00      0.10      0.00      0.00     99.60
23:36:40        all      0.30      0.00      0.10      0.00      0.00     99.60
23:36:45        all      0.50      0.00      0.10      0.00      0.00     99.40
23:36:50        all      0.50      0.00      0.20      0.00      0.00     99.30
23:36:55        all      0.50      0.00      0.10      0.00      0.00     99.40
23:37:00        all      0.30      0.00      0.50      0.00      0.00     99.20
23:37:05        all      0.20      0.00      0.00      0.00      0.00     99.80
23:37:10        all      0.50      0.00      0.20      0.00      0.10     99.20
23:37:15        all      0.70      0.00      0.20      0.00      0.00     99.10
23:37:20        all      0.60      0.00      0.40      0.00      0.00     99.00
23:37:25        all      0.20      0.00      0.10      0.00      0.00     99.70
23:37:30        all      0.70      0.00      5.90      0.00      0.00     93.40
23:37:35        all      0.30      0.00      0.00      0.00      0.00     99.70
23:37:40        all      0.70      0.00      0.20      0.00      0.00     99.10
23:37:45        all      0.60      0.00      0.20      0.00      0.00     99.20
23:37:50        all      0.10      0.00      0.10      0.00      0.00     99.80
23:37:55        all      0.40      0.00      0.10      0.00      0.00     99.50
23:38:00        all      0.40      0.00      0.00      0.00      0.00     99.60
23:38:05        all      0.40      0.00      0.20      0.00      0.00     99.40
23:38:10        all      0.40      0.00      0.10      0.00      0.00     99.50
23:38:15        all      0.00      0.00      0.00      0.00      0.00    100.00
23:38:20        all      0.30      0.00      0.10      0.00      0.00     99.60
23:38:25        all      0.60      0.00      0.20      0.00      0.00     99.20
23:38:30        all      0.60      0.00      0.20      0.00      0.00     99.20
23:38:35        all      0.20      0.00      0.10      0.00      0.00     99.70
23:38:40        all      0.20      0.00      0.10      0.00      0.00     99.70
23:38:45        all      0.10      0.00      0.00      0.00      0.00     99.90
23:38:50        all      0.30      0.00      0.10      0.00      0.00     99.60
23:38:55        all      0.70      0.00      0.30      0.00      0.00     99.00
23:39:00        all      0.40      0.00      0.20      0.00      0.00     99.40
23:39:05        all      0.40      0.00      0.20      0.00      0.00     99.40
23:39:10        all      0.20      0.00      0.00      0.00      0.00     99.80
23:39:15        all      0.40      0.00      0.20      0.00      0.00     99.40
23:39:20        all      0.60      0.00      0.20      0.00      0.00     99.20
23:39:25        all      0.80      0.00      0.00      0.00      0.00     99.20
23:39:30        all      0.30      0.00      0.40      0.00      0.00     99.30
23:39:35        all      0.20      0.00      0.10      0.00      0.00     99.70
23:39:40        all      0.20      0.00      0.00      0.00      0.00     99.80
23:39:45        all      0.30      0.00      0.20      0.00      0.00     99.50
23:39:50        all      0.30      0.00      0.30      0.00      0.00     99.40
23:39:55        all      0.40      0.00      0.30      0.00      0.00     99.30
23:40:00        all      0.80      0.00      0.10      0.00      0.00     99.10
23:40:05        all      0.20      0.00      0.40      0.00      0.00     99.40
23:40:10        all      0.20      0.00      0.20      0.00      0.00     99.60
23:40:15        all      0.30      0.00      0.00      0.00      0.00     99.70
23:40:20        all      0.60      0.00      0.20      0.00      0.00     99.20
23:40:25        all      0.60      0.00      0.10      0.00      0.00     99.30
23:40:30        all      0.30      0.00      0.20      0.00      0.00     99.50
23:40:35        all      0.30      0.00      0.20      0.00      0.00     99.50
23:40:40        all      0.50      0.00      0.00      0.00      0.00     99.50
23:40:45        all      0.40      0.00      0.30      0.00      0.00     99.30
23:40:50        all      0.40      0.00      0.10      0.00      0.00     99.50
23:40:55        all      0.60      0.00      0.10      0.00      0.00     99.30
23:41:00        all      0.40      0.00      0.10      0.00      0.00     99.50
23:41:05        all      0.40      0.00      0.00      0.00      0.00     99.60
23:41:10        all      0.30      0.00      0.20      0.00      0.00     99.50
23:41:15        all      0.50      0.00      0.20      0.00      0.00     99.30
23:41:20        all      0.30      0.00      0.10      0.00      0.00     99.60
23:41:25        all      2.51      0.00      0.50      0.00      0.00     96.99
23:41:30        all      0.40      0.00      0.30      0.00      0.00     99.30
23:41:35        all      0.20      0.00      0.10      0.00      0.00     99.70
23:41:40        all      4.41      0.00      0.50      0.00      0.00     95.09
23:41:45        all      0.60      0.00      0.50      0.00      0.00     98.90
23:41:50        all      2.41      0.00      0.40      0.00      0.00     97.19
23:41:55        all      1.31      0.00      0.40      0.00      0.00     98.29
23:42:00        all      1.90      0.00      0.30      0.00      0.00     97.80
23:42:05        all      1.90      0.00      0.50      0.00      0.00     97.60
23:42:10        all      1.40      0.00      0.50      0.00      0.10     98.00
23:42:15        all      3.82      0.00      0.90      0.10      0.00     95.18
23:42:20        all      3.20      0.00      0.70      0.00      0.00     96.10
23:42:25        all      1.60      0.00      0.20      0.00      0.00     98.20
23:42:30        all      1.20      0.00      0.50      0.00      0.00     98.30
23:42:35        all      2.00      0.00      0.50      0.00      0.00     97.50
23:42:40        all      0.81      0.00      0.40      0.00      0.00     98.79
23:42:45        all      1.50      0.00      0.20      0.00      0.00     98.29
23:42:50        all      3.40      0.00      1.00      0.00      0.00     95.60
23:42:55        all      0.90      0.00      0.20      0.00      0.00     98.90
23:43:00        all      1.10      0.00      0.10      0.00      0.00     98.80
23:43:05        all      2.10      0.00      0.50      0.00      0.00     97.39
23:43:10        all      1.01      0.00      0.30      0.00      0.00     98.69
23:43:15        all      1.40      0.00      0.60      0.00      0.00     98.01
23:43:20        all      3.30      0.00      0.90      0.00      0.00     95.80
23:43:25        all      1.10      0.00      0.20      0.00      0.00     98.70
23:43:30        all      1.50      0.00      0.40      0.00      0.00     98.10
23:43:35        all      2.20      0.00      0.50      0.00      0.00     97.29
23:43:40        all      2.51      0.00      0.70      0.10      0.00     96.69
23:43:45        all      2.00      0.00      0.20      0.00      0.00     97.80
23:43:50        all      1.10      0.00      0.50      0.00      0.00     98.40
23:43:55        all      2.30      0.00      0.70      0.00      0.00     97.00
23:44:00        all      2.70      0.00      2.20      9.29      0.00     85.81
Average:        all     30.98      1.97      2.31      5.92      0.01     58.82

22:13:25     pgpgin/s pgpgout/s   fault/s  majflt/s  pgfree/s pgscank/s pgscand/s pgsteal/s    %vmeff
22:13:30      3532.80     68.80   1933.60     32.40    962.20      0.00      0.00      0.00      0.00
22:13:35     13118.40      4.00   2095.60    146.80   7977.40      0.00      0.00      0.00      0.00
22:13:40     10001.60      0.00    622.40    101.80    352.20      0.00      0.00      0.00      0.00
22:13:45      3122.40     11.20   2278.80     27.20   2066.60      0.00      0.00      0.00      0.00
22:13:50      3612.00      6.40   2910.20     40.40   9008.60      0.00      0.00      0.00      0.00
22:13:55     12794.40     12.00   1444.40    148.80    797.20      0.00      0.00      0.00      0.00
22:14:00      1078.40    420.00    475.20      9.80    198.20      0.00      0.00      0.00      0.00
22:14:05      1952.80      0.00    292.80     20.20   1052.80      0.00      0.00      0.00      0.00
22:14:10      2943.20      0.00    148.60     31.00     40.60      0.00      0.00      0.00      0.00
22:14:15      4588.80      0.80    237.40     50.00   6625.20      0.00      0.00      0.00      0.00
22:14:20      2327.20      0.00    522.60     25.40    475.80      0.00      0.00      0.00      0.00
22:14:25      8426.40      1.60    319.20    145.80    108.00      0.00      0.00      0.00      0.00
22:14:30    110580.80    288.00   3706.20    817.00  35825.00      0.00      0.00      0.00      0.00
22:14:35      4572.80     18.40   1270.20     15.40   1689.00      0.00      0.00      0.00      0.00
22:14:40       346.40      0.00     40.00      0.00     26.80      0.00      0.00      0.00      0.00
22:14:45       595.20      0.00     55.40      0.00     34.40      0.00      0.00      0.00      0.00
22:14:50       964.80      0.00    343.60      0.00    170.60      0.00      0.00      0.00      0.00
22:14:55      1060.00      0.00     34.60      0.00     91.20      0.00      0.00      0.00      0.00
22:15:00       769.60      0.00    256.80      0.00    361.60      0.00      0.00      0.00      0.00
22:15:05       630.40     76.80     65.60      0.00     97.00      0.00      0.00      0.00      0.00
22:15:10       633.60      9.60     53.20      0.00     15.00      0.00      0.00      0.00      0.00
22:15:15       820.80      8.80     57.60      0.00     39.00      0.00      0.00      0.00      0.00
22:15:20       884.80      0.00    397.80      0.00   6875.20      0.00      0.00      0.00      0.00
22:15:25      1106.40      0.00     55.20      0.00     99.40      0.00      0.00      0.00      0.00
22:15:30      1003.20      0.00     98.80      0.00    217.80      0.00      0.00      0.00      0.00
22:15:35      1496.00     10.40     79.40      0.00    135.00      0.00      0.00      0.00      0.00
22:15:40      1124.00      0.00     94.80      1.00     34.60      0.00      0.00      0.00      0.00
22:15:45       684.80     10.40     74.40      0.00     95.00      0.00      0.00      0.00      0.00
22:15:50      1677.60     10.40    447.20      0.00    189.20      0.00      0.00      0.00      0.00
22:15:55      9028.00      0.00    348.20      0.40   8431.40      0.00      0.00      0.00      0.00
22:16:00     11088.80    105.60   1875.80      7.00   1494.20      0.00      0.00      0.00      0.00
22:16:05      4004.00      0.00    629.40     42.60     54.20      0.00      0.00      0.00      0.00
22:16:10      2982.40    195.20    144.80     31.80   6574.60      0.00      0.00      0.00      0.00
22:16:15      1835.20      0.00    292.80     20.40     99.60      0.00      0.00      0.00      0.00
22:16:20      2490.40      9.60    419.00     27.80    305.20      0.00      0.00      0.00      0.00
22:16:25      2860.00     11.20    157.60     32.80    116.40      0.00      0.00      0.00      0.00
22:16:30      2188.00      1.60    335.40     25.80    149.00      0.00      0.00      0.00      0.00
22:16:35      3034.40      0.80    155.60     33.00     32.20      0.00      0.00      0.00      0.00
22:16:40      2712.80    569.60    140.00     30.00    177.00      0.00      0.00      0.00      0.00
22:16:45      2716.80      0.00    182.00     30.00     44.80      0.00      0.00      0.00      0.00
22:16:50      4228.00      0.80    458.80     45.80   6784.60      0.00      0.00      0.00      0.00
22:16:55      1967.20      9.60     98.40     21.40    152.20      0.00      0.00      0.00      0.00
22:17:00      4866.40     12.80    284.60     53.20     95.00      0.00      0.00      0.00      0.00
22:17:05      5743.20      0.00    215.40     77.40     47.00      0.00      0.00      0.00      0.00
22:17:10      2763.20    574.40     86.40     32.80     16.20      0.00      0.00      0.00      0.00
22:17:15     20984.00      0.00    520.40    277.60   6709.80      0.00      0.00      0.00      0.00
22:17:20    129100.80      0.00   6181.40    990.40  43471.00      0.00      0.00      0.00      0.00
22:17:25       663.20      8.00    365.00      9.60   7405.80      0.00      0.00      0.00      0.00
22:17:30         0.00      0.80    103.80      0.00     76.40      0.00      0.00      0.00      0.00
22:17:35         0.00     12.80     25.60      0.00     10.00      0.00      0.00      0.00      0.00
22:17:40         0.00      0.00     54.40      0.00     23.60      0.00      0.00      0.00      0.00
22:17:45         0.00      8.80    410.20      0.00   7016.60      0.00      0.00      0.00      0.00
22:17:50        40.80      0.80    744.40      0.20    688.60      0.00      0.00      0.00      0.00
22:17:55         6.40      9.60    253.00      0.00   1129.80      0.00      0.00      0.00      0.00
22:18:00        17.60      4.00   3585.40      0.00   2524.00      0.00      0.00      0.00      0.00
22:18:05        12.80      0.00    608.80      0.00    475.80      0.00      0.00      0.00      0.00
22:18:10         6.40      4.00   1556.00      0.00   1070.60      0.00      0.00      0.00      0.00
22:18:15        51.20     25.60   2461.00      0.60   2300.60      0.00      0.00      0.00      0.00
22:18:20         6.40     28.00    436.20      0.20   2252.80      0.00      0.00      0.00      0.00
22:18:25         6.40      0.00    542.00      0.00    640.20      0.00      0.00      0.00      0.00
22:18:30         6.40     12.00    292.60      0.00    444.60      0.00      0.00      0.00      0.00
22:18:35         0.00      3.99    502.79      0.00   6954.09      0.00      0.00      0.00      0.00
22:18:40         9.60      0.00    393.20      0.20    531.80      0.00      0.00      0.00      0.00
22:18:45        13.60      0.00    421.80      0.20    574.60      0.00      0.00      0.00      0.00
22:18:50         5.60     13.60    459.40      0.00    677.40      0.00      0.00      0.00      0.00
22:18:55        10.40     16.00    297.20      0.00    474.80      0.00      0.00      0.00      0.00
22:19:00        10.40      8.80    177.00      0.00    191.00      0.00      0.00      0.00      0.00
22:19:05         0.00      0.00     89.20      0.00    247.80      0.00      0.00      0.00      0.00
22:19:10        10.40      0.80    109.00      0.00    215.20      0.00      0.00      0.00      0.00
22:19:15         1.60      0.80    162.60      0.00    329.20      0.00      0.00      0.00      0.00
22:19:20         0.80      0.00    355.20      0.00    425.80      0.00      0.00      0.00      0.00
22:19:25        10.40     20.80    526.60      0.00    488.20      0.00      0.00      0.00      0.00
22:19:30        20.80      8.00    226.80      0.00    140.40      0.00      0.00      0.00      0.00
22:19:35        10.40      0.00    175.20      0.00   6774.00      0.00      0.00      0.00      0.00
22:19:40         0.00      0.00    123.00      0.00    276.00      0.00      0.00      0.00      0.00
22:19:45         0.00      0.00    128.60      0.00    270.60      0.00      0.00      0.00      0.00
22:19:50        10.40      0.80    199.40      0.00    240.00      0.00      0.00      0.00      0.00
22:19:55         7.20      6.40    597.60      0.20    516.80      0.00      0.00      0.00      0.00
22:20:00        24.80     21.60    425.00      0.20    475.60      0.00      0.00      0.00      0.00
22:20:05        25.60      0.00    132.00      0.00    647.80      0.00      0.00      0.00      0.00
22:20:10        29.60      0.00    329.60      0.20     73.60      0.00      0.00      0.00      0.00
22:20:15        32.00      0.80    311.20      0.20    130.40      0.00      0.00      0.00      0.00
22:20:20         4.00      0.00    176.40      0.00     85.00      0.00      0.00      0.00      0.00
22:20:25        31.20      0.00    643.00      0.60    682.40      0.00      0.00      0.00      0.00
22:20:30         2.40     18.40    532.60      0.00    545.00      0.00      0.00      0.00      0.00
22:20:35         0.00     12.80     94.80      0.00    128.20      0.00      0.00      0.00      0.00
22:20:40         0.00      0.00    138.20      0.00   6574.20      0.00      0.00      0.00      0.00
22:20:45         0.00      0.00     82.20      0.00    231.00      0.00      0.00      0.00      0.00
22:20:50         0.00      0.00    139.40      0.00    269.00      0.00      0.00      0.00      0.00
22:20:55        51.20      0.00    350.60      0.40    159.40      0.00      0.00      0.00      0.00
22:21:00         0.00     17.60    164.40      0.00    395.60      0.00      0.00      0.00      0.00
22:21:05        15.20      0.00    232.40      0.00    169.40      0.00      0.00      0.00      0.00
22:21:10         0.00     12.80    199.20      0.00    157.40      0.00      0.00      0.00      0.00
22:21:15         0.00      0.80    382.40      0.00    105.00      0.00      0.00      0.00      0.00
22:21:20        40.80      0.00     54.20      0.20    175.20      0.00      0.00      0.00      0.00
22:21:25       196.00      0.00    509.40      0.00    532.40      0.00      0.00      0.00      0.00
22:21:30       149.60      0.00    529.00      0.40    259.60      0.00      0.00      0.00      0.00
22:21:35        16.00     40.80   2477.60      0.20   1320.60      0.00      0.00      0.00      0.00
22:21:40         0.00      0.00     31.20      0.00    336.00      0.00      0.00      0.00      0.00
22:21:45         0.00      1.60    277.80      0.00    908.40      0.00      0.00      0.00      0.00
22:21:50         0.00     13.60    204.80      0.00    170.60      0.00      0.00      0.00      0.00
22:21:55         0.00      0.00    909.80      0.00    837.20      0.00      0.00      0.00      0.00
22:22:00         0.00      0.80    445.60      0.00    384.20      0.00      0.00      0.00      0.00
22:22:05        35.20     40.00   1143.60      0.80    931.20      0.00      0.00      0.00      0.00
22:22:10      8316.80    102.40   2808.40     26.80   7741.00      0.00      0.00      0.00      0.00
22:22:15        22.40      0.00   1285.00      0.00    443.80      0.00      0.00      0.00      0.00
22:22:20        67.20     12.00   2123.80      0.20    299.40      0.00      0.00      0.00      0.00
22:22:25        48.80      0.00   2587.00      0.20   6713.00      0.00      0.00      0.00      0.00
22:22:30        52.80   1202.40   5687.80      1.00  17203.00      0.00      0.00      0.00      0.00
22:22:35         0.00     89.60   5657.00      0.00   2249.40      0.00      0.00      0.00      0.00
22:22:40      5083.20   3824.00   2493.80      0.40   7633.00      0.00      0.00      0.00      0.00
22:22:45        44.80    724.00    199.80      0.20    400.40      0.00      0.00      0.00      0.00
22:22:50        43.20      1.60    131.80      0.40    101.40      0.00      0.00      0.00      0.00
22:22:55        48.00     14.40    148.40      0.20    103.60      0.00      0.00      0.00      0.00
22:23:00         3.20      0.00     53.80      0.00    130.40      0.00      0.00      0.00      0.00
22:23:05        18.40  18444.00    361.40      0.20    218.80      0.00      0.00      0.00      0.00
22:23:10        20.80   4980.00    243.20      0.20     88.60      0.00      0.00      0.00      0.00
22:23:15        23.20      0.80    168.80      0.60     63.40      0.00      0.00      0.00      0.00
22:23:20         6.40      0.00    347.20      0.20    215.60      0.00      0.00      0.00      0.00
22:23:25         7.20      0.00    541.60      0.00    295.00      0.00      0.00      0.00      0.00
22:23:30         0.00     12.00     18.60      0.00    241.80      0.00      0.00      0.00      0.00
22:23:35         0.00     21.60    511.20      0.00    192.40      0.00      0.00      0.00      0.00
22:23:40         0.00      4.80   2191.80      0.00   1267.60      0.00      0.00      0.00      0.00
22:23:45         0.00      0.00    199.80      0.00    218.80      0.00      0.00      0.00      0.00
22:23:50         0.00      5.60    953.80      0.00    427.20      0.00      0.00      0.00      0.00
22:23:55         1.60      5.60   3529.20      0.00   3736.00      0.00      0.00      0.00      0.00
22:24:00         0.00      0.00    166.80      0.00   1266.00      0.00      0.00      0.00      0.00
22:24:05         1.60     60.80   3074.80      0.00   2172.80      0.00      0.00      0.00      0.00
22:24:10        27.20      8.80   1336.40      0.20   1393.40      0.00      0.00      0.00      0.00
22:24:15         0.00    106.40   2581.60      0.00    797.80      0.00      0.00      0.00      0.00
22:24:20         0.00      0.00   1538.40      0.00   6588.80      0.00      0.00      0.00      0.00
22:24:25        25.60      2.40   2500.20      0.20   1276.40      0.00      0.00      0.00      0.00
22:24:30         0.00      0.00   2439.00      0.00    203.20      0.00      0.00      0.00      0.00
22:24:35        40.00    928.80   3304.40      0.20  15045.80      0.00      0.00      0.00      0.00
22:24:40         1.60     13.60    309.40      0.00    338.00      0.00      0.00      0.00      0.00
22:24:45        18.36      7.98   6652.69      0.20   8088.82      0.00      0.00      0.00      0.00
22:24:50       632.00      0.00  20521.80      9.60  25481.80      0.00      0.00      0.00      0.00
22:24:55         0.00      0.00    257.80      0.00    175.20      0.00      0.00      0.00      0.00
22:25:00         7.20      0.00    612.40      0.00   6839.60      0.00      0.00      0.00      0.00
22:25:05         7.20      0.00   2054.80      0.00  14022.00      0.00      0.00      0.00      0.00
22:25:10       780.80  18455.20   8479.60      7.20  15121.00      0.00      0.00      0.00      0.00
22:25:15       308.80     16.80    453.80      3.40    261.60      0.00      0.00      0.00      0.00
22:25:20        80.64      3.99    126.35      1.20    114.57      0.00      0.00      0.00      0.00
22:25:25       136.00    564.00    292.80      1.20    362.80      0.00      0.00      0.00      0.00
22:25:30        44.80      0.00     84.20      0.60     19.40      0.00      0.00      0.00      0.00
22:25:35       144.80      0.00    121.40      1.20    451.80      0.00      0.00      0.00      0.00
22:25:40        68.00     22.40    315.20      0.80    168.80      0.00      0.00      0.00      0.00
22:25:45        32.00      3.20    306.40      0.40    326.40      0.00      0.00      0.00      0.00
22:25:50         0.00     21.56    375.25      0.00     88.82      0.00      0.00      0.00      0.00
22:25:55         0.00      0.00    354.80      0.00   6704.80      0.00      0.00      0.00      0.00
22:26:00         0.00      0.00    510.60      0.00  14420.60      0.00      0.00      0.00      0.00
22:26:05        13.60      0.00    360.40      0.00    168.00      0.00      0.00      0.00      0.00
22:26:10        20.00     20.00    826.00      0.00    368.80      0.00      0.00      0.00      0.00
22:26:15        41.60      0.00   8372.20      0.00  16399.40      0.00      0.00      0.00      0.00
22:26:20        54.40      0.00    298.00      0.40  11114.40      0.00      0.00      0.00      0.00
22:26:25        80.80     20.80    458.60      0.80    116.00      0.00      0.00      0.00      0.00
22:26:30        56.00      0.00    189.20      0.40    324.00      0.00      0.00      0.00      0.00
22:26:35         9.60      0.00     67.80      0.20    882.40      0.00      0.00      0.00      0.00
22:26:40        86.40     22.40    252.40      0.80    145.00      0.00      0.00      0.00      0.00
22:26:45        10.40      0.00    359.20      0.00    247.20      0.00      0.00      0.00      0.00
22:26:50        92.80      4.80    205.40      0.80    284.80      0.00      0.00      0.00      0.00
22:26:55         0.00      0.00     32.80      0.00      7.20      0.00      0.00      0.00      0.00
22:27:00        48.00     12.00    126.60      0.20    155.20      0.00      0.00      0.00      0.00
22:27:05        12.00      0.00     38.60      0.00    234.20      0.00      0.00      0.00      0.00
22:27:10        92.00     20.80    139.20      1.00    153.40      0.00      0.00      0.00      0.00
22:27:15         0.80      0.00    316.00      0.00    189.60      0.00      0.00      0.00      0.00
22:27:20        86.40      0.80    319.20      1.00    363.40      0.00      0.00      0.00      0.00
22:27:25        11.20      0.00     23.60      0.20    592.00      0.00      0.00      0.00      0.00
22:27:30        68.80      0.00    178.20      0.60    138.80      0.00      0.00      0.00      0.00
22:27:35         0.00     12.00     30.40      0.00    271.00      0.00      0.00      0.00      0.00
22:27:40        48.00     17.60    309.20      0.20    177.40      0.00      0.00      0.00      0.00
22:27:45        58.40      0.00    497.00      0.40    769.80      0.00      0.00      0.00      0.00
22:27:50         0.00      0.80     44.80      0.00    446.60      0.00      0.00      0.00      0.00
22:27:55        24.80      0.00    111.60      0.00   1087.60      0.00      0.00      0.00      0.00
22:28:00        12.80      0.00    325.00      0.20     71.40      0.00      0.00      0.00      0.00
22:28:05        11.20     11.20    363.20      0.00    899.20      0.00      0.00      0.00      0.00
22:28:10        13.60     16.80    348.60      0.00    496.80      0.00      0.00      0.00      0.00
22:28:15         0.00      0.80    307.20      0.00    749.60      0.00      0.00      0.00      0.00
22:28:20         2.40      0.00     56.60      0.00     54.40      0.00      0.00      0.00      0.00
22:28:25        13.60      0.00    471.60      0.00   1146.60      0.00      0.00      0.00      0.00
22:28:30         0.00      0.80     16.60      0.00     10.80      0.00      0.00      0.00      0.00
22:28:35         0.00      0.00     18.80      0.00    916.80      0.00      0.00      0.00      0.00
22:28:40        13.60      0.00    173.20      0.00    251.60      0.00      0.00      0.00      0.00
22:28:45         0.00     35.20   2798.00      0.00   2964.20      0.00      0.00      0.00      0.00
22:28:50         0.00      0.80    641.60      0.00    656.40      0.00      0.00      0.00      0.00
22:28:55        26.40      4.00   1412.80      0.20   1837.60      0.00      0.00      0.00      0.00
22:29:00         0.00      0.00    246.20      0.00    136.40      0.00      0.00      0.00      0.00
22:29:05         0.00      0.00     22.40      0.00   1306.60      0.00      0.00      0.00      0.00
22:29:10        13.60      1.60    190.80      0.00     31.40      0.00      0.00      0.00      0.00
22:29:15         0.00     34.40    312.20      0.00   2123.40      0.00      0.00      0.00      0.00
22:29:20         0.00     16.00     31.80      0.00     40.40      0.00      0.00      0.00      0.00
22:29:25         0.00      0.00    280.40      0.00    840.80      0.00      0.00      0.00      0.00
22:29:30         0.00      0.00     35.40      0.00     42.80      0.00      0.00      0.00      0.00
22:29:35         0.00      0.00     43.00      0.00    876.60      0.00      0.00      0.00      0.00
22:29:40        12.80      0.00    285.40      0.00    301.80      0.00      0.00      0.00      0.00
22:29:45         0.00     20.00    339.60      0.00   1128.40      0.00      0.00      0.00      0.00
22:29:50         0.00      0.80     35.20      0.00      9.80      0.00      0.00      0.00      0.00
22:29:55         3.20     12.80    155.60      0.00   1076.20      0.00      0.00      0.00      0.00
22:30:00         0.00      0.80     58.28      0.00     49.90      0.00      0.00      0.00      0.00
22:30:05         0.00      0.00     20.00      0.00   1207.20      0.00      0.00      0.00      0.00
22:30:10        12.80      0.00    235.20      0.00    239.60      0.00      0.00      0.00      0.00
22:30:15         0.00     17.60    468.40      0.00   1299.00      0.00      0.00      0.00      0.00
22:30:20         0.00      0.00     31.40      0.00     27.20      0.00      0.00      0.00      0.00
22:30:25         0.00      0.00    261.80      0.00    207.60      0.00      0.00      0.00      0.00
22:30:30         0.00     13.60     33.20      0.00    971.80      0.00      0.00      0.00      0.00
22:30:35         0.00      0.00     16.00      0.00     43.80      0.00      0.00      0.00      0.00
22:30:40         0.00      0.00    234.60      0.00   1208.80      0.00      0.00      0.00      0.00
22:30:45         0.00     17.60    306.80      0.00    180.80      0.00      0.00      0.00      0.00
22:30:50         0.00      0.00     33.40      0.00   1095.40      0.00      0.00      0.00      0.00
22:30:55        13.60      0.00    175.60      0.00    255.20      0.00      0.00      0.00      0.00
22:31:00         0.00      0.80     54.60      0.00   1032.40      0.00      0.00      0.00      0.00
22:31:05         0.00     12.00    180.00      0.00    392.40      0.00      0.00      0.00      0.00
22:31:10         0.00      0.80    202.00      0.00    984.80      0.00      0.00      0.00      0.00
22:31:15         0.00     17.60    234.00      0.00    121.00      0.00      0.00      0.00      0.00
22:31:20         0.00      0.00    226.20      0.00   1422.80      0.00      0.00      0.00      0.00
22:31:25        12.80      0.00    176.80      0.00     50.00      0.00      0.00      0.00      0.00
22:31:30         0.00      0.80     33.00      0.00    923.20      0.00      0.00      0.00      0.00
22:31:35         0.00     12.80     50.80      0.00    113.60      0.00      0.00      0.00      0.00
22:31:40        12.80      0.00    213.20      0.00   1147.60      0.00      0.00      0.00      0.00
22:31:45         0.00     17.60    151.60      0.00    156.80      0.00      0.00      0.00      0.00
22:31:50         0.00      0.80    151.40      0.00    994.20      0.00      0.00      0.00      0.00
22:31:55         0.00      0.80    242.80      0.00    212.20      0.00      0.00      0.00      0.00
22:32:00         0.00      0.00     48.00      0.00   1073.80      0.00      0.00      0.00      0.00
22:32:05         0.00      0.00     19.60      0.00     97.40      0.00      0.00      0.00      0.00
22:32:10         0.00     12.00    256.60      0.00    925.60      0.00      0.00      0.00      0.00
22:32:15         0.00      0.00    303.00      0.00    214.80      0.00      0.00      0.00      0.00
22:32:20         0.00     24.00    296.20      0.00   1539.80      0.00      0.00      0.00      0.00
22:32:25         9.60      0.00    250.40      0.00     47.80      0.00      0.00      0.00      0.00
22:32:30        59.20      0.80    416.00      0.20   1606.00      0.00      0.00      0.00      0.00
22:32:35        68.00      0.00    107.20      0.20    430.00      0.00      0.00      0.00      0.00
22:32:40        16.80      0.00     52.00      0.20   1256.60      0.00      0.00      0.00      0.00
22:32:45        68.80      0.00    137.00      0.20    356.60      0.00      0.00      0.00      0.00
22:32:50        48.00     33.60    269.40      0.20   1235.40      0.00      0.00      0.00      0.00
22:32:55        80.80      0.00     64.40      0.60     44.60      0.00      0.00      0.00      0.00
22:33:00        72.00      0.00     52.00      0.80    708.80      0.00      0.00      0.00      0.00
22:33:05         0.00      0.00     17.60      0.00     52.20      0.00      0.00      0.00      0.00
22:33:10        88.80      1.60    151.80      0.80   1241.00      0.00      0.00      0.00      0.00
22:33:15         0.00      0.00     34.60      0.00     22.20      0.00      0.00      0.00      0.00
22:33:20        66.40     18.40    223.00      0.40   1339.80      0.00      0.00      0.00      0.00
22:33:25        24.80     12.80     62.20      0.20     64.00      0.00      0.00      0.00      0.00
22:33:30        80.80      0.80    130.20      0.60   1493.00      0.00      0.00      0.00      0.00
22:33:35        48.00      0.00     14.80      0.20     51.80      0.00      0.00      0.00      0.00
22:33:40        73.60      0.00    246.20      0.60   1197.40      0.00      0.00      0.00      0.00
22:33:45        43.20      0.00     55.60      0.00     22.20      0.00      0.00      0.00      0.00
22:33:50        48.00     18.40    362.80      0.20   1378.80      0.00      0.00      0.00      0.00
22:33:55         0.00      0.00     53.20      0.00    169.80      0.00      0.00      0.00      0.00
22:34:00        18.40     12.00     48.40      0.00    184.20      0.00      0.00      0.00      0.00
22:34:05        40.00      0.00     21.40      0.20   1215.80      0.00      0.00      0.00      0.00
22:34:10        26.40      0.00    182.20      0.20     55.00      0.00      0.00      0.00      0.00
22:34:15        80.80      0.00    110.80      0.60   1467.60      0.00      0.00      0.00      0.00
22:34:20        48.00     16.80    302.40      0.20    178.00      0.00      0.00      0.00      0.00
22:34:25        64.00      0.00     67.40      0.20   1520.40      0.00      0.00      0.00      0.00
22:34:30        48.00     12.80     37.20      0.20     36.20      0.00      0.00      0.00      0.00
22:34:35        45.60      0.00    115.40      0.20   1607.00      0.00      0.00      0.00      0.00
22:34:40        72.00      0.00     34.60      0.80     30.60      0.00      0.00      0.00      0.00
22:34:45        64.00      0.00     56.40      0.20   1392.40      0.00      0.00      0.00      0.00
22:34:50        51.20     17.60    288.20      0.40    162.40      0.00      0.00      0.00      0.00
22:34:55         0.00      0.00     54.40      0.00   1365.80      0.00      0.00      0.00      0.00
22:35:00       104.80      0.00    165.20      0.60    334.40      0.00      0.00      0.00      0.00
22:35:05        19.20     12.80     16.40      0.00   1286.20      0.00      0.00      0.00      0.00
22:35:10        48.00      0.80     15.20      0.20     16.40      0.00      0.00      0.00      0.00
22:35:15        29.60      0.00     54.40      0.20   1124.40      0.00      0.00      0.00      0.00
22:35:20        26.40     16.80    309.40      0.20    353.00      0.00      0.00      0.00      0.00
22:35:25        48.00      0.80    129.40      0.20   1459.20      0.00      0.00      0.00      0.00
22:35:30        80.80      0.00     39.00      0.60     33.60      0.00      0.00      0.00      0.00
22:35:35        57.60      0.00     17.20      0.40     53.60      0.00      0.00      0.00      0.00
22:35:40         3.20     12.80     50.00      0.00     30.40      0.00      0.00      0.00      0.00
22:35:45        48.00      0.00    156.20      0.20    632.80      0.00      0.00      0.00      0.00
22:35:50        48.00      0.00    199.40      0.20     91.40      0.00      0.00      0.00      0.00
22:35:55        42.40     23.20   2851.00      0.20   1953.80      0.00      0.00      0.00      0.00
22:36:00         2.40      0.00    186.80      0.00    149.40      0.00      0.00      0.00      0.00
22:36:05        58.40      0.00    151.20      0.40   1403.00      0.00      0.00      0.00      0.00
22:36:10        51.20      0.00    210.40      0.40    117.80      0.00      0.00      0.00      0.00
22:36:15         0.00      0.00     66.00      0.00    411.40      0.00      0.00      0.00      0.00
22:36:20        70.40     12.00    395.00      0.60    494.60      0.00      0.00      0.00      0.00
22:36:25        14.40     38.40   1100.40      0.00    796.60      0.00      0.00      0.00      0.00
22:36:30        66.40      5.60    511.40      0.40    393.80      0.00      0.00      0.00      0.00
22:36:35         0.00      0.80     17.60      0.00    846.60      0.00      0.00      0.00      0.00
22:36:40        16.80      0.00    284.80      0.00    586.00      0.00      0.00      0.00      0.00
22:36:45        25.60      0.00    153.60      0.00    313.60      0.00      0.00      0.00      0.00
22:36:50        34.40      0.00    111.80      0.00    620.00      0.00      0.00      0.00      0.00
22:36:55         0.00     44.80    296.00      0.00    450.40      0.00      0.00      0.00      0.00
22:37:00         0.00      0.00    118.40      0.00     83.40      0.00      0.00      0.00      0.00
22:37:05        16.80      1.60     15.60      0.00     35.40      0.00      0.00      0.00      0.00
22:37:10        54.40      0.00     67.20      0.40    450.80      0.00      0.00      0.00      0.00
22:37:15         0.00      0.00     31.20      0.00    251.80      0.00      0.00      0.00      0.00
22:37:20         0.00      0.00     30.80      0.00     42.40      0.00      0.00      0.00      0.00
22:37:25         0.00     28.00    363.00      0.00    160.20      0.00      0.00      0.00      0.00
22:37:30        27.20      0.80    244.60      0.20    146.00      0.00      0.00      0.00      0.00
22:37:35        23.20      0.00     44.60      0.00    499.00      0.00      0.00      0.00      0.00
22:37:40         0.00      0.00     28.00      0.00    145.80      0.00      0.00      0.00      0.00
22:37:45         0.00      0.00     40.40      0.00     22.60      0.00      0.00      0.00      0.00
22:37:50        26.40      0.80     18.00      0.20     12.60      0.00      0.00      0.00      0.00
22:37:55        29.60     17.60    409.20      0.20    468.00      0.00      0.00      0.00      0.00
22:38:00        13.60     13.60     79.60      0.20     72.60      0.00      0.00      0.00      0.00
22:38:05         0.00      0.00     16.60      0.00    226.00      0.00      0.00      0.00      0.00
22:38:10        23.20      0.00     14.00      0.00     13.80      0.00      0.00      0.00      0.00
22:38:15        31.20      0.00    114.40      0.20    305.60      0.00      0.00      0.00      0.00
22:38:20         0.00      0.00    178.00      0.00    102.80      0.00      0.00      0.00      0.00
22:38:25         0.00     16.80    326.20      0.00    220.20      0.00      0.00      0.00      0.00
22:38:30         0.00      0.80     67.60      0.00     64.60      0.00      0.00      0.00      0.00
22:38:35        30.40     12.80     24.20      0.20    226.60      0.00      0.00      0.00      0.00
22:38:40        29.60      0.00    110.60      0.20    309.20      0.00      0.00      0.00      0.00
22:38:45         0.00      0.00     32.60      0.00     21.20      0.00      0.00      0.00      0.00
22:38:50         0.00      0.00     17.20      0.00     15.00      0.00      0.00      0.00      0.00
22:38:55        18.40     17.60    328.20      0.00     89.00      0.00      0.00      0.00      0.00
22:39:00        37.60      1.60    164.60      0.40    457.80      0.00      0.00      0.00      0.00
22:39:05         0.00      0.00    105.40      0.00    748.40      0.00      0.00      0.00      0.00
22:39:10         0.00     13.60     14.80      0.00     11.00      0.00      0.00      0.00      0.00
22:39:15        18.40      0.00     33.00      0.00     27.80      0.00      0.00      0.00      0.00
22:39:20        34.40      0.00    130.20      0.20     36.60      0.00      0.00      0.00      0.00
22:39:25         0.00      0.00     86.00      0.00    299.20      0.00      0.00      0.00      0.00
22:39:30         0.00     21.60    339.80      0.00    228.80      0.00      0.00      0.00      0.00
22:39:35         0.00      0.00     14.40      0.00    218.60      0.00      0.00      0.00      0.00
22:39:40        16.80      0.00     33.40      0.00     29.20      0.00      0.00      0.00      0.00
22:39:45        34.40      0.00    105.80      0.20    395.60      0.00      0.00      0.00      0.00
22:39:50         0.00     13.60     14.80      0.00     14.20      0.00      0.00      0.00      0.00
22:39:55         0.00      0.00     35.40      0.00     28.80      0.00      0.00      0.00      0.00
22:40:00        16.80     17.60    292.80      0.00    169.60      0.00      0.00      0.00      0.00
22:40:05        38.40      0.80     44.00      0.40    449.00      0.00      0.00      0.00      0.00
22:40:10         0.00      0.00     16.40      0.00     10.80      0.00      0.00      0.00      0.00
22:40:15         0.00      0.00     49.00      0.00     39.00      0.00      0.00      0.00      0.00
22:40:20         0.00      0.00     32.73      0.00     26.75      0.00      0.00      0.00      0.00
22:40:25        46.40     11.20    136.40      0.00     19.80      0.00      0.00      0.00      0.00
22:40:30         0.00     17.60    313.60      0.00    493.60      0.00      0.00      0.00      0.00
22:40:35         0.00      0.00     13.40      0.00    219.80      0.00      0.00      0.00      0.00
22:40:40         0.00      0.00     30.40      0.00    157.00      0.00      0.00      0.00      0.00
22:40:45        25.60      0.00    109.40      0.20     44.00      0.00      0.00      0.00      0.00
22:40:50        25.60      0.00    251.20      0.00    374.20      0.00      0.00      0.00      0.00
22:40:55         0.00     12.00     54.40      0.00     34.40      0.00      0.00      0.00      0.00
22:41:00         0.00     19.20    345.60      0.00    229.60      0.00      0.00      0.00      0.00
22:41:05        18.40      0.00     14.80      0.00    218.40      0.00      0.00      0.00      0.00
22:41:10        37.60      0.80    268.40      0.40    463.40      0.00      0.00      0.00      0.00
22:41:15         0.00      0.00     37.40      0.00     19.40      0.00      0.00      0.00      0.00
22:41:20         0.00      0.00     38.40      0.00     31.60      0.00      0.00      0.00      0.00
22:41:25        18.40      0.00     31.20      0.00     36.40      0.00      0.00      0.00      0.00
22:41:30        33.60     30.40    417.20      0.20    472.00      0.00      0.00      0.00      0.00
22:41:35         0.00      0.00      9.80      0.00    342.20      0.00      0.00      0.00      0.00
22:41:40         0.00      0.00     30.40      0.00     35.60      0.00      0.00      0.00      0.00
22:41:45        16.80      0.00     29.80      0.00     21.20      0.00      0.00      0.00      0.00
22:41:50        33.60      0.80    101.80      0.20    299.40      0.00      0.00      0.00      0.00
22:41:55         0.00      0.00     32.00      0.00     14.40      0.00      0.00      0.00      0.00
22:42:00         0.00     15.20    303.00      0.00    153.40      0.00      0.00      0.00      0.00
22:42:05        16.80     12.80     15.00      0.00    223.80      0.00      0.00      0.00      0.00
22:42:10         0.00      0.00     21.80      0.00      9.40      0.00      0.00      0.00      0.00
22:42:15        25.60      0.00    375.00      0.00    446.60      0.00      0.00      0.00      0.00
22:42:20         0.00      0.00     35.00      0.00     32.20      0.00      0.00      0.00      0.00
22:42:25         0.00      0.00     52.00      0.00     15.20      0.00      0.00      0.00      0.00
22:42:30        18.40     24.00    391.00      0.00    220.60      0.00      0.00      0.00      0.00
22:42:35        57.60      0.00    207.20      0.40    771.80      0.00      0.00      0.00      0.00
22:42:40        62.40     12.80    110.00      0.60   6864.20      0.00      0.00      0.00      0.00
22:42:45       109.60      0.00    397.20      0.20    198.60      0.00      0.00      0.00      0.00
22:42:50        72.80      0.80    111.20      0.40    301.00      0.00      0.00      0.00      0.00
22:42:55       111.20      0.00     33.00      0.60    192.20      0.00      0.00      0.00      0.00
22:43:00        62.40      0.00    262.80      0.20    143.80      0.00      0.00      0.00      0.00
22:43:05        75.20     20.80    133.00      0.40    508.80      0.00      0.00      0.00      0.00
22:43:10        25.60      0.00     15.20      0.00     12.80      0.00      0.00      0.00      0.00
22:43:15        80.00      0.80     33.20      0.60     20.20      0.00      0.00      0.00      0.00
22:43:20        66.40     12.80     33.40      0.20     35.60      0.00      0.00      0.00      0.00
22:43:25        98.40      0.00    189.20      0.40    302.00      0.00      0.00      0.00      0.00
22:43:30        25.60      0.00    175.40      0.00    118.60      0.00      0.00      0.00      0.00
22:43:35        28.00     17.60    168.80      0.00    318.80      0.00      0.00      0.00      0.00
22:43:40        99.20      0.00     31.20      0.40     26.60      0.00      0.00      0.00      0.00
22:43:45        48.00      0.00     33.40      0.20     66.40      0.00      0.00      0.00      0.00
22:43:50        48.80     12.00     72.80      0.40     11.00      0.00      0.00      0.00      0.00
22:43:55        88.00      0.00    119.00      0.60    304.80      0.00      0.00      0.00      0.00
22:44:00        65.60      0.00     72.00      0.40     68.00      0.00      0.00      0.00      0.00
22:44:05        25.60     17.60    285.40      0.00    356.60      0.00      0.00      0.00      0.00
22:44:10        48.00      0.00     16.80      0.20     10.80      0.00      0.00      0.00      0.00
22:44:15        96.00      0.00     62.00      0.40     22.60      0.00      0.00      0.00      0.00
22:44:20        50.40      0.00     77.20      0.40     30.00      0.00      0.00      0.00      0.00
22:44:25        98.40     12.80    341.20      0.40    390.00      0.00      0.00      0.00      0.00
22:44:30        48.00      1.60     50.20      0.20     56.80      0.00      0.00      0.00      0.00
22:44:35        48.00     16.80    285.60      0.20    371.80      0.00      0.00      0.00      0.00
22:44:40        48.00      0.00     29.60      0.20     26.80      0.00      0.00      0.00      0.00
22:44:45        96.80      0.00     36.80      1.00    142.00      0.00      0.00      0.00      0.00
22:44:50        25.60      0.00     13.20      0.00     11.40      0.00      0.00      0.00      0.00
22:44:55       100.00      0.00    216.00      0.60     27.60      0.00      0.00      0.00      0.00
22:45:00        25.60     13.60     75.40      0.00    220.40      0.00      0.00      0.00      0.00
22:45:05        84.80     17.60    240.80      0.60    315.20      0.00      0.00      0.00      0.00
22:45:10        48.00      0.80     18.60      0.20     12.00      0.00      0.00      0.00      0.00
22:45:15        76.80      0.00     33.80      0.40     50.20      0.00      0.00      0.00      0.00
22:45:20        51.20      0.00     34.40      0.40     38.20      0.00      0.00      0.00      0.00
22:45:25        48.00      0.00     53.60      0.20     17.60      0.00      0.00      0.00      0.00
22:45:30        52.80      4.00   2964.40      0.40   1533.80      0.00      0.00      0.00      0.00
22:45:35        48.00     43.20    755.00      0.20   1856.40      0.00      0.00      0.00      0.00
22:45:40        91.20      4.00   1451.00      0.40   1173.80      0.00      0.00      0.00      0.00
22:45:45        78.40      7.20   3177.20      0.20   2455.00      0.00      0.00      0.00      0.00
22:45:50        81.60      2.40   8962.20      0.60   8057.80      0.00      0.00      0.00      0.00
22:45:55         0.00      0.00    170.80      0.00    120.60      0.00      0.00      0.00      0.00
22:46:00        76.00      4.80   9107.60      0.40  20775.20      0.00      0.00      0.00      0.00
22:46:05        48.00     38.40    437.80      0.20    825.00      0.00      0.00      0.00      0.00
22:46:10        30.40     15.20    101.20      0.20    315.00      0.00      0.00      0.00      0.00
22:46:15        68.00     74.40   1804.00      0.40  21538.20      0.00      0.00      0.00      0.00
22:46:20        72.80      1.60     55.40      0.40     63.40      0.00      0.00      0.00      0.00
22:46:25       115.20      4.00   1046.00      0.60    946.40      0.00      0.00      0.00      0.00
22:46:30        51.20      0.00   9258.40      0.20   1783.00      0.00      0.00      0.00      0.00
22:46:35        67.20      1.60    514.20      0.40    596.60      0.00      0.00      0.00      0.00
22:46:40        41.60     38.40     82.00      0.20   1042.20      0.00      0.00      0.00      0.00
22:46:45        25.60     14.40     46.40      0.00     36.00      0.00      0.00      0.00      0.00
22:46:50       100.00      3.20    394.40      0.60    153.80      0.00      0.00      0.00      0.00
22:46:55         0.00      0.00    438.00      0.00   1742.40      0.00      0.00      0.00      0.00
22:47:00        73.60      0.00    547.00      0.20    729.00      0.00      0.00      0.00      0.00
22:47:05        25.55      1.60    443.11      0.00    905.79      0.00      0.00      0.00      0.00
22:47:10         0.00     23.20     88.40      0.00    275.00      0.00      0.00      0.00      0.00
22:47:15        48.00      0.00    358.20      0.00   1015.20      0.00      0.00      0.00      0.00
22:47:20        25.60     16.00    202.80      0.00    413.80      0.00      0.00      0.00      0.00
22:47:25        51.20      0.00    262.80      0.40    307.00      0.00      0.00      0.00      0.00
22:47:30        73.60      0.00    452.40      0.60   1013.60      0.00      0.00      0.00      0.00
22:47:35        48.00      0.80    329.60      0.20    672.00      0.00      0.00      0.00      0.00
22:47:40        51.20     16.80    697.80      0.20    972.20      0.00      0.00      0.00      0.00
22:47:45        67.20      4.00   2925.60      0.40  32120.60      0.00      0.00      0.00      0.00
22:47:50        47.20      0.80     56.60      0.20    491.40      0.00      0.00      0.00      0.00
22:47:55        48.00     16.00    251.80      0.20    235.00      0.00      0.00      0.00      0.00
22:48:00       153.60      8.00   3525.20      1.20   3424.40      0.00      0.00      0.00      0.00
22:48:05         0.00      0.00    310.20      0.00    615.00      0.00      0.00      0.00      0.00
22:48:10        65.60     36.00     74.20      0.40    899.20      0.00      0.00      0.00      0.00
22:48:15        51.20      0.00     59.20      0.20    183.80      0.00      0.00      0.00      0.00
22:48:20        48.00      5.60     63.80      0.20    105.40      0.00      0.00      0.00      0.00
22:48:25        69.60      4.00    978.20      0.20    983.00      0.00      0.00      0.00      0.00
22:48:30        52.80     15.20    458.40      0.40    456.20      0.00      0.00      0.00      0.00
22:48:35         0.00      0.00      5.40      0.00    986.20      0.00      0.00      0.00      0.00
22:48:40        42.40     32.80    207.80      0.20    521.40      0.00      0.00      0.00      0.00
22:48:45        25.60      0.00     20.80      0.00    895.80      0.00      0.00      0.00      0.00
22:48:50        47.20      0.00     94.40      0.20     36.80      0.00      0.00      0.00      0.00
22:48:55        48.00      0.00    372.60      0.20    611.60      0.00      0.00      0.00      0.00
22:49:00        25.60      3.20     68.20      0.00     65.80      0.00      0.00      0.00      0.00
22:49:05         0.00     12.80     24.80      0.00      8.20      0.00      0.00      0.00      0.00
22:49:10        53.60     21.60    127.40      0.40    234.60      0.00      0.00      0.00      0.00
22:49:15         0.00      0.00     34.60      0.00     20.00      0.00      0.00      0.00      0.00
22:49:20        24.00      0.00     40.40      0.00     41.60      0.00      0.00      0.00      0.00
22:49:25        46.40      0.00    432.00      0.20    641.20      0.00      0.00      0.00      0.00
22:49:30        56.80      0.80    158.20      0.20    559.00      0.00      0.00      0.00      0.00
22:49:35        25.60      0.00    122.60      0.00    435.80      0.00      0.00      0.00      0.00
22:49:40         0.00     30.40     52.20      0.00     34.60      0.00      0.00      0.00      0.00
22:49:45         0.00      0.00     32.40      0.00     20.20      0.00      0.00      0.00      0.00
22:49:50        41.60      0.80     12.80      0.00     47.00      0.00      0.00      0.00      0.00
22:49:55         0.00      0.00    301.00      0.00    242.40      0.00      0.00      0.00      0.00
22:50:00        64.80      0.00     89.20      0.40    212.80      0.00      0.00      0.00      0.00
22:50:05        44.00      0.00    109.40      0.20    316.80      0.00      0.00      0.00      0.00
22:50:10         0.00      0.00     46.80      0.00     23.20      0.00      0.00      0.00      0.00
22:50:15         0.00     27.20     33.40      0.00     18.80      0.00      0.00      0.00      0.00
22:50:20        41.60      0.00     29.00      0.00    122.40      0.00      0.00      0.00      0.00
22:50:25         0.00      0.00    302.80      0.00    160.40      0.00      0.00      0.00      0.00
22:50:30         0.00      0.80     91.20      0.00    714.80      0.00      0.00      0.00      0.00
22:50:35        76.80      0.80    123.40      0.40     42.60      0.00      0.00      0.00      0.00
22:50:40         0.00      0.00     29.20      0.00    332.00      0.00      0.00      0.00      0.00
22:50:45         0.00     16.80     38.80      0.00     40.20      0.00      0.00      0.00      0.00
22:50:50         0.00     12.80     45.80      0.00     14.20      0.00      0.00      0.00      0.00
22:50:55        25.60      0.00    329.40      0.00    152.00      0.00      0.00      0.00      0.00
22:51:00         0.00      0.00     88.80      0.00    277.00      0.00      0.00      0.00      0.00
22:51:05         0.00      0.00     27.40      0.00     12.00      0.00      0.00      0.00      0.00
22:51:10         0.00      0.80    122.40      0.00    316.60      0.00      0.00      0.00      0.00
22:51:15         0.00     17.60     56.80      0.00     22.20      0.00      0.00      0.00      0.00
22:51:20         0.00      0.00     51.40      0.00     23.80      0.00      0.00      0.00      0.00
22:51:25         0.00     12.80    219.40      0.00     81.80      0.00      0.00      0.00      0.00
22:51:30         0.00      0.80    110.40      0.00    245.40      0.00      0.00      0.00      0.00
22:51:35         0.00      0.00    763.60      0.00    235.20      0.00      0.00      0.00      0.00
22:51:40         0.00      0.00    969.20      0.00    819.00      0.00      0.00      0.00      0.00
22:51:45        60.80     16.80   1278.40      2.80  17554.80      0.00      0.00      0.00      0.00
22:51:50        92.00      0.80    212.40      4.20  90910.60      0.00      0.00      0.00      0.00
22:51:55         0.00      0.00    133.80      0.00     72.20      0.00      0.00      0.00      0.00
22:52:00         0.00      9.60    242.00      0.00    360.20      0.00      0.00      0.00      0.00
22:52:05         0.00      0.00     13.80      0.00      7.20      0.00      0.00      0.00      0.00
22:52:10         0.00      0.00     21.60      0.00     56.20      0.00      0.00      0.00      0.00
22:52:15         0.00     22.40    138.40      0.00     90.60      0.00      0.00      0.00      0.00
22:52:20         0.00    986.40    192.20      0.00     90.80      0.00      0.00      0.00      0.00
22:52:25         0.00      0.00     19.00      0.00      4.60      0.00      0.00      0.00      0.00
22:52:30         0.00      0.80    327.00      0.00    399.00      0.00      0.00      0.00      0.00
22:52:35         0.00      5.60    188.00      0.00     87.60      0.00      0.00      0.00      0.00
22:52:40         0.00      0.00     28.60      0.00     42.20      0.00      0.00      0.00      0.00
22:52:45         0.00     24.80     31.20      0.00     19.80      0.00      0.00      0.00      0.00
22:52:50         0.00      1.60     12.80      0.00      5.20      0.00      0.00      0.00      0.00
22:52:55         0.00      0.00     14.40      0.00    319.20      0.00      0.00      0.00      0.00
22:53:00         0.00      0.00    377.80      0.00    210.00      0.00      0.00      0.00      0.00
22:53:05         0.00      4.80     13.20      0.00     27.00      0.00      0.00      0.00      0.00
22:53:10         0.00      0.80     20.00      0.00     24.40      0.00      0.00      0.00      0.00
22:53:15         0.00     18.40     28.20      0.00     18.60      0.00      0.00      0.00      0.00
22:53:20         0.00      0.00     30.80      0.00     22.80      0.00      0.00      0.00      0.00
22:53:25         0.00      0.00     12.00      0.00      4.40      0.00      0.00      0.00      0.00
22:53:30         0.00      0.80    323.20      0.00    535.00      0.00      0.00      0.00      0.00
22:53:35         0.00      0.00     15.40      0.00     22.80      0.00      0.00      0.00      0.00
22:53:40         0.00      0.00     56.00      0.00     31.00      0.00      0.00      0.00      0.00
22:53:45         0.00      5.59     30.34      0.00     54.29      0.00      0.00      0.00      0.00
22:53:50         0.00     18.40     92.00      0.00 123652.60      0.00      0.00      0.00      0.00
22:53:55        28.00      0.80     11.40      0.00      3.80      0.00      0.00      0.00      0.00
22:54:00        27.20      0.00    436.20      0.00    292.00      0.00      0.00      0.00      0.00
22:54:05         0.00      0.00     16.80      0.00     24.60      0.00      0.00      0.00      0.00
22:54:10         0.00      0.00     18.20      0.00    125.20      0.00      0.00      0.00      0.00
22:54:15        60.00      0.00     33.60      1.20    140.20      0.00      0.00      0.00      0.00
22:54:20         3.20     22.40     30.80      0.00     26.40      0.00      0.00      0.00      0.00
22:54:25         0.00      0.00     11.80      0.00      5.40      0.00      0.00      0.00      0.00
22:54:30         0.00      0.80    311.00      0.00    209.40      0.00      0.00      0.00      0.00
22:54:35         0.00      0.80     34.80      0.00     25.80      0.00      0.00      0.00      0.00
22:54:40         0.00      0.00     37.60      0.00    201.80      0.00      0.00      0.00      0.00
22:54:45         0.00      0.00     32.40      0.00     22.40      0.00      0.00      0.00      0.00
22:54:50         0.00     13.60     63.60      0.00      9.40      0.00      0.00      0.00      0.00
22:54:55         0.00      4.80     12.00      0.00     43.60      0.00      0.00      0.00      0.00
22:55:00         0.00      0.00    407.80      0.00    214.60      0.00      0.00      0.00      0.00
22:55:05         0.00      0.00     33.00      0.00     27.20      0.00      0.00      0.00      0.00
22:55:10         0.00      0.80     41.60      0.00     46.60      0.00      0.00      0.00      0.00
22:55:15         0.00      0.00     31.40      0.00     11.80      0.00      0.00      0.00      0.00
22:55:20         0.00     17.60     38.80      0.00    135.60      0.00      0.00      0.00      0.00
22:55:25         0.00      0.00     13.60      0.00      5.40      0.00      0.00      0.00      0.00
22:55:30         0.00      6.40    359.60      0.00    546.20      0.00      0.00      0.00      0.00
22:55:35         0.00      0.00     47.00      0.00     35.20      0.00      0.00      0.00      0.00
22:55:40         0.00      0.00     30.00      0.00     21.20      0.00      0.00      0.00      0.00
22:55:45         0.00      0.00     30.80      0.00     73.80      0.00      0.00      0.00      0.00
22:55:50         0.00     18.40     17.60      0.00     52.20      0.00      0.00      0.00      0.00
22:55:55         0.00      0.00     12.00      0.00      5.60      0.00      0.00      0.00      0.00
22:56:00         0.00      0.00    372.20      0.00    194.80      0.00      0.00      0.00      0.00
22:56:05         0.00      4.80     32.60      0.00     28.40      0.00      0.00      0.00      0.00
22:56:10         0.00      0.00     50.20      0.00      8.20      0.00      0.00      0.00      0.00
22:56:15         0.00      0.00     30.00      0.00     19.80      0.00      0.00      0.00      0.00
22:56:20         0.00     16.80     32.80      0.00    212.20      0.00      0.00      0.00      0.00
22:56:25         0.00      0.00     13.00      0.00    100.60      0.00      0.00      0.00      0.00
22:56:30         1.60      2.40     74.20      0.00     67.40      0.00      0.00      0.00      0.00
22:56:35         0.00      4.80    277.20      0.00    166.60      0.00      0.00      0.00      0.00
22:56:40         0.00      0.00     32.80      0.00     20.40      0.00      0.00      0.00      0.00
22:56:45         0.00      0.00     30.40      0.00    206.60      0.00      0.00      0.00      0.00
22:56:50         0.00     19.20     15.60      0.00      9.80      0.00      0.00      0.00      0.00
22:56:55         0.00      0.00     17.20      0.00     12.00      0.00      0.00      0.00      0.00
22:57:00         0.00      0.00     96.60      0.00    100.60      0.00      0.00      0.00      0.00
22:57:05         0.00      0.00    296.00      0.00    167.20      0.00      0.00      0.00      0.00
22:57:10         0.00      0.00     13.20      0.00    178.00      0.00      0.00      0.00      0.00
22:57:15         0.00      5.60     30.00      0.00     25.60      0.00      0.00      0.00      0.00
22:57:20         0.00      0.00     26.80      0.00     20.40      0.00      0.00      0.00      0.00
22:57:25         0.00     18.40     24.60      0.00     48.40      0.00      0.00      0.00      0.00
22:57:30      1032.00      4.00   2843.00      7.60   1581.00      0.00      0.00      0.00      0.00
22:57:35         0.00      0.80    595.20      0.00    323.20      0.00      0.00      0.00      0.00
22:57:40        10.40      4.00   1436.60      0.00   2174.40      0.00      0.00      0.00      0.00
22:57:45    205745.60      0.00   8925.20   1609.80   5813.80      0.00      0.00      0.00      0.00
22:57:50      4837.60      7.20    117.40      0.00   1303.20      0.00      0.00      0.00      0.00
22:57:55      3320.80    548.00    149.20      0.00    162.60      0.00      0.00      0.00      0.00
22:58:00      4384.80      4.00    396.80      0.00    500.00      0.00      0.00      0.00      0.00
22:58:05      4778.40      0.00    578.60      0.00    427.60      0.00      0.00      0.00      0.00
22:58:10      4840.00      0.00    239.20      0.00    767.20      0.00      0.00      0.00      0.00
22:58:15      8416.00      1.60    311.40      0.00    280.40      0.00      0.00      0.00      0.00
22:58:20     11305.60      0.80    462.60      0.00    382.60      0.00      0.00      0.00      0.00
22:58:25     15356.00   4384.80    537.80      0.00    250.20      0.00      0.00      0.00      0.00
22:58:30     17655.09      0.80    364.47      0.00    257.09      0.00      0.00      0.00      0.00
22:58:35     17345.60      0.00    791.80      0.00   1804.20      0.00      0.00      0.00      0.00
22:58:40      9675.20      0.00   1451.20      1.00    844.00      0.00      0.00      0.00      0.00
22:58:45     54805.60      0.80   3626.00    624.00    787.00      0.00      0.00      0.00      0.00
22:58:50      5008.00      0.00    251.80     55.60     45.60      0.00      0.00      0.00      0.00
22:58:55      5224.00   6156.80    231.60     58.40    415.60      0.00      0.00      0.00      0.00
22:59:00      4739.20      0.00    217.80     53.80    247.60      0.00      0.00      0.00      0.00
22:59:05      5751.20      0.00    545.80     67.00   1264.40      0.00      0.00      0.00      0.00
22:59:10      4993.60      0.80    230.20     56.20     27.60      0.00      0.00      0.00      0.00
22:59:15      4259.20   1256.00    236.80     46.20   1238.60      0.00      0.00      0.00      0.00
22:59:20      4892.00      0.00    261.40     55.60     64.60      0.00      0.00      0.00      0.00
22:59:25      5646.40      0.00    258.60     65.00    862.40      0.00      0.00      0.00      0.00
22:59:30      4792.80   1138.40    197.60     51.00    255.80      0.00      0.00      0.00      0.00
22:59:35      5289.60     12.80    494.00     56.60   1512.00      0.00      0.00      0.00      0.00
22:59:40      6860.00      0.00    325.20     75.20     46.40      0.00      0.00      0.00      0.00
22:59:45      8669.60      0.00    430.40     98.80    899.40      0.00      0.00      0.00      0.00
22:59:50      7612.80      1.60    334.60     83.60     71.00      0.00      0.00      0.00      0.00
22:59:55      9043.20      0.00    380.00     99.80     35.80      0.00      0.00      0.00      0.00
23:00:00     13236.00   1466.40    638.40    153.40   1180.80      0.00      0.00      0.00      0.00
23:00:05      8848.80      0.00    434.00     98.00     43.80      0.00      0.00      0.00      0.00
23:00:10     11892.80     12.80    751.20    133.60   1169.00      0.00      0.00      0.00      0.00
23:00:15     10234.40      0.00    496.00    115.20    229.40      0.00      0.00      0.00      0.00
23:00:20     12956.00      0.00    643.00    149.80    993.20      0.00      0.00      0.00      0.00
23:00:25     12944.00      0.00    556.20    146.60     86.20      0.00      0.00      0.00      0.00
23:00:30     24151.20   2652.80   1049.20    284.00    167.20      0.00      0.00      0.00      0.00
23:00:35     40654.40      0.00   1898.00    471.40    201.00      0.00      0.00      0.00      0.00
23:00:40     31912.80      0.00   1672.80    370.80    320.20      0.00      0.00      0.00      0.00
23:00:45     15701.60     13.60    767.80    184.40    125.60      0.00      0.00      0.00      0.00
23:00:50       566.40      0.00     44.80      6.40    216.60      0.00      0.00      0.00      0.00
23:00:55       487.20      0.00     27.60      5.80     23.40      0.00      0.00      0.00      0.00
23:01:00    162436.80   3314.40   5276.80   1626.20   3011.60      0.00      0.00      0.00      0.00
23:01:05    350533.60      0.00   8163.20   2375.40  33361.00      0.00      0.00  27079.80      0.00
23:01:10    244741.60      0.80   5159.80   2257.60  65117.20      0.00      0.00  61860.20      0.00
23:01:15    403652.80      0.00   9521.60   6750.80 108133.60      0.00      0.00 102299.60      0.00
23:01:20    750640.80     12.80  16087.60   9198.60 200793.20      0.00      0.00 190545.60      0.00
23:01:25    467793.60      0.00  14797.80  10802.20 126240.60      0.00      0.00 116282.80      0.00
23:01:30    330763.20      8.00  11723.60   9469.20 101604.80      0.00      0.00  94771.00      0.00
23:01:35      7516.00     11.20    628.80    113.20  67483.00      0.00      0.00   8724.00      0.00
23:01:40         0.00      0.00    273.80      0.00    338.60      0.00      0.00      0.00      0.00
23:01:45       146.40      0.80     85.60      1.60     60.20      0.00      0.00      0.00      0.00
23:01:50         0.00      0.80     29.60      0.00     25.40      0.00      0.00      0.00      0.00
23:01:55         0.00      8.00     28.60      0.00     13.00      0.00      0.00      0.00      0.00
23:02:00         9.60      8.80     42.60      0.20     82.20      0.00      0.00      0.00      0.00
23:02:05         0.00     10.40    203.00      0.00     89.60      0.00      0.00      0.00      0.00
23:02:10         0.00      0.00    271.20      0.00    302.40      0.00      0.00      0.00      0.00
23:02:15         0.00      0.00     57.80      0.00     43.60      0.00      0.00      0.00      0.00
23:02:20         6.40      0.00    298.40      0.00    296.40      0.00      0.00      0.00      0.00
23:02:25         0.00      0.00     13.60      0.00      7.20      0.00      0.00      0.00      0.00
23:02:30         0.00      0.00    204.20      0.00    223.80      0.00      0.00      0.00      0.00
23:02:35         0.00     16.00    210.80      0.00     80.60      0.00      0.00      0.00      0.00
23:02:40         0.00     14.40    300.20      0.00    451.00      0.00      0.00      0.00      0.00
23:02:45      1148.00      4.00   2960.60      8.80   1634.20      0.00      0.00      0.00      0.00
23:02:50        76.00      7.20   1616.20      0.80   1544.60      0.00      0.00      0.00      0.00
23:02:55         0.80      4.80    878.80      0.00    396.80      0.00      0.00      0.00      0.00
23:03:00    257131.20      0.00  30662.00   2603.60  41284.00      0.00      0.00  30042.60      0.00
23:03:05    596680.80      8.00  17473.00   7609.80 165262.00      0.00      0.00 153850.60      0.00
23:03:10    444473.60     37.60  15508.20  11110.80 122481.20      0.00      0.00 113306.20      0.00
23:03:15     86912.80      4.00   5910.60   3295.80  87085.60      0.00      0.00  36997.80      0.00
23:03:20         0.00      8.80   1143.40      0.00   1220.40      0.00      0.00      0.00      0.00
23:03:25       168.00      4.00   2041.20      1.00   2546.60      0.00      0.00      0.00      0.00
23:03:30         1.60      4.80    990.60      0.00    291.80      0.00      0.00      0.00      0.00
23:03:35         3.20     12.80   1889.80      0.20   1714.80      0.00      0.00      0.00      0.00
23:03:40        73.60     28.00    350.20      0.00    364.60      0.00      0.00      0.00      0.00
23:03:45         0.00      7.20    449.80      0.00   1151.80      0.00      0.00      0.00      0.00
23:03:50        16.80      4.00    333.00      0.20    348.80      0.00      0.00      0.00      0.00
23:03:55       595.20     12.00   2034.20      5.80   1383.80      0.00      0.00      0.00      0.00
23:04:00         0.00      0.00     71.60      0.00    179.80      0.00      0.00      0.00      0.00
23:04:05         0.00      9.60     45.00      0.00    201.80      0.00      0.00      0.00      0.00
23:04:10         0.00      4.00   1600.60      0.00   1901.60      0.00      0.00      0.00      0.00
23:04:15         0.00     36.80    537.40      0.00    524.60      0.00      0.00      0.00      0.00
23:04:20         0.00      5.60    390.80      0.00    454.00      0.00      0.00      0.00      0.00
23:04:25       996.80     16.80   2849.60      6.40   2568.20      0.00      0.00      0.00      0.00
23:04:30        30.40     13.60   1764.40      0.20   1043.20      0.00      0.00      0.00      0.00
23:04:35         0.00      8.00    226.20      0.00    241.00      0.00      0.00      0.00      0.00
23:04:40       330.40     61.60   4166.80      0.20   3711.60      0.00      0.00      0.00      0.00
23:04:45         0.00      0.00     52.40      0.00    335.40      0.00      0.00      0.00      0.00
23:04:50         0.00     60.00    317.20      0.00    330.20      0.00      0.00      0.00      0.00
23:04:55      4641.60      4.80   2565.00     51.20   2185.80      0.00      0.00      0.00      0.00
23:05:00    142328.00      0.00   6981.20    619.40   9900.00      0.00      0.00   4574.00      0.00
23:05:05     63304.80   1264.00  18998.60    319.20  40992.40      0.00      0.00  38024.00      0.00
23:05:10    623180.00      6.40  18108.20   7927.80 170810.20      0.00      0.00 158892.40      0.00
23:05:15    515396.80      0.80  16211.60   9188.80 143439.60      0.00      0.00 131633.40      0.00
23:05:20    244645.60     32.80  10386.00   8253.00  83107.60      0.00      0.00  77654.60      0.00
23:05:25      1237.60     49.60   1238.20     18.60   6217.20      0.00      0.00   4541.00      0.00
23:05:30       138.40      3.20     68.60      2.00   2444.20      0.00      0.00   2189.80      0.00
23:05:35        71.20      8.00     22.40      0.80   1858.20      0.00      0.00   1825.80      0.00
23:05:40        12.80      0.00     57.40      0.20   2378.20      0.00      0.00   1730.60      0.00
23:05:45         0.00      0.00     15.80      0.00   1102.80      0.00      0.00   1091.40      0.00
23:05:50        64.00     12.80     45.60      1.00  10711.20      0.00      0.00   1725.20      0.00
23:05:55        70.40     51.20    410.20      1.20   2175.20      0.00      0.00   1739.00      0.00
23:06:00         8.80      0.00     58.00      0.60   1340.20      0.00      0.00   1282.40      0.00
23:06:05        30.40      0.00     21.00      0.40   7565.00      0.00      0.00    863.40      0.00
23:06:10        58.40      9.60     37.40      1.80   1657.20      0.00      0.00   1588.40      0.00
23:06:15        26.40      0.80     34.20      1.00   3705.80      0.00      0.00   1781.60      0.00
23:06:20       104.80      0.00     35.40      2.20   1856.80      0.00      0.00   1504.00      0.00
23:06:25        56.80      9.60    285.80      1.80   1718.40      0.00      0.00   1430.80      0.00
23:06:30        57.60     52.80     42.80      0.80    772.00      0.00      0.00    725.20      0.00
23:06:35        12.80      0.00     15.80      0.20    662.20      0.00      0.00    646.20      0.00
23:06:40        30.40      8.80     50.20      1.40   1374.20      0.00      0.00   1136.40      0.00
23:06:45        95.20      0.00     25.40      2.20   2099.00      0.00      0.00   2030.40      0.00
23:06:50        32.00      0.00     32.80      2.40  23782.60      0.00      0.00   1506.20      0.00
23:06:55        14.40      0.80    369.00      0.40   2051.20      0.00      0.00   1192.80      0.00
23:07:00        93.60     60.00    109.40      1.60   1317.60      0.00      0.00   1006.20      0.00
23:07:05         5.60      0.00     36.80      0.20    710.40      0.00      0.00    647.20      0.00
23:07:10        19.20      9.60     38.60      0.40    488.20      0.00      0.00    337.00      0.00
23:07:15       160.00      0.00     35.20      3.80   2201.80      0.00      0.00   2015.40      0.00
23:07:20       157.60      0.00     54.80      4.00   2014.80      0.00      0.00   1695.40      0.00
23:07:25       143.20      0.00    395.60      3.80   1673.80      0.00      0.00   1414.00      0.00
23:07:30       166.40     12.00     53.40      3.00   1822.40      0.00      0.00   1396.20      0.00
23:07:35       145.31     58.28     39.52      2.20   1206.59      0.00      0.00   1052.89      0.00
23:07:40        50.40      0.00     59.80      1.60   1808.00      0.00      0.00    871.20      0.00
23:07:45        61.60      9.60     18.80      1.00    358.00      0.00      0.00    344.00      0.00
23:07:50        12.00      0.80     32.20      0.60   1153.80      0.00      0.00    600.20      0.00
23:07:55         1.60      0.00    113.80      0.20    491.20      0.00      0.00    327.80      0.00
23:08:00         0.00      9.60    248.80      0.00    487.20      0.00      0.00    341.80      0.00
23:08:05       314.40     50.40     43.80     12.20   1872.20      0.00      0.00   1837.00      0.00
23:08:10       584.00      0.00    237.00     16.40   1825.20      0.00      0.00   1689.00      0.00
23:08:15       252.00      0.80     41.20      8.80   1466.80      0.00      0.00   1434.00      0.00
23:08:20       678.40      9.60     58.00     17.40   1689.40      0.00      0.00   1535.20      0.00
23:08:25       209.60      0.00    129.40      6.60   1315.00      0.00      0.00   1020.20      0.00
23:08:30       172.80     11.20    302.80      5.60   1339.40      0.00      0.00   1141.20      0.00
23:08:35       244.80     50.40     31.40      7.60    846.00      0.00      0.00    821.80      0.00
23:08:40       102.40      0.00     79.40      3.40    722.20      0.00      0.00    664.60      0.00
23:08:45        53.60      0.00     28.20      2.00    514.60      0.00      0.00    495.60      0.00
23:08:50        16.00      0.00     18.00      0.60    209.20      0.00      0.00    172.20      0.00
23:08:55         0.00     10.40    122.60      0.00    610.40      0.00      0.00    346.80      0.00
23:09:00       591.20      0.00   2297.40      7.60  44884.60      0.00      0.00  22966.80      0.00
23:09:05        32.00     60.80    464.80      0.60  46649.20      0.00      0.00  20167.00      0.00
23:09:10         4.00      0.80    358.60      0.20  34142.80      0.00      0.00   4227.00      0.00
23:09:15      1812.00      0.00   4988.20     26.60   3229.20      0.00      0.00      0.00      0.00
23:09:20      2318.40      0.00   3322.00     28.80  38076.40      0.00      0.00   7464.60      0.00
23:09:25     82368.80      0.00   4215.40   1456.00   5539.20      0.00      0.00      0.00      0.00
23:09:30    143691.20     10.40  13621.20   2499.00  60219.40      0.00      0.00  39034.20      0.00
23:09:35      1398.40      0.00   1135.40     20.00 137038.40      0.00      0.00      0.00      0.00
23:09:40         0.00     44.80   1806.20      0.00    760.80      0.00      0.00      0.00      0.00
23:09:45        64.00     62.40   3240.40      0.40   3036.60      0.00      0.00      0.00      0.00
23:09:50         0.00      0.00    192.80      0.00    595.60      0.00      0.00      0.00      0.00
23:09:55         0.00      2.40    471.60      0.00    516.00      0.00      0.00      0.00      0.00
23:10:00    105957.60      4.00  12590.20   1229.00   7832.80      0.00      0.00      0.00      0.00
23:10:05     84807.20  12516.80   6729.80   1000.20   3693.40      0.00      0.00      0.00      0.00
23:10:10       118.40    162.40    380.00      9.60   1172.20      0.00      0.00      0.00      0.00
23:10:15         0.00     37.60    286.40      0.00    225.40      0.00      0.00      0.00      0.00
23:10:20         0.00      0.00     65.60      0.00     50.20      0.00      0.00      0.00      0.00
23:10:25         0.00      0.00     70.40      0.00    340.40      0.00      0.00      0.00      0.00
23:10:30         0.00      0.80    437.40      0.00    522.80      0.00      0.00      0.00      0.00
23:10:35         0.00     92.00     79.60      0.00     43.40      0.00      0.00      0.00      0.00
23:10:40         0.80    360.80   4102.60      0.00  25079.00      0.00      0.00      0.00      0.00
23:10:45        72.80     60.80  25617.60      1.20  27549.60      0.00      0.00      0.00      0.00
23:10:50        39.20      0.00  14788.20      0.00  28548.20      0.00      0.00      0.00      0.00
23:10:55        24.00      0.00   1686.40      0.00  18425.60      0.00      0.00      0.00      0.00
23:11:00        38.40      0.00  13775.40      0.00  11892.80      0.00      0.00      0.00      0.00
23:11:05        87.20      0.80  13492.00      0.00  21564.60      0.00      0.00      0.00      0.00
23:11:10         1.60     22.40   1744.00      0.00  13884.00      0.00      0.00      0.00      0.00
23:11:15        28.00    418.40    400.20      0.00   1045.20      0.00      0.00      0.00      0.00
23:11:20         0.00    227.20     50.80      0.00     28.00      0.00      0.00      0.00      0.00
23:11:25         0.00     45.60    233.20      0.00    118.40      0.00      0.00      0.00      0.00
23:11:30        87.20    126.40  15125.60      0.00  24756.40      0.00      0.00      0.00      0.00
23:11:35         0.00     45.60    378.60      0.00  13103.20      0.00      0.00      0.00      0.00
23:11:40         0.00    126.40     65.80      0.00    531.20      0.00      0.00      0.00      0.00
23:11:45        14.40    157.60    216.40      0.20    195.40      0.00      0.00      0.00      0.00
23:11:50         0.00     24.80     31.80      0.00     17.80      0.00      0.00      0.00      0.00
23:11:55        86.40      0.00  14476.60      0.00  23504.00      0.00      0.00      0.00      0.00
23:12:00         0.00     70.40    785.00      0.00  14315.80      0.00      0.00      0.00      0.00
23:12:05         0.00     89.60     63.40      0.00    471.80      0.00      0.00      0.00      0.00
23:12:10         0.00     79.20     41.40      0.00    156.40      0.00      0.00      0.00      0.00
23:12:15         0.00     72.80    119.00      0.00     75.20      0.00      0.00      0.00      0.00
23:12:20       556.00      0.00  14950.60      0.00  23439.00      0.00      0.00      0.00      0.00
23:12:25        25.60    176.80    195.60      0.20    570.00      0.00      0.00      0.00      0.00
23:12:30         0.00     80.80   1308.20      0.00    240.20      0.00      0.00      0.00      0.00
23:12:35         0.00      0.00   1350.20      0.00  16938.40      0.00      0.00      0.00      0.00
23:12:40         0.00      0.00     33.00      0.00     43.00      0.00      0.00      0.00      0.00
23:12:45         0.00     74.40     77.40      0.00     32.60      0.00      0.00      0.00      0.00
23:12:50         0.00    156.00     17.40      0.00     12.60      0.00      0.00      0.00      0.00
23:12:55         0.00     12.80     38.60      0.00    260.20      0.00      0.00      0.00      0.00
23:13:00         0.00      9.60     93.20      0.00    400.80      0.00      0.00      0.00      0.00
23:13:05         0.00    278.40    282.80      0.00    568.80      0.00      0.00      0.00      0.00
23:13:10         0.00      0.00     16.00      0.00     11.60      0.00      0.00      0.00      0.00
23:13:15         0.00      0.80     86.20      0.00    273.20      0.00      0.00      0.00      0.00
23:13:20       757.60     64.00   7117.40      0.00  22270.40      0.00      0.00      0.00      0.00
23:13:25         0.00      0.00   7499.40      0.00   1774.60      0.00      0.00      0.00      0.00
23:13:30         0.00     13.60    174.00      0.00    588.40      0.00      0.00      0.00      0.00
23:13:35         0.00     12.00    744.60      0.00    214.80      0.00      0.00      0.00      0.00
23:13:40         0.00      0.00   1737.60      0.00     32.80      0.00      0.00      0.00      0.00
23:13:45         0.00      0.00   1030.00      0.00  32798.80      0.00      0.00      0.00      0.00
23:13:50         0.00     23.20     54.00      0.00     19.60      0.00      0.00      0.00      0.00
23:13:55         0.80    192.80     24.00      0.00    217.60      0.00      0.00      0.00      0.00
23:14:00         0.00     12.80     93.00      0.00    331.20      0.00      0.00      0.00      0.00
23:14:05         0.00      0.00    281.80      0.00    589.60      0.00      0.00      0.00      0.00
23:14:10         0.00      9.60     15.80      0.00     11.00      0.00      0.00      0.00      0.00
23:14:15        25.60      0.00     79.20      0.20    241.80      0.00      0.00      0.00      0.00
23:14:20         0.80    397.60     38.80      0.00     38.40      0.00      0.00      0.00      0.00
23:14:25         0.00     46.40     22.40      0.00     19.40      0.00      0.00      0.00      0.00
23:14:30         0.00      0.80     77.40      0.00    280.80      0.00      0.00      0.00      0.00
23:14:35         0.00     16.00    293.40      0.00    189.60      0.00      0.00      0.00      0.00
23:14:40         0.00      0.00     36.60      0.00     32.20      0.00      0.00      0.00      0.00
23:14:45         0.00     10.40     38.00      0.00     27.80      0.00      0.00      0.00      0.00
23:14:50         0.00     10.40     99.60      0.00     35.20      0.00      0.00      0.00      0.00
23:14:55         0.00     46.40     15.40      0.00     12.60      0.00      0.00      0.00      0.00
23:15:00         0.00      0.00     91.20      0.00    324.00      0.00      0.00      0.00      0.00
23:15:05         0.00     13.60    278.20      0.00    289.60      0.00      0.00      0.00      0.00
23:15:10         0.00      0.80     18.00      0.00     18.60      0.00      0.00      0.00      0.00
23:15:15       743.20      1.60  14417.20      0.00  23310.80      0.00      0.00      0.00      0.00
23:15:20         0.00     30.34    202.99      0.00    522.55      0.00      0.00      0.00      0.00
23:15:25         0.00     48.00    112.40      0.00    121.40      0.00      0.00      0.00      0.00
23:15:30         0.00      0.80   1184.00      0.00     97.40      0.00      0.00      0.00      0.00
23:15:35         0.00     12.80   1763.60      0.00    487.40      0.00      0.00      0.00      0.00
23:15:40         0.00      0.00    397.20      0.00  32101.20      0.00      0.00      0.00      0.00
23:15:45         0.00    156.80     30.20      0.00     37.40      0.00      0.00      0.00      0.00
23:15:50         0.00     19.20     66.40      0.00    422.60      0.00      0.00      0.00      0.00
23:15:55         0.00      9.60     16.60      0.00     11.80      0.00      0.00      0.00      0.00
23:16:00         0.80     52.80    314.40      0.20    700.00      0.00      0.00      0.00      0.00
23:16:05         0.00     12.80    282.40      0.00    178.80      0.00      0.00      0.00      0.00
23:16:10         0.00    370.40     17.00      0.00    365.00      0.00      0.00      0.00      0.00
23:16:15         0.00      0.00     32.40      0.00     23.60      0.00      0.00      0.00      0.00
23:16:20         0.00     12.00     68.40      0.00     33.60      0.00      0.00      0.00      0.00
23:16:25         0.00      0.80     23.40      0.00    216.00      0.00      0.00      0.00      0.00
23:16:30         0.80     56.80     89.60      0.00     95.80      0.00      0.00      0.00      0.00
23:16:35         0.00      0.00    295.60      0.00    176.20      0.00      0.00      0.00      0.00
23:16:40         0.00     14.40     40.60      0.00     30.60      0.00      0.00      0.00      0.00
23:16:45         0.00      0.00     33.40      0.00     24.80      0.00      0.00      0.00      0.00
23:16:50         0.00      0.00     53.80      0.00     31.40      0.00      0.00      0.00      0.00
23:16:55         0.00     10.40     19.60      0.00     16.20      0.00      0.00      0.00      0.00
23:17:00        30.40      4.00   2347.60      0.40   1705.00      0.00      0.00      0.00      0.00
23:17:05       784.80     59.20  15607.20      0.00  23477.00      0.00      0.00      0.00      0.00
23:17:10         0.00      3.20    558.20      0.00    982.60      0.00      0.00      0.00      0.00
23:17:15         0.00     13.60    295.80      0.00    212.80      0.00      0.00      0.00      0.00
23:17:20         0.00      0.00    690.20      0.00    256.80      0.00      0.00      0.00      0.00
23:17:25         0.00      0.00   1870.00      0.00     17.40      0.00      0.00      0.00      0.00
23:17:30         0.00     36.80    932.80      0.00    599.80      0.00      0.00      0.00      0.00
23:17:35         0.00     44.80     17.60      0.00  32517.80      0.00      0.00      0.00      0.00
23:17:40         0.00    166.40    352.60      0.00   1008.00      0.00      0.00      0.00      0.00
23:17:45         0.00     12.80     34.80      0.00     39.40      0.00      0.00      0.00      0.00
23:17:50         0.00      0.80    106.20      0.00    507.20      0.00      0.00      0.00      0.00
23:17:55         0.00      0.00     18.60      0.00     57.20      0.00      0.00      0.00      0.00
23:18:00         0.00     25.60     51.80      0.00    360.80      0.00      0.00      0.00      0.00
23:18:05         0.00    391.20     21.20      0.00     23.60      0.00      0.00      0.00      0.00
23:18:10        13.60     45.60    505.60      0.20    300.80      0.00      0.00      0.00      0.00
23:18:15         0.00     23.20    148.00      0.00     99.00      0.00      0.00      0.00      0.00
23:18:20         0.00      0.80     73.40      0.00     32.00      0.00      0.00      0.00      0.00
23:18:25         0.00      0.00     17.40      0.00    153.00      0.00      0.00      0.00      0.00
23:18:30         0.00     12.80     41.80      0.00    247.40      0.00      0.00      0.00      0.00
23:18:35         0.00      0.00     17.00      0.00     12.80      0.00      0.00      0.00      0.00
23:18:40         0.00     40.80    339.80      0.00    225.40      0.00      0.00      0.00      0.00
23:18:45         0.00      0.00     36.00      0.00     26.00      0.00      0.00      0.00      0.00
23:18:50         0.00     24.80     88.40      0.00     47.80      0.00      0.00      0.00      0.00
23:18:55         0.00      0.00     15.20      0.00      9.40      0.00      0.00      0.00      0.00
23:19:00         0.00     10.40     52.00      0.00    272.80      0.00      0.00      0.00      0.00
23:19:05       784.80      0.00   6436.80      0.00  24332.00      0.00      0.00      0.00      0.00
23:19:10         0.00     44.00   8545.20      0.00   1788.40      0.00      0.00      0.00      0.00
23:19:15         0.00      0.00    237.80      0.00    682.60      0.00      0.00      0.00      0.00
23:19:20         0.00     12.80    513.40      0.00     35.40      0.00      0.00      0.00      0.00
23:19:25         0.00      9.60   1524.60      0.00     14.00      0.00      0.00      0.00      0.00
23:19:30         0.00      0.00   1374.00      0.00    981.80      0.00      0.00      0.00      0.00
23:19:35         0.00     88.80    173.40      0.00  32652.00      0.00      0.00      0.00      0.00
23:19:40         0.00    135.20    341.40      0.00    260.40      0.00      0.00      0.00      0.00
23:19:45         0.00      0.00     85.20      0.00    241.20      0.00      0.00      0.00      0.00
23:19:50         0.00     13.60     15.80      0.00      9.60      0.00      0.00      0.00      0.00
23:19:55         0.00      0.00    101.20      0.00    432.20      0.00      0.00      0.00      0.00
23:20:00         0.00      9.60     65.80      0.00    274.20      0.00      0.00      0.00      0.00
23:20:05         0.00    407.20     26.00      0.00    127.40      0.00      0.00      0.00      0.00
23:20:10         0.00      0.80    321.00      0.00    214.20      0.00      0.00      0.00      0.00
23:20:15         0.00      0.00     38.60      0.00     28.20      0.00      0.00      0.00      0.00
23:20:20         0.00     45.60     35.40      0.00     32.20      0.00      0.00      0.00      0.00
23:20:25         0.00     13.60     66.60      0.00     24.00      0.00      0.00      0.00      0.00
23:20:30         0.00      0.00     35.40      0.00    249.60      0.00      0.00      0.00      0.00
23:20:35         0.00     10.40     20.40      0.00     13.20      0.00      0.00      0.00      0.00
23:20:40         0.00      9.60    380.40      0.00    239.20      0.00      0.00      0.00      0.00
23:20:45        25.60      0.00     41.20      0.20     30.00      0.00      0.00      0.00      0.00
23:20:50         0.00     40.00     25.20      0.00     15.60      0.00      0.00      0.00      0.00
23:20:55         0.00      0.00     59.20      0.00     16.80      0.00      0.00      0.00      0.00
23:21:00         0.00     15.20     55.20      0.00    358.60      0.00      0.00      0.00      0.00
23:21:05         0.00      0.80     19.80      0.00     18.20      0.00      0.00      0.00      0.00
23:21:10       727.20     28.00  14836.20      0.00  26062.40      0.00      0.00      0.00      0.00
23:21:15         0.00      0.00    227.80      0.00    669.00      0.00      0.00      0.00      0.00
23:21:20         0.00     42.40    575.20      0.00     62.60      0.00      0.00      0.00      0.00
23:21:25         0.00      0.00   1441.60      0.00     19.40      0.00      0.00      0.00      0.00
23:21:30         0.00     12.80   1478.40      0.00  27305.00      0.00      0.00      0.00      0.00
23:21:35         0.00      0.00     20.60      0.00    810.20      0.00      0.00      0.00      0.00
23:21:40         0.00    183.20    331.40      0.00    224.00      0.00      0.00      0.00      0.00
23:21:45         0.00     10.40     40.00      0.00    230.40      0.00      0.00      0.00      0.00
23:21:50         0.00     42.40     20.00      0.00     18.20      0.00      0.00      0.00      0.00
23:21:55         0.00      0.00     57.40      0.00    376.00      0.00      0.00      0.00      0.00
23:22:00         0.00     12.80    142.00      0.00    272.80      0.00      0.00      0.00      0.00
23:22:05         0.00    363.20     24.60      0.00    325.60      0.00      0.00      0.00      0.00
23:22:10         0.00     16.80    251.60      0.00    230.80      0.00      0.00      0.00      0.00
23:22:15         0.00      0.00     44.60      0.00     26.40      0.00      0.00      0.00      0.00
23:22:20         0.00     10.40    293.20      0.00    173.40      0.00      0.00      0.00      0.00
23:22:25         0.00     45.60     58.20      0.00     16.00      0.00      0.00      0.00      0.00
23:22:30         0.00     14.40     37.80      0.00    364.80      0.00      0.00      0.00      0.00
23:22:35         0.00      0.00    186.00      0.00     79.40      0.00      0.00      0.00      0.00
23:22:40         0.00     15.17     96.41      0.00     92.81      0.00      0.00      0.00      0.00
23:22:45         0.00      0.00    284.80      0.00    165.20      0.00      0.00      0.00      0.00
23:22:50         0.00      0.80     15.20      0.00     12.20      0.00      0.00      0.00      0.00
23:22:55         2.40     52.00  14437.60      0.00  25055.00      0.00      0.00      0.00      0.00
23:23:00         0.00      1.60    221.40      0.00    783.20      0.00      0.00      0.00      0.00
23:23:05         0.00     14.40     92.60      0.00     14.20      0.00      0.00      0.00      0.00
23:23:10         0.00      0.80    145.20      0.00     84.20      0.00      0.00      0.00      0.00
23:23:15         0.00     23.20    408.20      0.00    175.20      0.00      0.00      0.00      0.00
23:23:20         0.00      0.00    180.00      0.00     29.20      0.00      0.00      0.00      0.00
23:23:25         0.00    198.40     94.20      0.00     16.80      0.00      0.00      0.00      0.00
23:23:30         0.00      9.60    249.40      0.00    455.80      0.00      0.00      0.00      0.00
23:23:35         0.00     12.80    192.60      0.00     78.60      0.00      0.00      0.00      0.00
23:23:40       270.40      0.80   6654.60      0.00  34435.00      0.00      0.00      0.00      0.00
23:23:45       218.40      0.00   8162.00      7.20   1489.80      0.00      0.00      0.00      0.00
23:23:50         5.60      0.00     22.60      0.20    438.40      0.00      0.00      0.00      0.00
23:23:55         8.80     28.00     54.20      0.40     12.60      0.00      0.00      0.00      0.00
23:24:00         0.00     42.40     98.80      0.00    261.00      0.00      0.00      0.00      0.00
23:24:05         0.00      9.60     17.00      0.00     13.80      0.00      0.00      0.00      0.00
23:24:10     41056.80     16.00   7283.80      0.40  24137.20      0.00      0.00      0.00      0.00
23:24:15     71809.60    116.00   3731.80      0.00   1262.00      0.00      0.00      0.00      0.00
23:24:20    628586.40   1358.40  28880.40   7098.60 143927.00      0.00      0.00 130640.20      0.00
23:24:25    592493.60      0.00  17186.60  10509.20 161990.40      0.00      0.00 152135.40      0.00
23:24:30    618400.80      0.00  17890.60  11385.20 166805.80      0.00      0.00 154424.80      0.00
23:24:35    320252.00      0.00  12332.80   9887.80  98271.80      0.00      0.00  91835.40      0.00
23:24:40     79216.00      0.00   7013.00   2583.60  73377.20      0.00      0.00  20286.00      0.00
23:24:45       111.20      0.00    211.60      1.40    103.00      0.00      0.00      0.00      0.00
23:24:50         0.00     18.40     19.80      0.00     10.60      0.00      0.00      0.00      0.00
23:24:55         0.00     64.80     66.20      0.00     12.00      0.00      0.00      0.00      0.00
23:25:00         0.00      0.00     96.40      0.00    268.20      0.00      0.00      0.00      0.00
23:25:05         0.00      0.00     17.00      0.00     13.60      0.00      0.00      0.00      0.00
23:25:10         0.00     28.80     77.60      0.00     64.60      0.00      0.00      0.00      0.00
23:25:15         6.40      0.00    267.80      0.20    205.20      0.00      0.00      0.00      0.00
23:25:20         0.00     15.20     37.80      0.00     33.80      0.00      0.00      0.00      0.00
23:25:25         0.00      0.00     12.60      0.00     47.00      0.00      0.00      0.00      0.00
23:25:30         0.00     44.00     78.40      0.00    219.60      0.00      0.00      0.00      0.00
23:25:35         0.00      0.00     13.00      0.00      8.20      0.00      0.00      0.00      0.00
23:25:40         0.00      0.00     87.80      0.00     79.00      0.00      0.00      0.00      0.00
23:25:45         0.00      0.00    277.80      0.00    166.80      0.00      0.00      0.00      0.00
23:25:50         0.00      8.80     18.80      0.00     11.00      0.00      0.00      0.00      0.00
23:25:55         0.00      0.00     33.40      0.00     29.40      0.00      0.00      0.00      0.00
23:26:00         0.00      0.00    149.40      0.00    270.00      0.00      0.00      0.00      0.00
23:26:05         0.00     44.00     17.00      0.00     13.60      0.00      0.00      0.00      0.00
23:26:10      1084.80      4.00   2864.40      7.60   1991.60      0.00      0.00      0.00      0.00
23:26:15         0.00      5.60   1483.20      0.00    711.60      0.00      0.00      0.00      0.00
23:26:20       162.40      4.00   5735.20      0.80   4050.60      0.00      0.00      0.00      0.00
23:26:25         0.00     32.00   2598.60      0.00   1122.40      0.00      0.00      0.00      0.00
23:26:30         0.00      2.40     65.20      0.00   1886.40      0.00      0.00      0.00      0.00
23:26:35         0.00      0.00    559.20      0.00    264.00      0.00      0.00      0.00      0.00
23:26:40     54822.40     36.80  21879.00    618.00   4676.40      0.00      0.00      0.00      0.00
23:26:45       662.40      9.60    135.40      7.20     57.00      0.00      0.00      0.00      0.00
23:26:50       462.40      0.00    337.60      4.80   1288.20      0.00      0.00      0.00      0.00
23:26:55       427.20     58.40    188.60      4.80    195.20      0.00      0.00      0.00      0.00
23:27:00       383.20      0.00     54.00      4.20    308.60      0.00      0.00      0.00      0.00
23:27:05       514.40      0.00     95.00      5.80     92.60      0.00      0.00      0.00      0.00
23:27:10     38760.00     47.20   4664.40    729.20   2115.80      0.00      0.00      0.00      0.00
23:27:15    367576.38     10.67  12061.52   4404.57  97357.14      0.00      0.00  88629.90      0.00
23:27:20    462963.37      0.00  14144.21   7256.00 129138.32      0.00      0.00 119577.05      0.00
23:27:25    463768.80     48.80  16606.00  11770.60 126039.00      0.00      0.00 117083.80      0.00
23:27:30    139852.00      5.60   7255.60   4075.40  86085.20      0.00      0.00  44107.00      0.00
23:27:35        26.40      0.00     76.00      0.00     51.40      0.00      0.00      0.00      0.00
23:27:40        52.80     43.20    207.60      0.00    987.40      0.00      0.00      0.00      0.00
23:27:45     10061.60      7.20   3432.20     44.20   1292.00      0.00      0.00      0.00      0.00
23:27:50      5186.40    112.00   6045.80      6.20   6341.60      0.00      0.00      0.00      0.00
23:27:55      1904.00    102.40   2383.80      0.00    554.60      0.00      0.00      0.00      0.00
23:28:00         0.00     76.00   2153.60      0.00    103.00      0.00      0.00      0.00      0.00
23:28:05         0.00      4.00   2560.20      0.00     14.60      0.00      0.00      0.00      0.00
23:28:10         8.00   1244.00   5395.40      0.20  11487.40      0.00      0.00      0.00      0.00
23:28:15         0.00      4.00   6824.40      0.00   2694.80      0.00      0.00      0.00      0.00
23:28:20    117077.60   5852.80  15830.40    582.40  30166.20      0.00      0.00  13492.40      0.00
23:28:25     47923.20    710.40   4757.80      0.40  38557.00      0.00      0.00  18138.20      0.00
23:28:30    322090.40  23645.60  33563.00   4393.80 100429.40      0.00      0.00  88375.60      0.00
23:28:35    592435.20      0.00  16537.80   8136.40 163211.40      0.00      0.00 152528.00      0.00
23:28:40    441461.60      0.00  14005.80   9509.00 119998.60      0.00      0.00 109791.00      0.00
23:28:45    262531.20      1.60  10964.40   8163.20 119197.80      0.00      0.00  75688.60      0.00
23:28:50     17543.20      0.00    349.40      2.40    693.80      0.00      0.00      0.00      0.00
23:28:55         0.00      0.00     18.20      0.00      8.20      0.00      0.00      0.00      0.00
23:29:00         0.00     99.20     96.60      0.00     70.80      0.00      0.00      0.00      0.00
23:29:05         0.00      9.60     38.40      0.00     27.60      0.00      0.00      0.00      0.00
23:29:10         0.00      2.40     50.00      0.00    226.40      0.00      0.00      0.00      0.00
23:29:15         0.00      0.00     70.60      0.00     41.40      0.00      0.00      0.00      0.00
23:29:20         0.00      0.00    304.60      0.00    189.60      0.00      0.00      0.00      0.00
23:29:25         0.00      0.00     15.00      0.00     49.40      0.00      0.00      0.00      0.00
23:29:30         0.00     40.80     63.80      0.00     65.60      0.00      0.00      0.00      0.00
23:29:35         0.00      0.00     26.80      0.00     20.80      0.00      0.00      0.00      0.00
23:29:40         0.00      9.60     40.80      0.00    245.80      0.00      0.00      0.00      0.00
23:29:45         0.00      0.00     30.00      0.00     17.60      0.00      0.00      0.00      0.00
23:29:50         0.00      0.80    273.40      0.00    152.40      0.00      0.00      0.00      0.00
23:29:55         0.00      0.00     17.80      0.00     11.80      0.00      0.00      0.00      0.00
23:30:00         0.00      8.00     75.80      0.00     61.00      0.00      0.00      0.00      0.00
23:30:05         0.00      0.00     29.40      0.00     25.00      0.00      0.00      0.00      0.00
23:30:10         0.00     34.40     69.60      0.00    247.20      0.00      0.00      0.00      0.00
23:30:15         0.00      9.60     51.00      0.00     63.60      0.00      0.00      0.00      0.00
23:30:20         0.00      0.00    269.20      0.00    179.40      0.00      0.00      0.00      0.00
23:30:25         0.00      0.00     16.80      0.00    141.20      0.00      0.00      0.00      0.00
23:30:30         0.00      0.80     59.80      0.00     50.80      0.00      0.00      0.00      0.00
23:30:35         0.00      8.80     43.80      0.00     28.80      0.00      0.00      0.00      0.00
23:30:40         0.00     28.80     56.40      0.00     61.00      0.00      0.00      0.00      0.00
23:30:45         0.00      0.00     30.20      0.00     29.00      0.00      0.00      0.00      0.00
23:30:50         0.00      9.60    260.60      0.00  62923.60      0.00      0.00      0.00      0.00
23:30:55         0.80      0.00     14.80      0.00 199818.20      0.00      0.00      0.00      0.00
23:31:00       167.20      0.00     76.80      2.20     66.40      0.00      0.00      0.00      0.00
23:31:05         0.00      8.00     28.80      0.00     26.40      0.00      0.00      0.00      0.00
23:31:10         0.00     31.14     27.74      0.00     49.30      0.00      0.00      0.00      0.00
23:31:15         0.00      0.00     33.40      0.00     25.80      0.00      0.00      0.00      0.00
23:31:20         0.00      0.00     45.40      0.00     22.40      0.00      0.00      0.00      0.00
23:31:25         0.00     10.40    253.20      0.00    317.60      0.00      0.00      0.00      0.00
23:31:30         0.00      0.00     66.40      0.00     52.80      0.00      0.00      0.00      0.00
23:31:35         0.00      0.80     29.80      0.00     25.20      0.00      0.00      0.00      0.00
23:31:40         0.00     37.60     49.80      0.00     77.20      0.00      0.00      0.00      0.00
23:31:45         0.00      0.00     33.60      0.00     24.80      0.00      0.00      0.00      0.00
23:31:50         0.00      0.80     32.80      0.00      7.20      0.00      0.00      0.00      0.00
23:31:55         0.00      0.00    258.20      0.00    316.00      0.00      0.00      0.00      0.00
23:32:00         0.00      9.60     81.00      0.00     63.20      0.00      0.00      0.00      0.00
23:32:05         0.00      0.00     27.20      0.00     24.80      0.00      0.00      0.00      0.00
23:32:10         0.00      8.00     30.40      0.00     60.60      0.00      0.00      0.00      0.00
23:32:15         0.00     33.60     55.20      0.00     20.40      0.00      0.00      0.00      0.00
23:32:20        33.60      0.00    286.40      0.00    167.60      0.00      0.00      0.00      0.00
23:32:25         0.00      0.00    265.80      0.00    150.40      0.00      0.00      0.00      0.00
23:32:30         0.00      1.60     55.00      0.00     47.40      0.00      0.00      0.00      0.00
23:32:35         0.00      9.60    201.40      0.00     96.60      0.00      0.00      0.00      0.00
23:32:40         0.00     12.80     44.40      0.00    447.40      0.00      0.00      0.00      0.00
23:32:45         0.00     28.80     52.80      0.00     26.80      0.00      0.00      0.00      0.00
23:32:50         0.80      0.80     13.40      0.00     15.60      0.00      0.00      0.00      0.00
23:32:55         0.00      0.00    254.40      0.00    105.20      0.00      0.00      0.00      0.00
23:33:00         0.00      0.00     74.20      0.00     60.00      0.00      0.00      0.00      0.00
23:33:05         0.00      0.00     48.40      0.00     68.20      0.00      0.00      0.00      0.00
23:33:10         0.00     20.80     30.60      0.00    230.00      0.00      0.00      0.00      0.00
23:33:15         0.00     29.60     52.00      0.00     79.20      0.00      0.00      0.00      0.00
23:33:20         0.00      0.00     30.20      0.00     28.20      0.00      0.00      0.00      0.00
23:33:25         0.00      0.00    252.80      0.00    272.40      0.00      0.00      0.00      0.00
23:33:30       224.80      4.80   1473.80      1.00    883.00      0.00      0.00      0.00      0.00
23:33:35         0.00      0.00    125.40      0.00    106.40      0.00      0.00      0.00      0.00
23:33:40        70.40      6.40   2015.80      0.40   1797.80      0.00      0.00      0.00      0.00
23:33:45         0.00     40.00   1228.60      0.00   1160.80      0.00      0.00      0.00      0.00
23:33:50        26.40     30.40   1992.00      0.20   2209.00      0.00      0.00      0.00      0.00
23:33:55        42.40      8.80   2508.40      0.40   1801.00      0.00      0.00      0.00      0.00
23:34:00         0.00      0.00    228.60      0.00    229.20      0.00      0.00      0.00      0.00
23:34:05         1.60     10.40    384.60      0.00   1409.40      0.00      0.00      0.00      0.00
23:34:10     26538.40     11.20   4363.00      9.00   3140.60      0.00      0.00      0.00      0.00
23:34:15         0.00     33.60    147.20      0.00    392.20      0.00      0.00      0.00      0.00
23:34:20         0.00     13.60   1053.40      0.00   1066.40      0.00      0.00      0.00      0.00
23:34:25     13826.40    229.60   9876.00     43.80   7538.40      0.00      0.00      0.00      0.00
23:34:30         0.00      2.40   1066.20      0.00     38.80      0.00      0.00      0.00      0.00
23:34:35         0.00      0.00   2301.60      0.00   1139.60      0.00      0.00      0.00      0.00
23:34:40         0.00      0.00   2450.00      0.00     40.40      0.00      0.00      0.00      0.00
23:34:45         8.00   1340.80   5370.40      0.20  10531.00      0.00      0.00      0.00      0.00
23:34:50     29022.40      7.20  13057.40    311.20  14129.20      0.00      0.00      0.00      0.00
23:34:55    211784.80   3930.40   7259.20   1298.00   5194.00      0.00      0.00      0.00      0.00
23:35:00    127672.00   2680.00  12769.20   1193.20  19832.60      0.00      0.00      0.00      0.00
23:35:05    639332.00      0.80  20190.40   5888.00   9107.60      0.00      0.00      0.00      0.00
23:35:10    701837.60  23513.60  15705.80   8788.00 187205.40      0.00      0.00 177401.60      0.00
23:35:15    745876.00     72.00  16705.40   9417.80 200264.80      0.00      0.00 189350.00      0.00
23:35:20    415189.60      0.00  13452.80  10166.20 112595.20      0.00      0.00 104135.40      0.00
23:35:25    300267.20      3.20  10888.60   7114.60 125725.60      0.00      0.00  79991.80      0.00
23:35:30        61.60      0.00     34.20      0.80     20.20      0.00      0.00      0.00      0.00
23:35:35         0.00      0.00     18.00      0.00     11.80      0.00      0.00      0.00      0.00
23:35:40         0.00      0.00     23.80      0.00    158.40      0.00      0.00      0.00      0.00
23:35:45         0.00      0.00     31.40      0.00     30.80      0.00      0.00      0.00      0.00
23:35:50         0.00    122.40     52.60      0.00     53.40      0.00      0.00      0.00      0.00
23:35:55         0.00      0.80     57.88      0.00     87.62      0.00      0.00      0.00      0.00
23:36:00         9.60      0.80    326.20      0.20    207.00      0.00      0.00      0.00      0.00
23:36:05         0.00      0.00     17.00      0.00    148.80      0.00      0.00      0.00      0.00
23:36:10         0.00      0.00     14.20      0.00      9.00      0.00      0.00      0.00      0.00
23:36:15         0.00      0.00     30.20      0.00     19.20      0.00      0.00      0.00      0.00
23:36:20         0.00     40.00    115.80      0.00    122.60      0.00      0.00      0.00      0.00
23:36:25         0.00      9.60     89.40      0.00    672.80      0.00      0.00      0.00      0.00
23:36:30         0.00      0.80    311.80      0.00    201.00      0.00      0.00      0.00      0.00
23:36:35         0.00      0.00     15.40      0.00     25.60      0.00      0.00      0.00      0.00
23:36:40         0.00      0.00     31.20      0.00     24.20      0.00      0.00      0.00      0.00
23:36:45         0.00      0.00     31.40      0.00     17.20      0.00      0.00      0.00      0.00
23:36:50         0.00      8.00     88.80      0.00     97.80      0.00      0.00      0.00      0.00
23:36:55         0.00     36.00     68.80      0.00    203.00      0.00      0.00      0.00      0.00
23:37:00         0.00      9.60    257.20      0.00    268.20      0.00      0.00      0.00      0.00
23:37:05         0.00      0.00     13.80      0.00      7.00      0.00      0.00      0.00      0.00
23:37:10         0.00      0.80     17.80      0.00     10.20      0.00      0.00      0.00      0.00
23:37:15         0.00      0.00     32.80      0.00     66.80      0.00      0.00      0.00      0.00
23:37:20         0.00      8.00     54.20      0.00     96.20      0.00      0.00      0.00      0.00
23:37:25         0.00     32.00     88.00      0.00     88.60      0.00      0.00      0.00      0.00
23:37:30       128.80      0.00    303.40      2.20 262472.20      0.00      0.00      0.00      0.00
23:37:35         2.40     10.40     58.20      0.00     27.40      0.00      0.00      0.00      0.00
23:37:40        26.40      0.00     29.80      0.00     28.60      0.00      0.00      0.00      0.00
23:37:45         0.00      0.00     92.20      0.00     45.20      0.00      0.00      0.00      0.00
23:37:50         0.00      8.80     14.40      0.00     14.60      0.00      0.00      0.00      0.00
23:37:55         0.00     32.80     92.60      0.00    106.20      0.00      0.00      0.00      0.00
23:38:00         0.00      0.00    319.60      0.00    204.80      0.00      0.00      0.00      0.00
23:38:05         0.00      0.00     24.40      0.00      8.00      0.00      0.00      0.00      0.00
23:38:10         0.00      9.60     12.40      0.00     68.20      0.00      0.00      0.00      0.00
23:38:15         0.00      0.00     39.80      0.00     26.80      0.00      0.00      0.00      0.00
23:38:20         0.00      0.00     29.60      0.00     23.00      0.00      0.00      0.00      0.00
23:38:25         0.80     39.20    117.20      0.20    278.00      0.00      0.00      0.00      0.00
23:38:30         0.00      0.80    299.20      0.00    186.20      0.00      0.00      0.00      0.00
23:38:35         0.00      0.00     23.40      0.00     32.00      0.00      0.00      0.00      0.00
23:38:40         0.00      0.00     30.80      0.00     25.00      0.00      0.00      0.00      0.00
23:38:45         0.00      9.60     34.80      0.00     22.40      0.00      0.00      0.00      0.00
23:38:50         0.00      0.00     15.40      0.00      7.40      0.00      0.00      0.00      0.00
23:38:55         0.00      0.00    104.40      0.00    278.20      0.00      0.00      0.00      0.00
23:39:00         0.00      8.80    253.80      0.00    140.40      0.00      0.00      0.00      0.00
23:39:05         0.00     35.20     17.80      0.00     15.00      0.00      0.00      0.00      0.00
23:39:10         0.00      0.00    143.20      0.00     46.40      0.00      0.00      0.00      0.00
23:39:15         1.60      1.60     32.80      0.00     18.00      0.00      0.00      0.00      0.00
23:39:20         0.00      9.60     27.80      0.00    190.00      0.00      0.00      0.00      0.00
23:39:25         0.00      0.00    107.80      0.00    249.00      0.00      0.00      0.00      0.00
23:39:30         0.00     10.40    305.20      0.00    196.20      0.00      0.00      0.00      0.00
23:39:35         0.00     32.00     16.20      0.00    135.40      0.00      0.00      0.00      0.00
23:39:40         0.00      0.00     32.60      0.00     37.80      0.00      0.00      0.00      0.00
23:39:45         0.00      0.00     37.20      0.00     21.40      0.00      0.00      0.00      0.00
23:39:50         0.00      0.80     13.80      0.00     49.80      0.00      0.00      0.00      0.00
23:39:55         0.00      9.60    136.60      0.00     73.80      0.00      0.00      0.00      0.00
23:40:00         0.00      8.80    255.60      0.00    303.00      0.00      0.00      0.00      0.00
23:40:05         0.00     32.00     16.80      0.00     42.00      0.00      0.00      0.00      0.00
23:40:10         0.00      0.00    222.60      0.00     93.60      0.00      0.00      0.00      0.00
23:40:15         0.00      0.00     33.80      0.00     28.40      0.00      0.00      0.00      0.00
23:40:20         0.00      0.00     31.20      0.00    201.60      0.00      0.00      0.00      0.00
23:40:25         0.00      0.00    130.20      0.00     64.20      0.00      0.00      0.00      0.00
23:40:30         0.00     10.40    327.00      0.00    191.80      0.00      0.00      0.00      0.00
23:40:35         0.00     39.20     13.60      0.00      9.40      0.00      0.00      0.00      0.00
23:40:40         0.00      0.00     40.60      0.00     27.60      0.00      0.00      0.00      0.00
23:40:45         0.00      0.00     30.40      0.00     20.40      0.00      0.00      0.00      0.00
23:40:50         0.00      0.00     16.80      0.00     58.60      0.00      0.00      0.00      0.00
23:40:55         0.00      0.80     45.40      0.00    258.40      0.00      0.00      0.00      0.00
23:41:00         0.80      0.00    107.80      0.00     56.00      0.00      0.00      0.00      0.00
23:41:05         0.00     18.40    286.20      0.00    180.80      0.00      0.00      0.00      0.00
23:41:10         0.00     36.00     22.00      0.00     20.20      0.00      0.00      0.00      0.00
23:41:15         0.00      0.00     30.20      0.00     27.40      0.00      0.00      0.00      0.00
23:41:20         0.00      0.00     36.40      0.00     24.60      0.00      0.00      0.00      0.00
23:41:25       244.80      4.00   2633.60      1.20   1441.60      0.00      0.00      0.00      0.00
23:41:30         0.00      0.00     79.20      0.00     96.20      0.00      0.00      0.00      0.00
23:41:35         0.00     23.20    362.20      0.00    228.20      0.00      0.00      0.00      0.00
23:41:40        95.20     43.20   2710.80      0.20   3009.40      0.00      0.00      0.00      0.00
23:41:45         0.00      0.00    204.80      0.00    213.20      0.00      0.00      0.00      0.00
23:41:50       104.80      8.00   2021.40      1.00   1020.60      0.00      0.00      0.00      0.00
23:41:55        27.20     10.40    491.80      0.20   1223.40      0.00      0.00      0.00      0.00
23:42:00         0.00      0.00    345.00      0.00    350.00      0.00      0.00      0.00      0.00
23:42:05         0.00     26.40    308.80      0.00    991.00      0.00      0.00      0.00      0.00
23:42:10         0.00     24.00    563.20      0.00    543.20      0.00      0.00      0.00      0.00
23:42:15       733.60     26.40   3354.60      9.60   2400.60      0.00      0.00      0.00      0.00
23:42:20        16.80      7.20   2951.40      0.20   1805.80      0.00      0.00      0.00      0.00
23:42:25         0.00      0.00     54.60      0.00   1812.80      0.00      0.00      0.00      0.00
23:42:30         0.00      0.00    433.00      0.00    430.40      0.00      0.00      0.00      0.00
23:42:35         0.00      2.40    316.20      0.00    362.40      0.00      0.00      0.00      0.00
23:42:40         0.00     32.80    329.80      0.00    333.60      0.00      0.00      0.00      0.00
23:42:45         0.00     29.60    820.40      0.00    835.40      0.00      0.00      0.00      0.00
23:42:50         0.00     36.00   3479.80      0.00   2238.60      0.00      0.00      0.00      0.00
23:42:55         0.00      1.60     65.00      0.00    410.40      0.00      0.00      0.00      0.00
23:43:00         0.00      0.00    236.80      0.00    226.00      0.00      0.00      0.00      0.00
23:43:05         0.00      0.00    528.00      0.00   1397.60      0.00      0.00      0.00      0.00
23:43:10         0.00     30.40    325.40      0.00    331.20      0.00      0.00      0.00      0.00
23:43:15         0.00      0.00    341.20      0.00    362.80      0.00      0.00      0.00      0.00
23:43:20       226.40     43.20   3338.60      0.60   2464.80      0.00      0.00      0.00      0.00
23:43:25         0.00     18.36    233.33      0.00    239.72      0.00      0.00      0.00      0.00
23:43:30         0.00      0.00    365.60      0.00    374.80      0.00      0.00      0.00      0.00
23:43:35        25.60      0.00    578.80      0.20   1373.80      0.00      0.00      0.00      0.00
23:43:40        70.40     54.40   3107.20      0.40   1846.80      0.00      0.00      0.00      0.00
23:43:45         0.00      1.60    231.80      0.00   1171.20      0.00      0.00      0.00      0.00
23:43:50         0.00     26.40    535.60      0.00    533.60      0.00      0.00      0.00      0.00
23:43:55         0.00     71.20    548.60      0.00    792.00      0.00      0.00      0.00      0.00
23:44:00     34237.60     45.60   1811.20      9.60   1337.40      0.00      0.00      0.00      0.00
Average:     14855.03    153.29   1263.03    233.80   6097.54      0.00      0.00   3146.37      0.00

22:13:25    kbmemfree   kbavail kbmemused  %memused kbbuffers  kbcached  kbcommit   %commit  kbactive   kbinact   kbdirty
22:13:30      7612196   7703796    281796      3.43     22196    281700    558064      6.79     49772    477488       116
22:13:35      7530260   7686764    297832      3.62     22196    347284   1607064     19.54     49816    559776       200
22:13:40      7460896   7674704    301480      3.67     30516    388988   3743264     45.52     59204    605676       300
22:13:45      7441440   7671096    304524      3.70     31492    403616   3736096     45.43     64224    616636      1000
22:13:50      7414500   7662460    311892      3.79     31832    421380   3799596     46.20     64908    638448      1400
22:13:55      7329532   7643768    326712      3.97     32484    484720   4090792     49.74     65552    702472      1864
22:14:00      7323492   7643360    326944      3.98     33348    489260   4129580     50.21     66484    711372       104
22:14:05      7327428   7657312    312472      3.80     33800    498584   4198272     51.05     66944    704424       412
22:14:10      7313284   7658200    310768      3.78     34508    512600   4269104     51.91     67560    720520       772
22:14:15      7286864   7655016    312508      3.80     34836    535224   4379132     53.25     67964    743112      1044
22:14:20      7267236   7647456    319492      3.88     35120    546592   4476140     54.43     68256    754128      1308
22:14:25      7226960   7649940    315924      3.84     35460    588396   4573004     55.61     68608    795896      1504
22:14:30      6601072   7574648    386580      4.70     35652   1141048   4794760     58.30     68924   1406500        88
22:14:35      6565224   7562656    398752      4.85     37556   1162096   7719764     93.87     71408   1436400       376
22:14:40      6565576   7564972    396336      4.82     38880   1162516   7719764     93.87     72872   1437180       408
22:14:45      6563332   7565940    394980      4.80     40716   1163596   7719764     93.87     74816   1438524       416
22:14:50      6554800   7562880    397576      4.83     44236   1164980   7719764     93.87     78696   1443344       428
22:14:55      6550300   7564084    395872      4.81     48196   1166336   7719764     93.87     82688   1445796       444
22:15:00      6547552   7565460    393988      4.79     50816   1167572   7719764     93.87     85292   1445212       456
22:15:05      6545572   7567212    391876      4.77     52736   1168820   7719764     93.87     87648   1445516       104
22:15:10      6543904   7569088    389292      4.73     54368   1170360   7719764     93.87     89496   1447660        68
22:15:15      6540868   7570868    386932      4.70     56780   1172068   7719764     93.87     92276   1449512        72
22:15:20      6525480   7560028    396564      4.82     59104   1174180   7719764     93.87     94792   1455228        92
22:15:25      6518736   7559528    396324      4.82     62392   1176436   7719764     93.87     98420   1456568       104
22:15:30      6511716   7557924    397236      4.83     65420   1178432   7719764     93.87    101264   1458524       120
22:15:35      6504732   7559372    394792      4.80     69416   1181928   7719764     93.87    105656   1460756        84
22:15:40      6496996   7558176    394908      4.80     71612   1185364   7719764     93.87    108272   1466988       100
22:15:45      6492868   7558184    394240      4.79     72732   1187668   7719868     93.87    109552   1468828        72
22:15:50      6476992   7551976    398968      4.85     75632   1193176   7719872     93.87    112464   1481864        64
22:15:55      6385760   7507184    441224      5.37     76276   1237688   7719872     93.87    113116   1541120        80
22:16:00      6297876   7476040    469812      5.71     76428   1293512  12331780    149.95    126396   1608216       204
22:16:05      6272456   7471296    472808      5.75     76504   1313472  12838880    156.12    133680   1622812       900
22:16:10      6255840   7469380    473676      5.76     76644   1328256  12932548    157.26    133836   1637956       528
22:16:15      6243000   7465716    476960      5.80     76644   1337448  12988088    157.93    133840   1649692       948
22:16:20      6227184   7462660    479756      5.83     76644   1349964  13067412    158.90    134340   1661820      1404
22:16:25      6212012   7461896    480176      5.84     76644   1364224  13134040    159.71    134340   1674964      1812
22:16:30      6198660   7459608    482124      5.86     76652   1375172  13202768    160.54    134348   1688116      2208
22:16:35      6180280   7456540    484744      5.89     76652   1390364  13282588    161.51    134348   1705716      2688
22:16:40      6167500   7457532    483592      5.88     76652   1403908  13340760    162.22    134368   1716848       296
22:16:45      6151864   7455620    485092      5.90     76656   1417504  13411812    163.08    134372   1731124       924
22:16:50      6122876   7447884    491332      5.97     76732   1438608  13550056    164.76    134448   1753660      1480
22:16:55      6111296   7446380    492528      5.99     76888   1448308  13606316    165.45    134612   1761064      1840
22:17:00      6087160   7447116    490828      5.97     76920   1472568  13743256    167.11    134644   1785680      2496
22:17:05      6053440   7442436    495100      6.02     76920   1501352  13818116    168.02    134644   1814824      2912
22:17:10      6037820   7440760    496540      6.04     76920   1515180  13901936    169.04    134644   1829052        48
22:17:15      5929940   7437452    498984      6.07     76920   1620116  13944868    169.57    134644   1934848        68
22:17:20      5123660   7274032    658988      8.01     76920   2265604  14994504    182.33    134644   2736232        92
22:17:25      5030084   7183312    749204      9.11     76920   2268964  14994900    182.33    134644   2830124        84
22:17:30      5021892   7175136    757376      9.21     76920   2268976  14994900    182.33    134644   2839100       100
22:17:35      5017796   7171056    761452      9.26     76920   2268996  14994900    182.33    134644   2845688       120
22:17:40      5009604   7162876    769636      9.36     76920   2269004  14994900    182.33    134644   2852552        92
22:17:45      4970348   7123124    808872      9.84     76920   2269020  14994900    182.33    134644   2884228       108
22:17:50      4937720   7090712    841280     10.23     76920   2269236  14994900    182.33    134644   2924656        72
22:17:55      4921412   7074448    857536     10.43     76920   2269288  14994900    182.33    134644   2932172        92
22:18:00      4894700   7047848    884116     10.75     76920   2269396  14991068    182.29    134860   2958488       188
22:18:05      4886904   7040100    891864     10.84     76920   2269440  14991068    182.29    134860   2969672       200
22:18:10      4860236   7013516    918500     11.17     76920   2269528  14991068    182.29    134860   2994016       228
22:18:15      4842468   6996024    935996     11.38     76920   2269796  14994744    182.33    135136   3005896       220
22:18:20      4865020   7018632    913380     11.11     76920   2269844  14994744    182.33    135144   2980884        96
22:18:25      4859312   7012940    919072     11.18     76920   2269860  14994744    182.33    135144   2987388       112
22:18:30      4853452   7007152    924856     11.25     76920   2269936  14994744    182.33    135144   2990772        96
22:18:35      4833780   6986980    944512     11.49     76920   2269952  14994744    182.33    135144   3015336       112
22:18:40      4812104   6965360    966124     11.75     76920   2270012  14994744    182.33    135144   3035224       128
22:18:45      4795028   6948368    983120     11.95     76920   2270092  14994828    182.33    135144   3050848       148
22:18:50      4762904   6916292   1015192     12.34     76920   2270140  14994828    182.33    135144   3083524       136
22:18:55      4758808   6912260   1019228     12.39     76920   2270204  14994828    182.33    135144   3086464        68
22:19:00      4755028   6908548   1022948     12.44     76920   2270268  14994828    182.33    135144   3090572        56
22:19:05      4746836   6900368   1031128     12.54     76920   2270280  14994828    182.33    135144   3095700        72
22:19:10      4742740   6896288   1035204     12.59     76920   2270300  14994828    182.33    135144   3106008        88
22:19:15      4736880   6890496   1040992     12.66     76920   2270372  14994828    182.33    135144   3109020       100
22:19:20      4728248   6881888   1049608     12.76     76920   2270388  14994828    182.33    135144   3116212       116
22:19:25      4726484   6880184   1051304     12.78     76920   2270456  14994828    182.33    135144   3119444        64
22:19:30      4719692   6873460   1058032     12.87     76920   2270520  14994828    182.33    135144   3131408        52
22:19:35      4712132   6865488   1065472     12.96     76920   2270640  14994828    182.33    135144   3134884        72
22:19:40      4703940   6857320   1073648     13.06     76920   2270656  14994828    182.33    135144   3140304        92
22:19:45      4703940   6857328   1073636     13.06     76920   2270664  14994828    182.33    135144   3143580       108
22:19:50      4693732   6847188   1083780     13.18     76920   2270736  14994828    182.33    135144   3155412       124
22:19:55      4679996   6833504   1097468     13.34     76920   2270784  14994828    182.33    135144   3169628       104
22:20:00      4668340   6821972   1108988     13.48     76920   2270920  14994828    182.33    135152   3177156        64
22:20:05      4658184   6811964   1119004     13.61     76920   2271060  14994828    182.33    135152   3185596        80
22:20:10      4648544   6802492   1128476     13.72     76920   2271228  14994828    182.33    135152   3199404       100
22:20:15      4631720   6785792   1145180     13.93     76920   2271348  14994928    182.33    135152   3213428       112
22:20:20      4626616   6780768   1150200     13.99     76920   2271432  14994928    182.33    135152   3219660       124
22:20:25      4608028   6762336   1168616     14.21     76920   2271604  14994928    182.33    135152   3237632       140
22:20:30      4593032   6747380   1183584     14.39     76920   2271628  14994928    182.33    135152   3254000        76
22:20:35      4588180   6742548   1188416     14.45     76920   2271644  14994928    182.33    135152   3259720        52
22:20:40      4580304   6734188   1196272     14.55     76920   2271660  14994928    182.33    135152   3268420        84
22:20:45      4580672   6734564   1195896     14.54     76920   2271668  14994928    182.33    135152   3265560       100
22:20:50      4572480   6726388   1204064     14.64     76920   2271688  14994928    182.33    135152   3271312       120
22:20:55      4572480   6726660   1203804     14.64     76920   2271956  14994928    182.33    135152   3279752       132
22:21:00      4564604   6718796   1211668     14.73     76920   2271968  14994928    182.33    135152   3279552        72
22:21:05      4564352   6718624   1211828     14.74     76920   2272060  14994928    182.33    135152   3285240        92
22:21:10      4556476   6710776   1219688     14.83     76920   2272076  14994928    182.33    135152   3290268        76
22:21:15      4554776   6709088   1221376     14.85     76920   2272088  14994928    182.33    135152   3298084       100
22:21:20      4552456   6706972   1223480     14.88     76920   2272304  14994928    182.33    135152   3298092       112
22:21:25      4546344   6701860   1228480     14.94     77848   2272376  14994928    182.33    135984   3302280       208
22:21:30      4537712   6694008   1236368     15.03     78388   2272564  14994928    182.33    136620   3317808       240
22:21:35      4509172   6665632   1264756     15.38     78388   2272696  14991092    182.29    136632   3347244       180
22:21:40      4509172   6665648   1264736     15.38     78388   2272712  14991092    182.29    136632   3341364       200
22:21:45      4509172   6665668   1264724     15.38     78388   2272724  14991092    182.29    136632   3333032       208
22:21:50      4505076   6661592   1268812     15.43     78388   2272740  14991092    182.29    136632   3338052       196
22:21:55      4501296   6657828   1272568     15.47     78388   2272756  14991092    182.29    136632   3342184       212
22:22:00      4495436   6651984   1278408     15.55     78388   2272772  14991092    182.29    136632   3348056       228
22:22:05      4489336   6646300   1283844     15.61     78520   2272844  14991092    182.29    136820   3356364       156
22:22:10      4399784   6627300   1301356     15.82     78616   2343036  15037352    182.85    161048   3430824     28636
22:22:15      4374888   6602472   1326008     16.12     78616   2343248  15052284    183.03    161088   3460216     28584
22:22:20      4321824   6549756   1378708     16.76     78616   2343600  15090676    183.50    161088   3511640     28560
22:22:25      4268632   6496320   1431636     17.41     78616   2343860  15138516    184.08    161088   3568808     28576
22:22:30      4248424   6569472   1355880     16.49     78696   2435956  15039736    182.88    164912   3567904    115176
22:22:35      4168556   6489752   1435596     17.46     78696   2436100  15113548    183.78    164992   3636560    114760
22:22:40      4175400   6547316   1377564     16.75     78708   2486432  14994928    182.33    266344   3489360    120760
22:22:45      4201908   6574068   1350816     16.43     78708   2486668  14994928    182.33    266384   3491912    117152
22:22:50      4206532   6578912   1345964     16.37     78708   2486896  14994928    182.33    266384   3500972    117160
22:22:55      4198996   6571524   1353356     16.46     78708   2487040  14994928    182.33    266384   3508528    117128
22:23:00      4198764   6571416   1353468     16.46     78708   2487160  14994928    182.33    266384   3507164    117136
22:23:05      4192884   6565584   1359252     16.53     78708   2487284  14994928    182.33    266384   3518844     24952
22:23:10      4185008   6557900   1367008     16.62     78708   2487404  14994928    182.33    266392   3526420        92
22:23:15      4175556   6548572   1376332     16.74     78708   2487532  14994928    182.33    266392   3534644       108
22:23:20      4162828   6535880   1389012     16.89     78708   2487580  14994928    182.33    266392   3547948       132
22:23:25      4142992   6516104   1408800     17.13     78708   2487628  14994928    182.33    266392   3569496       144
22:23:30      4142992   6516124   1408776     17.13     78708   2487648  14994928    182.33    266392   3565452       132
22:23:35      4130832   6503980   1420928     17.28     78708   2487656  14994928    182.33    266392   3576108        48
22:23:40      4114452   6487612   1437324     17.48     78708   2487680  14991092    182.29    266380   3592264       164
22:23:45      4110356   6483528   1441408     17.53     78708   2487692  14991092    182.29    266380   3595976       176
22:23:50      4110356   6483544   1441384     17.53     78708   2487716  14991092    182.29    266380   3606748       212
22:23:55      4099328   6472576   1452340     17.66     78708   2487748  14991092    182.29    266520   3605680       252
22:24:00      4122280   6495536   1429380     17.38     78708   2487756  14991092    182.29    266520   3584216       260
22:24:05      4098780   6472072   1452864     17.67     78708   2487792  14991092    182.29    266548   3606320        72
22:24:10      4092920   6466364   1458560     17.74     78708   2487956  14991092    182.29    266548   3613880       148
22:24:15      4073636   6447096   1477840     17.97     78708   2487960  15031468    182.78    266580   3646796       200
22:24:20      4039332   6412320   1512116     18.39     78708   2487980  15060028    183.13    266584   3683228       220
22:24:25      4011224   6384356   1540076     18.73     78708   2488124  15104720    183.67    266584   3708484       232
22:24:30      3958744   6331892   1592544     19.36     78708   2488140  15150708    184.23    266584   3757544       248
22:24:35      4081812   6455296   1469048     17.86     78764   2488360  14991092    182.29    265588   3621116     92008
22:24:40      4081812   6455316   1469028     17.86     78764   2488380  14991092    182.29    265588   3623000     91988
22:24:45      3980616   6353664   1564508     19.02     78772   2488516  20024092    243.49    295228   3647408     92076
22:24:50      3834992   6214184   1703872     20.72     78772   2494508  21093348    256.49   1713264   2358432     94948
22:24:55      3818608   6197820   1720240     20.92     78772   2494528  21093392    256.49   1713264   2378536     94968
22:25:00      3775164   6153896   1763612     21.45     78772   2494592  21096536    256.53   1713264   2432480     94996
22:25:05      3766976   6145220   1771788     21.54     78772   2494608  21115604    256.76   1713264   2428856     95012
22:25:10      3800956   6183120   1733992     21.08     78772   2498524  21101572    256.59   1713600   2399008      2984
22:25:15      3774024   6157792   1759276     21.39     78772   2500120  21104012    256.62   1713600   2435296      2948
22:25:20      3757640   6141848   1775216     21.59     78772   2500560  21105484    256.64   1713600   2452420      2960
22:25:25      3731048   6115956   1801108     21.90     78772   2501264  21106696    256.65   1713600   2478632       168
22:25:30      3722856   6107996   1809072     22.00     78772   2501492  21107696    256.66   1713600   2490444       184
22:25:35      3710568   6096464   1820604     22.14     78772   2502248  21108452    256.67   1713600   2503296       204
22:25:40      3702376   6088628   1828440     22.23     78772   2502604  21109120    256.68   1713600   2512936       124
22:25:45      3649128   6035552   1881504     22.88     78772   2502788  21111536    256.71   1713600   2572228       144
22:25:50      3567524   5953980   1963084     23.87     78772   2502812  21115352    256.76   1713600   2655884       104
22:25:55      3526176   5912140   2004416     24.37     78772   2502824  21118632    256.80   1713600   2702828       116
22:26:00      3785600   6171584   1744968     21.22     78772   2502848  21125364    256.88   1713600   2441996       140
22:26:05      3759560   6145620   1770924     21.53     78772   2502932  21128652    256.92   1713600   2462412       156
22:26:10      3728508   6114692   1801852     21.91     78772   2503056  21133008    256.97   1713600   2496460       112
22:26:15      3800240   6186684   1729828     21.03     78772   2503300  20039060    243.67   1713612   2405492       168
22:26:20      3995184   6381916   1539144     18.72     78772   2503584  14994928    182.33   1713912   2265164       192
22:26:25      3990900   6378052   1543008     18.76     78772   2504004  14994928    182.33   1713912   2276716       132
22:26:30      3978688   6366128   1554924     18.91     78772   2504300  14994928    182.33   1713912   2282632       148
22:26:35      3988072   6375532   1545528     18.79     78772   2504312  14994928    182.33   1713912   2266664       160
22:26:40      3978116   6366040   1554992     18.91     78772   2504804  14994928    182.33   1713912   2279788        80
22:26:45      3977632   6365652   1555428     18.91     78772   2504872  14994928    182.33   1713912   2282296       100
22:26:50      3969748   6358208   1562832     19.00     78772   2505352  14994928    182.33   1713912   2289536       112
22:26:55      3969748   6358256   1562820     19.00     78772   2505364  14994928    182.33   1713912   2290184       124
22:27:00      3963888   6352656   1568420     19.07     78772   2505620  14994928    182.33   1713912   2298244       112
22:27:05      3963888   6352716   1568352     19.07     78772   2505688  14994928    182.33   1713912   2294464       120
22:27:10      3953932   6343160   1577832     19.19     78772   2506168  14994928    182.33   1713912   2305156        52
22:27:15      3953932   6343256   1577820     19.19     78772   2506188  14994928    182.33   1713912   2307964        72
22:27:20      3941784   6331536   1589528     19.33     78772   2506628  14994928    182.33   1713912   2313924        88
22:27:25      3945880   6335672   1585416     19.28     78772   2506644  14994928    182.33   1713912   2310684       104
22:27:30      3937184   6327332   1593696     19.38     78772   2507060  14994928    182.33   1713912   2320388       120
22:27:35      3936932   6327148   1593932     19.38     78772   2507072  14994928    182.33   1713912   2319760       100
22:27:40      3925024   6315500   1605584     19.52     78772   2507328  14994928    182.33   1713912   2329160        44
22:27:45      3920800   6311464   1609624     19.57     78772   2507520  14994928    182.33   1713912   2342380        60
22:27:50      3922344   6313136   1607952     19.55     78772   2507648  14994928    182.33   1713912   2334748        80
22:27:55      3920080   6311012   1610080     19.58     78772   2507784  14994928    182.33   1713912   2338100        92
22:28:00      3908228   6299232   1621852     19.72     78772   2507864  14994928    182.33   1713912   2347568       116
22:28:05      3896508   6287560   1633532     19.86     78772   2507904  14994928    182.33   1713912   2361660        92
22:28:10      3880516   6271676   1649412     20.06     78772   2508016  14994928    182.33   1713912   2369360        48
22:28:15      3882324   6273496   1647596     20.03     78772   2508032  14994928    182.33   1713912   2366868        68
22:28:20      3882336   6273524   1647576     20.03     78772   2508040  14994928    182.33   1713912   2367040        80
22:28:25      3888172   6279456   1641644     19.96     78772   2508136  14994928    182.33   1713912   2374148        96
22:28:30      3888172   6279480   1641620     19.96     78772   2508156  14994928    182.33   1713912   2374552       112
22:28:35      3890728   6282040   1639056     19.93     78772   2508164  14994928    182.33   1713912   2368972       120
22:28:40      3881252   6272648   1648448     20.04     78772   2508248  14994928    182.33   1713912   2375920       140
22:28:45      3871360   6262772   1658452     20.17     78772   2508260  14991092    182.29   1713912   2386924        48
22:28:50      3873900   6265316   1655964     20.14     78772   2508280  14991092    182.29   1713896   2386764       164
22:28:55      3867920   6259496   1661784     20.21     78772   2508440  14994920    182.33   1713904   2392180       200
22:29:00      3867920   6259508   1661772     20.21     78772   2508452  14994920    182.33   1713904   2394656       212
22:29:05      3875420   6267020   1654260     20.12     78772   2508464  14994920    182.33   1713912   2383544       224
22:29:10      3865464   6257140   1664132     20.24     78772   2508548  14994920    182.33   1713912   2395252       240
22:29:15      3883588   6275288   1645984     20.01     78772   2508564  14994920    182.33   1713912   2375832       100
22:29:20      3883588   6275300   1645968     20.01     78772   2508576  14994920    182.33   1713912   2375924        88
22:29:25      3884548   6276272   1644996     20.00     78772   2508588  14994920    182.33   1713912   2381212       108
22:29:30      3884548   6276288   1644976     20.00     78772   2508604  14994920    182.33   1713912   2381404       124
22:29:35      3884304   6276056   1645208     20.01     78772   2508616  14994920    182.33   1713912   2377020       136
22:29:40      3868856   6260672   1660576     20.19     78772   2508696  14994920    182.33   1713912   2385256       152
22:29:45      3870604   6262448   1658816     20.17     78772   2508708  14994920    182.33   1713912   2384044        80
22:29:50      3870352   6262208   1659056     20.17     78772   2508720  14994920    182.33   1713912   2384768        92
22:29:55      3870848   6262740   1658524     20.17     78772   2508756  14994920    182.33   1713912   2389000        80
22:30:00      3871052   6262956   1658308     20.16     78772   2508768  14994920    182.33   1713912   2389448        96
22:30:05      3878872   6270788   1650476     20.07     78772   2508780  14994920    182.33   1713912   2380244       108
22:30:10      3869456   6261436   1659812     20.18     78772   2508856  14994920    182.33   1713912   2386712       120
22:30:15      3873672   6265672   1655576     20.13     78772   2508876  14994920    182.33   1713912   2386628        68
22:30:20      3873420   6265448   1655812     20.13     78772   2508892  14994920    182.33   1713912   2386940        92
22:30:25      3869640   6261680   1659584     20.18     78772   2508900  14994920    182.33   1713912   2392272       108
22:30:30      3878196   6270256   1651012     20.08     78772   2508920  14994920    182.33   1713912   2386060        88
22:30:35      3878196   6270260   1651004     20.08     78772   2508928  14994920    182.33   1713912   2385612        96
22:30:40      3876460   6268544   1652724     20.10     78772   2508944  14994920    182.33   1713912   2384852       116
22:30:45      3876460   6268560   1652708     20.10     78772   2508960  14994920    182.33   1713912   2387620        60
22:30:50      3879184   6271300   1649968     20.06     78772   2508976  14994920    182.33   1713912   2382872        80
22:30:55      3871400   6263592   1657672     20.16     78772   2509056  14994920    182.33   1713912   2389928        96
22:31:00      3880920   6273128   1648140     20.04     78772   2509068  14994920    182.33   1713912   2384760       112
22:31:05      3882444   6274664   1646600     20.02     78772   2509080  14994920    182.33   1713912   2380884       100
22:31:10      3875920   6268156   1653108     20.10     78772   2509096  14994920    182.33   1713912   2381876       112
22:31:15      3875920   6268172   1653092     20.10     78772   2509112  14994920    182.33   1713912   2384172        56
22:31:20      3882092   6274356   1646904     20.03     78772   2509128  14994920    182.33   1713912   2376908        84
22:31:25      3873900   6266224   1655044     20.12     78772   2509200  14994920    182.33   1713912   2387864       100
22:31:30      3880988   6273344   1647936     20.04     78772   2509220  14994920    182.33   1713912   2382624       116
22:31:35      3880988   6273364   1647920     20.04     78772   2509236  14994920    182.33   1713912   2381436        88
22:31:40      3881660   6274092   1647176     20.03     78772   2509308  14994920    182.33   1713912   2383648       104
22:31:45      3881660   6274108   1647156     20.03     78772   2509324  14994920    182.33   1713912   2383592       120
22:31:50      3881448   6273920   1647356     20.03     78772   2509332  14994920    182.33   1713912   2379396        60
22:31:55      3875680   6268172   1653104     20.10     78772   2509352  14994920    182.33   1713912   2384352        76
22:32:00      3883744   6276256   1645020     20.00     78772   2509368  14994920    182.33   1713912   2378360       100
22:32:05      3883744   6276268   1645004     20.00     78772   2509380  14994920    182.33   1713912   2376984       112
22:32:10      3882764   6275304   1645968     20.01     78772   2509396  14994920    182.33   1713912   2382240        88
22:32:15      3882764   6275316   1645952     20.01     78772   2509408  14994920    182.33   1713912   2384160       112
22:32:20      3885636   6278204   1643072     19.98     78772   2509424  14994920    182.33   1713912   2374028        64
22:32:25      3877760   6270340   1650936     20.07     78772   2509436  14994920    182.33   1713912   2382328        84
22:32:30      3867636   6260576   1660700     20.19     78772   2509796  14994920    182.33   1713912   2389856        96
22:32:35      3860696   6253984   1667284     20.27     78772   2510152  14994920    182.33   1713912   2394268       112
22:32:40      3867388   6260692   1660500     20.19     78772   2510244  14994920    182.33   1713912   2386620       124
22:32:45      3859792   6253540   1667736     20.28     78772   2510604  14994920    182.33   1713912   2395112       140
22:32:50      3863836   6257840   1663436     20.23     78772   2510860  14994920    182.33   1713912   2390708        52
22:32:55      3863772   6258192   1663084     20.22     78772   2511276  14994920    182.33   1713912   2391608        76
22:33:00      3863772   6258572   1662704     20.22     78772   2511656  14994920    182.33   1713912   2389404       100
22:33:05      3863772   6258580   1662692     20.22     78772   2511668  14994920    182.33   1713912   2388852       112
22:33:10      3855568   6250836   1670444     20.31     78772   2512124  14994920    182.33   1713912   2394244       128
22:33:15      3855568   6250852   1670444     20.31     78772   2512140  14994920    182.33   1713912   2394520       144
22:33:20      3855568   6251200   1670096     20.31     78772   2512488  14994920    182.33   1713912   2387292        88
22:33:25      3855568   6251328   1669960     20.31     78772   2512624  14994920    182.33   1713912   2387560        72
22:33:30      3856456   6252612   1668652     20.29     78772   2513044  14994920    182.33   1713912   2389536        84
22:33:35      3856456   6252900   1668392     20.29     78772   2513300  14994920    182.33   1713912   2389188       100
22:33:40      3855972   6252744   1668500     20.29     78772   2513676  14994920    182.33   1713912   2385100       112
22:33:45      3856424   6253460   1667816     20.28     78772   2513908  14994920    182.33   1713912   2386032       128
22:33:50      3854484   6251788   1669500     20.30     78772   2514164  14994920    182.33   1713912   2390972        68
22:33:55      3854428   6251748   1669544     20.30     78772   2514176  14994920    182.33   1713912   2388688        92
22:34:00      3855340   6252752   1668524     20.29     78772   2514284  14994920    182.33   1713912   2386480        84
22:34:05      3862408   6259976   1661244     20.20     78772   2514496  14994920    182.33   1713912   2379284        96
22:34:10      3862408   6260192   1661100     20.20     78772   2514640  14994960    182.33   1713912   2384176       108
22:34:15      3860332   6258540   1662756     20.22     78772   2515064  14994960    182.33   1713912   2382116       128
22:34:20      3860332   6258792   1662504     20.22     78772   2515316  14994960    182.33   1713912   2385156        72
22:34:25      3870472   6269176   1652032     20.09     78772   2515648  14994960    182.33   1713912   2372948        92
22:34:30      3870472   6269516   1651780     20.09     78772   2515900  14994960    182.33   1713912   2373480        60
22:34:35      3872696   6271984   1649308     20.06     78772   2516148  14995000    182.34   1713912   2372820        88
22:34:40      3872696   6272356   1648936     20.05     78772   2516520  14995000    182.34   1713912   2373496       108
22:34:45      3882924   6282724   1638460     19.92     78772   2516768  14995000    182.34   1713912   2363204       120
22:34:50      3882796   6282960   1638252     19.92     78772   2517104  14995000    182.34   1713912   2366408        68
22:34:55      3886952   6287236   1634064     19.87     78772   2517136  14995000    182.34   1713912   2356892        88
22:35:00      3878456   6279188   1642020     19.97     78772   2517676  14995036    182.34   1713912   2366404       108
22:35:05      3886672   6287608   1633692     19.87     78772   2517788  14995036    182.34   1713912   2357896        80
22:35:10      3886672   6287856   1633436     19.86     78772   2518044  14995036    182.34   1713912   2358280       100
22:35:15      3898620   6299824   1621360     19.72     78772   2518172  14995036    182.34   1713912   2351256       112
22:35:20      3898508   6300000   1621296     19.71     78772   2518348  14995076    182.34   1713912   2352988        60
22:35:25      3889664   6291412   1629888     19.82     78772   2518600  14995076    182.34   1713912   2353540        76
22:35:30      3889664   6291768   1629464     19.81     78772   2519020  14995076    182.34   1713912   2354200        92
22:35:35      3889676   6292112   1629148     19.81     78772   2519324  14995076    182.34   1713912   2353948       108
22:35:40      3889676   6292124   1629136     19.81     78772   2519336  14995092    182.34   1713912   2354436       124
22:35:45      3881484   6284236   1637060     19.91     78772   2519604  14995112    182.34   1713912   2363672       100
22:35:50      3881244   6284252   1637044     19.91     78772   2519860  14995112    182.34   1713912   2366384       116
22:35:55      3880808   6283960   1637340     19.91     78772   2520004  14991284    182.29   1713896   2386484       156
22:36:00      3880808   6284072   1637228     19.91     78772   2520116  14991320    182.29   1713896   2387616       180
22:36:05      3875760   6279332   1641968     19.97     78772   2520424  14991320    182.29   1713896   2381608       196
22:36:10      3875760   6279592   1641708     19.96     78772   2520688  14991320    182.29   1713896   2383928       204
22:36:15      3875884   6279740   1641564     19.96     78772   2520708  14991352    182.29   1713896   2385304       224
22:36:20      3866948   6271164   1650136     20.07     78772   2521072  14991352    182.29   1713896   2394108       204
22:36:25      3862852   6267164   1654128     20.11     78772   2521164  14991352    182.29   1713896   2406584       108
22:36:30      3852404   6257076   1664216     20.24     78772   2521520  14995216    182.34   1713912   2418924       152
22:36:35      3852404   6257092   1664200     20.24     78772   2521536  14995216    182.34   1713912   2402700       164
22:36:40      3846424   6251204   1670084     20.31     78772   2521632  14995244    182.34   1713912   2409336       176
22:36:45      3842328   6247252   1674040     20.36     78772   2521772  14995276    182.34   1713912   2416640       188
22:36:50      3830476   6235584   1685704     20.50     78772   2521960  14995300    182.34   1713912   2421280       204
22:36:55      3831368   6236500   1684792     20.49     78772   2521980  14995300    182.34   1713912   2420404        52
22:37:00      3831368   6236504   1684784     20.49     78772   2521988  14995300    182.34   1713912   2421432        76
22:37:05      3831368   6236524   1684768     20.49     78772   2522004  14995300    182.34   1713912   2421136        96
22:37:10      3833936   6239464   1681824     20.45     78772   2522376  14995348    182.34   1713912   2426508       112
22:37:15      3833936   6239472   1681812     20.45     78772   2522388  14995348    182.34   1713912   2422088       124
22:37:20      3833936   6239496   1681796     20.45     78772   2522404  14995348    182.34   1713912   2422128       144
22:37:25      3833936   6239508   1681784     20.45     78772   2522416  14995348    182.34   1713912   2426476        60
22:37:30      3833936   6239656   1681636     20.45     78772   2522564  14995396    182.34   1713912   2428828        76
22:37:35      3825744   6231592   1689696     20.55     78772   2522696  14995396    182.34   1713912   2432472        92
22:37:40      3825744   6231608   1689680     20.55     78772   2522712  14995396    182.34   1713912   2430340       112
22:37:45      3825744   6231624   1689668     20.55     78772   2522724  14995396    182.34   1713912   2430760       124
22:37:50      3825504   6231480   1689760     20.55     78772   2522872  14995440    182.34   1713912   2433212       136
22:37:55      3816304   6222492   1698796     20.66     78772   2523036  14995440    182.34   1713912   2442696        80
22:38:00      3816304   6222572   1698720     20.66     78772   2523112  14995440    182.34   1713912   2443112        68
22:38:05      3816304   6222588   1698704     20.66     78772   2523128  14995440    182.34   1713912   2439244        84
22:38:10      3816304   6222712   1698564     20.65     78772   2523264  14995440    182.34   1713912   2439536       104
22:38:15      3807872   6214452   1706844     20.75     78772   2523428  14995488    182.34   1713912   2446176       112
22:38:20      3807872   6214472   1706824     20.75     78772   2523444  14995488    182.34   1713912   2447904       128
22:38:25      3807872   6214484   1706812     20.75     78772   2523456  14995488    182.34   1713912   2450304        72
22:38:30      3807872   6214496   1706800     20.75     78772   2523468  14995488    182.34   1713912   2450616        92
22:38:35      3807872   6214668   1706628     20.75     78772   2523640  14995536    182.34   1713912   2448956        68
22:38:40      3799428   6206384   1714912     20.85     78772   2523800  14995536    182.34   1713912   2455520        96
22:38:45      3799428   6206396   1714900     20.85     78772   2523812  14995536    182.34   1713912   2455820       108
22:38:50      3799428   6206408   1714884     20.85     78772   2523824  14995536    182.34   1713912   2456192       120
22:38:55      3799188   6206268   1715012     20.85     78772   2523936  14995536    182.34   1713912   2461112        68
22:39:00      3790744   6198028   1723256     20.95     78776   2524132  14995584    182.34   1713912   2468180        92
22:39:05      3798080   6205392   1715900     20.86     78776   2524152  14995584    182.34   1713924   2455540       116
22:39:10      3798080   6205408   1715884     20.86     78776   2524168  14995584    182.34   1713924   2455840       132
22:39:15      3798080   6205424   1715872     20.86     78776   2524180  14995584    182.34   1713924   2455996       104
22:39:20      3793492   6201116   1720180     20.92     78776   2524460  14995628    182.34   1713924   2468652       124
22:39:25      3793492   6201128   1720168     20.92     78776   2524472  14995628    182.34   1713924   2464492       136
22:39:30      3793492   6201140   1720156     20.92     78776   2524484  14995628    182.34   1713924   2467100        64
22:39:35      3793492   6201160   1720136     20.92     78776   2524504  14995628    182.34   1713924   2463136        88
22:39:40      3793492   6201256   1720040     20.92     78776   2524600  14995628    182.34   1713924   2463492       104
22:39:45      3785300   6193248   1728044     21.01     78776   2524784  14995676    182.34   1713924   2470232       116
22:39:50      3785300   6193260   1728032     21.01     78776   2524796  14995676    182.34   1713924   2470568        88
22:39:55      3785300   6193280   1728008     21.01     78776   2524816  14995676    182.34   1713924   2470716       108
22:40:00      3785060   6193132   1728160     21.01     78776   2524912  14995676    182.34   1713924   2473664        56
22:40:05      3776868   6185144   1736148     21.11     78776   2525116  14995724    182.34   1713924   2478232        68
22:40:10      3776868   6185164   1736128     21.11     78776   2525132  14995724    182.34   1713924   2478520        84
22:40:15      3776868   6185176   1736116     21.11     78776   2525144  14995724    182.34   1713924   2478808        96
22:40:20      3776868   6185192   1736100     21.11     78776   2525160  14995724    182.34   1713924   2479132       116
22:40:25      3767792   6176360   1744928     21.22     78776   2525408  14995772    182.34   1713924   2494084       104
22:40:30      3767680   6176260   1745032     21.22     78776   2525416  14995772    182.34   1713924   2490908        48
22:40:35      3767680   6176280   1745008     21.22     78776   2525436  14995772    182.34   1713924   2486972        72
22:40:40      3768184   6176796   1744492     21.21     78776   2525448  14995772    182.34   1713924   2484704        92
22:40:45      3768184   6176888   1744352     21.21     78776   2525588  14995820    182.35   1713924   2486188       104
22:40:50      3763848   6172748   1748540     21.26     78776   2525732  14995820    182.35   1713924   2494272       120
22:40:55      3763848   6172764   1748524     21.26     78776   2525748  14995820    182.35   1713924   2494984       104
22:41:00      3763848   6172780   1748508     21.26     78776   2525764  14995820    182.35   1713924   2497548        52
22:41:05      3763848   6172868   1748408     21.26     78776   2525864  14995820    182.35   1713924   2493784        64
22:41:10      3755404   6164640   1756644     21.36     78776   2526072  14995864    182.35   1713924   2502788        80
22:41:15      3755404   6164656   1756636     21.36     78776   2526084  14995864    182.35   1713924   2503080        92
22:41:20      3755404   6164668   1756628     21.36     78776   2526096  14995864    182.35   1713924   2503404       112
22:41:25      3755164   6164524   1756756     21.36     78776   2526204  14995864    182.35   1713924   2503660       128
22:41:30      3746972   6156528   1764764     21.46     78776   2526388  14995912    182.35   1713924   2513244        48
22:41:35      3746972   6156540   1764752     21.46     78776   2526400  14995912    182.35   1713924   2506788        64
22:41:40      3746972   6156556   1764736     21.46     78776   2526416  14995912    182.35   1713924   2506904        84
22:41:45      3746972   6156644   1764636     21.46     78776   2526512  14995912    182.35   1713924   2507236        96
22:41:50      3738288   6148152   1773136     21.56     78776   2526696  14995960    182.35   1713924   2516040       108
22:41:55      3738288   6148164   1773124     21.56     78776   2526708  14995960    182.35   1713924   2516404       120
22:42:00      3738288   6148180   1773108     21.56     78776   2526724  14995960    182.35   1713924   2519656        88
22:42:05      3738288   6148192   1773104     21.56     78776   2526736  14995960    182.35   1713924   2515752        60
22:42:10      3738288   6148284   1773000     21.56     78776   2526836  14996004    182.35   1713924   2516180        84
22:42:15      3733952   6144092   1777192     21.61     78776   2526980  14996004    182.35   1713924   2525276       100
22:42:20      3733952   6144108   1777184     21.61     78776   2526988  14996004    182.35   1713924   2525580       148
22:42:25      3733952   6144124   1777168     21.61     78776   2527004  14996004    182.35   1713924   2526432       164
22:42:30      3733952   6144212   1777068     21.61     78776   2527104  14996008    182.35   1713924   2530048       172
22:42:35      3725520   6136052   1785192     21.71     78776   2527412  14996084    182.35   1713924   2533772        92
22:42:40      3710944   6121224   1799436     21.88     78776   2527740  14996088    182.35   1713924   2544480       116
22:42:45      3710640   6121592   1799180     21.88     78776   2528300  14996148    182.35   1713924   2550880        92
22:42:50      3701188   6112404   1808252     21.99     78776   2528676  14996168    182.35   1713924   2559868       104
22:42:55      3700948   6112780   1807988     21.98     78776   2529180  14996168    182.35   1713924   2557524       124
22:43:00      3700820   6113036   1807796     21.98     78776   2529500  14996184    182.35   1713924   2560448       144
22:43:05      3686920   6099424   1821232     22.15     78776   2529964  14996252    182.35   1713924   2567748        72
22:43:10      3686920   6099676   1821092     22.14     78776   2530104  14996252    182.35   1713924   2568300        88
22:43:15      3686680   6099856   1820908     22.14     78776   2530524  14996252    182.35   1713924   2569012       104
22:43:20      3686552   6099976   1820788     22.14     78776   2530772  14996252    182.35   1713924   2569404        84
22:43:25      3676748   6090660   1829992     22.25     78776   2531372  14996336    182.35   1713924   2582244       100
22:43:30      3676748   6090912   1829852     22.25     78776   2531512  14996336    182.35   1713924   2583672       116
22:43:35      3676508   6090828   1829936     22.25     78776   2531668  14996336    182.35   1713924   2581128        60
22:43:40      3676380   6091212   1829660     22.25     78776   2532068  14996336    182.35   1713924   2581924        84
22:43:45      3676268   6091240   1829524     22.25     78776   2532320  14996336    182.35   1713924   2581516        96
22:43:50      3676028   6091368   1829396     22.24     78776   2532688  14996420    182.35   1713924   2587300        76
22:43:55      3659960   6075760   1845004     22.43     78776   2533148  14996420    182.35   1713924   2596436        96
22:44:00      3659720   6075776   1844904     22.43     78776   2533488  14996420    182.35   1713924   2597044       120
22:44:05      3659480   6075760   1845000     22.43     78776   2533628  14996420    182.35   1713924   2596132        60
22:44:10      3659480   6076012   1844752     22.43     78776   2533880  14996420    182.35   1713924   2596704        76
22:44:15      3659240   6076160   1844616     22.43     78776   2534268  14996420    182.35   1713924   2597940        96
22:44:20      3659000   6076296   1844476     22.43     78776   2534644  14996508    182.35   1713924   2601396       112
22:44:25      3642804   6060492   1860168     22.62     78776   2535148  14996508    182.35   1713924   2613132        88
22:44:30      3642692   6060744   1860024     22.62     78776   2535404  14996508    182.35   1713924   2613488       100
22:44:35      3642452   6060764   1860008     22.62     78776   2535656  14996508    182.35   1713924   2612368        44
22:44:40      3642452   6061020   1859752     22.61     78776   2535912  14996508    182.35   1713924   2612780        72
22:44:45      3642452   6061512   1859308     22.61     78776   2536356  14996508    182.35   1713924   2611344        88
22:44:50      3642212   6061416   1859356     22.61     78776   2536548  14996508    182.35   1713924   2611656        96
22:44:55      3632128   6051740   1869032     22.73     78776   2536956  14996596    182.35   1713924   2630300       116
22:45:00      3632016   6051880   1868892     22.73     78776   2537208  14996596    182.35   1713924   2627832        88
22:45:05      3631776   6052076   1868696     22.72     78776   2537644  14996596    182.35   1713924   2627072        36
22:45:10      3631536   6052092   1868680     22.72     78776   2537900  14996596    182.35   1713924   2627560        52
22:45:15      3631536   6052476   1868280     22.72     78776   2538300  14996596    182.35   1713924   2627584        68
22:45:20      3631536   6052760   1868016     22.71     78776   2538568  14996596    182.35   1713924   2628120        88
22:45:25      3631296   6052772   1868004     22.71     78776   2538820  14996596    182.35   1713924   2629208       100
22:45:30      3614432   6036196   1884576     22.92     78776   2539108  14992856    182.31   1713944   2657828       208
22:45:35      3605472   6027488   1893276     23.02     78776   2539360  14992856    182.31   1713944   2647104        40
22:45:40      3601228   6023648   1897048     23.07     78776   2539840  14992856    182.31   1713944   2653640       136
22:45:45      3585256   6008532   1912236     23.25     78916   2540472  14992856    182.31   1714084   2666320       568
22:45:50      3340380   5763664   2151300     26.16     78916   2540900  21240216    258.28   1716164   2862960       588
22:45:55      3266652   5689956   2224996     27.06     78916   2540920  21240496    258.28   1716168   2941528       608
22:46:00      3333620   5757324   2157588     26.24     78916   2541320  21240240    258.28   1716192   2862700       616
22:46:05      3251184   5675148   2239772     27.24     78916   2541572  21240520    258.28   1716192   2941212       512
22:46:10      3247088   5671224   2243696     27.28     78916   2541744  21240608    258.28   1716192   2943608       476
22:46:15      3560556   5985044   1934684     23.53     78916   2542100  14993968    182.32   1790660   2598060       184
22:46:20      3561456   5986320   1933404     23.51     78916   2542480  14993968    182.32   1790660   2598408       200
22:46:25      3560928   5986320   1933332     23.51     78916   2543080  14993968    182.32   1790660   2601228       224
22:46:30      3305292   5731032   2183844     26.55     78916   2543352  21239852    258.27   1790708   2817076       248
22:46:35      3243360   5669376   2245416     27.30     78916   2543712  21240140    258.27   1790708   2881128       272
22:46:40      3243636   5669960   2244920     27.30     78916   2543932  21240140    258.27   1790712   2874768       116
22:46:45      3237252   5663720   2251152     27.37     78916   2544080  21240140    258.27   1790712   2881368        96
22:46:50      3200148   5627024   2287852     27.82     78916   2544484  21240232    258.28   1790712   2925676       112
22:46:55      3179668   5606664   2308200     28.07     78916   2544616  21240232    258.28   1790712   2945116       132
22:47:00      3162792   5590072   2324684     28.27     78916   2545004  21240232    258.28   1790712   2974572       156
22:47:05      3147744   5575280   2339592     28.45     78916   2545144  21240232    258.28   1790712   2982380       172
22:47:10      3143396   5570952   2343920     28.50     78916   2545164  21240232    258.28   1790712   2995240        92
22:47:15      3128868   5556672   2358192     28.67     78916   2545420  21240232    258.28   1790712   3001004       112
22:47:20      3127388   5555344   2359520     28.69     78916   2545568  21240232    258.28   1790712   3009384        88
22:47:25      3118724   5546952   2367912     28.79     78916   2545840  21240320    258.28   1790712   3021304       104
22:47:30      3094380   5522992   2391884     29.08     78916   2546220  21240320    258.28   1790712   3035396       120
22:47:35      3092376   5521252   2393624     29.11     78916   2546480  21240320    258.28   1790712   3045592       136
22:47:40      3060808   5489952   2424924     29.49     78916   2546748  21240320    258.28   1790712   3079460        80
22:47:45      3521208   5950624   1968932     23.94     78916   2547104  14994148    182.32   1790780   2640348       204
22:47:50      3521208   5950852   1968684     23.94     78916   2547356  14994148    182.32   1790780   2640296       216
22:47:55      3520968   5950976   1968672     23.94     78916   2547612  14994148    182.32   1790780   2641408       180
22:48:00      3498692   5929444   1990224     24.20     78916   2548356  14994232    182.33   1790812   2657152       228
22:48:05      3505424   5936204   1983424     24.12     78916   2548424  14994232    182.33   1790812   2651312       240
22:48:10      3522700   5953792   1965800     23.90     78916   2548772  14994232    182.33   1790812   2635520        96
22:48:15      3523520   5954948   1964712     23.89     78916   2549040  14994232    182.33   1790812   2633392       112
22:48:20      3523784   5955472   1964192     23.88     78916   2549292  14994232    182.33   1790812   2633172       116
22:48:25      3523656   5955616   1964048     23.88     78916   2549564  14994272    182.33   1790812   2639596       132
22:48:30      3507160   5939504   1980164     24.08     78916   2549948  14998144    182.37   1790828   2655684       184
22:48:35      3507160   5939512   1980148     24.08     78916   2549964  14998144    182.37   1790828   2650540       200
22:48:40      3511548   5944048   1975620     24.02     78916   2550104  14998144    182.37   1790828   2644752        68
22:48:45      3514492   5947212   1972480     23.98     78916   2550328  14998144    182.37   1790828   2643924        84
22:48:50      3514252   5947228   1972468     23.98     78916   2550580  14998224    182.37   1790828   2647572       100
22:48:55      3505808   5939040   1980656     24.08     78916   2550836  14998224    182.37   1790828   2655652       116
22:49:00      3505568   5938940   1980752     24.09     78916   2550976  14998224    182.37   1790828   2656112       140
22:49:05      3505568   5938952   1980740     24.09     78916   2550988  14998232    182.37   1790828   2656480       108
22:49:10      3497376   5931032   1988644     24.18     78916   2551276  14998304    182.38   1790828   2667244        44
22:49:15      3497376   5931060   1988652     24.18     78916   2551288  14998304    182.38   1790828   2667516        60
22:49:20      3497136   5930956   1988760     24.18     78916   2551420  14998376    182.38   1790828   2667800        80
22:49:25      3480752   5914820   2004896     24.38     78916   2551668  14998376    182.38   1790828   2682584        96
22:49:30      3472924   5907292   2012424     24.47     78916   2551968  14998472    182.38   1790828   2687320       112
22:49:35      3464492   5899000   2020716     24.57     78916   2552108  14998472    182.38   1790828   2693832       124
22:49:40      3464492   5899016   2020700     24.57     78916   2552124  14998472    182.38   1790828   2694388        40
22:49:45      3464492   5899024   2020692     24.57     78916   2552132  14998472    182.38   1790828   2694620        52
22:49:50      3464492   5899220   2020464     24.57     78916   2552360  14998472    182.38   1790828   2694408        68
22:49:55      3465016   5899780   2019928     24.56     78916   2552372  14998472    182.38   1790828   2695908        80
22:50:00      3464888   5899920   2019796     24.56     78916   2552632  14998512    182.38   1790828   2693888       112
22:50:05      3452248   5887592   2032120     24.71     78916   2552944  14998572    182.38   1790828   2706612       124
22:50:10      3452248   5887608   2032104     24.71     78916   2552960  14998572    182.38   1790828   2707344       140
22:50:15      3452248   5887616   2032096     24.71     78916   2552972  14998572    182.38   1790828   2707592        60
22:50:20      3452248   5887808   2031876     24.71     78916   2553192  14998572    182.38   1790828   2706376        80
22:50:25      3452248   5887856   2031860     24.71     78916   2553208  14998572    182.38   1790828   2709472        96
22:50:30      3461276   5896896   2022820     24.60     78916   2553220  14998572    182.38   1790828   2697388       108
22:50:35      3453096   5889076   2030600     24.69     78916   2553620  14998668    182.38   1790828   2713860       120
22:50:40      3453096   5889096   2030584     24.69     78916   2553636  14998668    182.38   1790828   2708036       140
22:50:45      3453096   5889140   2030584     24.69     78916   2553644  14998668    182.38   1790828   2708112        80
22:50:50      3453096   5889156   2030568     24.69     78916   2553660  14998668    182.38   1790828   2708944        64
22:50:55      3453096   5889304   2030416     24.69     78916   2553808  14998668    182.38   1790828   2712804        84
22:51:00      3453096   5889316   2030404     24.69     78916   2553816  14998668    182.38   1790828   2709464       104
22:51:05      3453096   5889332   2030388     24.69     78916   2553832  14998768    182.38   1790828   2709920       120
22:51:10      3440808   5877056   2042664     24.84     78916   2553844  14998988    182.38   1790828   2720384       128
22:51:15      3440808   5877076   2042644     24.84     78916   2553864  14999344    182.39   1790828   2725188        76
22:51:20      3436712   5872992   2046728     24.89     78916   2553876  14999648    182.39   1790828   2732128       100
22:51:25      3428520   5864812   2054908     24.99     78916   2553888  15000000    182.40   1790828   2743368        76
22:51:30      3416232   5852544   2067176     25.14     78916   2553908  15000264    182.40   1790828   2751116        96
22:51:35      3342504   5778824   2140896     26.03     78916   2553916  15001096    182.41   1790828   2851768       104
22:51:40      3162788   5599124   2320596     28.22     78916   2553932  15003608    182.44   1790828   3020616       120
22:51:45      3380168   5821048   2098668     25.52     78920   2558476  15021340    182.66   1790828   2786316      4304
22:51:50      5188356   7630460    297208      3.61     78920   2559640    538888      6.55   1793568   1061856      5032
22:51:55      5187684   7629796    297880      3.62     78920   2559648    538888      6.55   1793568   1063080      5040
22:52:00      5189312   7631428    296248      3.60     78920   2559652    538888      6.55   1793568   1061204      5040
22:52:05      5189060   7631184    296484      3.61     78920   2559668    538888      6.55   1793568   1061416      5056
22:52:10      5189644   7631780    295896      3.60     78920   2559672    538888      6.55   1793568   1060792      5060
22:52:15      5189644   7631788    295960      3.60     78920   2559684    538888      6.55   1793568   1061940      4976
22:52:20      5189644   7631800    295952      3.60     78920   2559692    538888      6.55   1793568   1064056       108
22:52:25      5189644   7631808    295944      3.60     78920   2559700    538888      6.55   1793568   1064524       116
22:52:30      5187380   7629556    298196      3.63     78920   2559712    538888      6.55   1793568   1063344       124
22:52:35      5185324   7627504    300248      3.65     78920   2559716    538888      6.55   1793568   1065508       128
22:52:40      5185324   7627512    300236      3.65     78920   2559724    538888      6.55   1793568   1065412       140
22:52:45      5185324   7627528    300236      3.65     78920   2559740    538888      6.55   1793568   1065692        48
22:52:50      5185324   7627532    300232      3.65     78920   2559744    538888      6.55   1793568   1065832        56
22:52:55      5192300   7634520    293244      3.57     78920   2559756    538888      6.55   1793568   1060056        68
22:53:00      5192300   7634524    293232      3.57     78920   2559764    538888      6.55   1793568   1063492        88
22:53:05      5192300   7634528    293236      3.57     78920   2559772    538888      6.55   1793568   1063460        96
22:53:10      5192300   7634548    293224      3.57     78920   2559784    538888      6.55   1793568   1063500       108
22:53:15      5192300   7634552    293260      3.57     78920   2559788    538888      6.55   1793568   1063596       112
22:53:20      5192300   7634560    293252      3.57     78920   2559796    538888      6.55   1793568   1063988        56
22:53:25      5192300   7634568    293240      3.57     78920   2559808    538888      6.55   1793568   1064212        68
22:53:30      5187660   7629940    297872      3.62     78920   2559816    538888      6.55   1793568   1060144        80
22:53:35      5187660   7629948    297864      3.62     78920   2559824    538888      6.55   1793568   1060184        84
22:53:40      5187660   7629960    297848      3.62     78920   2559836    538888      6.55   1793568   1060900        96
22:53:45      5187660   7629968    297840      3.62     78920   2559844    538888      6.55   1793568   1060528       104
22:53:50      7652012   7632040    306020      3.72       164    185968    538888      6.55      8444    394448        36
22:53:55      7651788   7631956    306096      3.72       300    185980    538888      6.55      8568    394616        44
22:54:00      7565488   7545812    392244      4.77       436    185996    538888      6.55      8708    397768        72
22:54:05      7655600   7635932    302120      3.67       436    186004    538888      6.55      8708    397636        80
22:54:10      7655600   7635944    302172      3.67       436    186012    538888      6.55      8708    395976        88
22:54:15      7655600   7636240    301868      3.67       436    186316    538888      6.55      8708    393952        92
22:54:20      7655600   7636288    301828      3.67       452    186340    538888      6.55      8752    394292        44
22:54:25      7655600   7636288    301840      3.67       452    186348    538888      6.55      8752    394412        56
22:54:30      7657400   7638100    300032      3.65       452    186352    538888      6.55      8752    396724        60
22:54:35      7657400   7638104    300020      3.65       452    186364    538888      6.55      8752    396952        68
22:54:40      7657400   7638108    300016      3.65       452    186372    538888      6.55      8752    393904        84
22:54:45      7657400   7638128    300004      3.65       452    186384    538888      6.55      8848    394024        96
22:54:50      7657400   7638136    300000      3.65       452    186388    538888      6.55      8852    395280        48
22:54:55      7657400   7638144    299992      3.65       452    186396    538888      6.55      8852    394828        64
22:55:00      7657400   7638156    299976      3.65       452    186412    538888      6.55      8880    398932        92
22:55:05      7657400   7638164    299972      3.65       452    186416    538888      6.55      8880    399248        96
22:55:10      7657400   7638172    299960      3.65       452    186428    538888      6.55      8880    399144       104
22:55:15      7657400   7638180    299956      3.65       452    186432    538988      6.55      8880    399560       108
22:55:20      7657400   7638188    299944      3.65       452    186444    538988      6.55      8880    397816        52
22:55:25      7657400   7638192    299932      3.65       452    186456    538988      6.55      8880    398028        68
22:55:30      7658592   7639400    298736      3.63       452    186460    538988      6.55      8880    394680        72
22:55:35      7658844   7639660    298472      3.63       452    186468    538988      6.55      8880    395092        80
22:55:40      7658844   7639668    298460      3.63       452    186480    538988      6.55      8880    395388        96
22:55:45      7658592   7639428    298728      3.63       452    186488    538988      6.55      8880    394544       104
22:55:50      7658592   7639436    298728      3.63       452    186496    538988      6.55      8880    394060        36
22:55:55      7658592   7639444    298720      3.63       452    186504    538988      6.55      8880    394300        48
22:56:00      7658592   7639452    298708      3.63       452    186516    538988      6.55      8880    398112        76
22:56:05      7658592   7639460    298704      3.63       452    186520    538988      6.55      8880    398336        84
22:56:10      7658592   7639472    298692      3.63       452    186532    538988      6.55      8880    399288        96
22:56:15      7658592   7639480    298716      3.63       452    186540    538988      6.55      8880    399584       104
22:56:20      7658592   7639488    298704      3.63       452    186552    538988      6.55      8880    396124        48
22:56:25      7658592   7639500    298696      3.63       452    186560    538988      6.55      8880    394628        60
22:56:30      7658592   7639516    298680      3.63       460    186568    538988      6.55      8888    394916        68
22:56:35      7658592   7639528    298668      3.63       460    186580    538988      6.55      8888    397276        76
22:56:40      7658592   7639536    298652      3.63       460    186592    538988      6.55      8888    397616       104
22:56:45      7658592   7639540    298656      3.63       460    186596    538988      6.55      8888    394284       108
22:56:50      7658592   7639556    298644      3.63       460    186608    538988      6.55      8888    394468       120
22:56:55      7658592   7639560    298640      3.63       460    186612    538988      6.55      8888    394780        48
22:57:00      7658592   7639568    298624      3.63       460    186628    538988      6.55      8888    394788        76
22:57:05      7658592   7639584    298612      3.63       460    186636    538988      6.55      8888    397480        84
22:57:10      7658592   7639580    298624      3.63       460    186640    538988      6.55      8888    394480        88
22:57:15      7658592   7639592    298612      3.63       460    186652    538988      6.55      8888    394708       100
22:57:20      7658592   7639596    298608      3.63       460    186656    538988      6.55      8888    394788       108
22:57:25      7658592   7639608    298596      3.63       460    186668    538988      6.55      8888    394480        44
22:57:30      7632260   7618472    319820      3.89      1192    191140    535160      6.51      9656    422508       156
22:57:35      7628228   7614444    323840      3.94      1192    191144    535160      6.51      9664    428120       156
22:57:40      7632264   7618484    319788      3.89      1192    191156    535160      6.51      9664    414536       168
22:57:45      6434684   7453128    479544      5.83      4676   1216492   7721056     93.89     22156   1574680      1016
22:57:50      6430272   7474640    456076      5.55     22952   1222424   7721056     93.89     40520   1557120      2460
22:57:55      6406160   7469144    459512      5.59     31488   1230420   7721056     93.89     49144   1569148      1440
22:58:00      6371060   7459092    466124      5.67     41424   1242512   7721056     93.89     59308   1583360      3848
22:58:05      6333848   7449140    472244      5.74     51656   1256188   7721056     93.89     69976   1604072      6276
22:58:10      6312428   7455664    461616      5.61     60252   1271708   7721056     93.89     79016   1617180      8896
22:58:15      6238488   7431060    478256      5.82     73672   1300476   7721056     93.89     94128   1659444     13636
22:58:20      6149648   7408924    488792      5.94     89664   1341020   7721056     93.89    111012   1719412     18808
22:58:25      6003656   7353496    528908      6.43    109172   1398304   7721056     93.89    132992   1802940      6520
22:58:30      5871708   7337576    534776      6.50    124596   1471192   7721076     93.89    149944   1905336     17004
22:58:35      5707172   7295716    574164      6.98    138552   1544128   7721332     93.89    164392   2012908     25400
22:58:40      5523920   7184004    684856      8.33    144544   1592796  10872192    132.20    172172   2164284     35120
22:58:45      5180104   7120788    741648      9.02    145264   1866116  14123456    171.74    193460   2426616     36112
22:58:50      5151132   7117408    744696      9.06    145264   1891172  14249104    173.27    193460   2451960     36672
22:58:55      5127452   7120360    741396      9.02    145264   1917304  14344784    174.43    193460   2471684      6488
22:59:00      5098984   7115972    745364      9.06    145264   1941012  14437300    175.55    193460   2491608      7388
22:59:05      5065156   7111460    749448      9.11    145264   1969788  14542328    176.83    193460   2515960      8512
22:59:10      5046116   7117888    742832      9.03    145404   1994512  14639036    178.01    193596   2541508      9336
22:59:15      5019308   7112788    747436      9.09    145956   2015376  14756580    179.44    194128   2555628      3848
22:59:20      5000756   7119088    740796      9.01    145956   2039852  14864156    180.74    194152   2580296      4708
22:59:25      4967688   7115260    744100      9.05    146528   2067548  15024368    182.69    194720   2604044      5720
22:59:30      4949068   7120980    738100      8.98    146528   2091428  15150672    184.23    194724   2623900       820
22:59:35      4915472   7114484    744232      9.05    146528   2117984  15319624    186.28    194724   2643016      1724
22:59:40      4884784   7118640    739720      8.99    146528   2152132  15478492    188.21    194724   2677952      2872
22:59:45      4836620   7114808    742860      9.03    146528   2195668  15639408    190.17    194724   2715912      4428
22:59:50      4797336   7114272    742908      9.03    146528   2233668  15803636    192.17    194724   2755796      5660
22:59:55      4745100   7108108    748340      9.10    146528   2278972  15993204    194.47    194724   2801296      6996
23:00:00      4680608   7110860    744444      9.05    146528   2345168  16238332    197.45    194724   2858920      2200
23:00:05      4629968   7105208    749412      9.11    146528   2389428  16457076    200.11    194724   2904540      3640
23:00:10      4564716   7100496    753340      9.16    146528   2448856  16689224    202.94    194724   2961664      5552
23:00:15      4508536   7096580    756580      9.20    146528   2500088  16917396    205.71    194724   3010820      7236
23:00:20      4441308   7095148    756932      9.20    146528   2564864  17233088    209.55    194724   3070944      9428
23:00:25      4364472   7084304    766840      9.32    146528   2629576  17571416    213.66    194724   3135552     11368
23:00:30      4230956   7073744    775576      9.43    146528   2750388  18050776    219.49    194724   3258164      1784
23:00:35      3998076   7047792    798328      9.71    146528   2953648  18757956    228.09    194724   3462460      9132
23:00:40      3814216   7026348    817296      9.94    146528   3113276  19394400    235.83    194724   3625028     13872
23:00:45      3724688   7016644    825640     10.04    146556   3191748  20166852    245.22    194752   3703820     16412
23:00:50      3723176   7017960    824220     10.02    146572   3194576  20768940    252.54    194788   3703252     16492
23:00:55      3721160   7018568    823696     10.02    146572   3197024  21557780    262.14    194788   3705880     16544
23:01:00      2851572   6962448    879888     10.70    146572   4009192  21834496    265.50    194788   4580688        36
23:01:05      1567964   6891576    950688     11.56    146572   5220312  21834496    265.50    739500   5272632        64
23:01:10      1375084   6686212   1156068     14.06    146568   5206816  21834496    265.50   1046268   4967384        76
23:01:15      1251808   6535876   1306124     15.88    146636   5179032  21834496    265.50   1512976   4496260        92
23:01:20      1332136   6558644   1283432     15.61    146232   5121764  21867396    265.90   4029700   1979752        88
23:01:25      1234872   6470992   1371092     16.67      1156   5280236  21836544    265.53   4307616   1705904       100
23:01:30      1265672   6260352   1581936     19.24      1416   5038268  22885276    278.28   4170284   1843292        88
23:01:35      2320644   7178664    690596      8.40      1612   4901240    538864      6.55   3951544   1166768        72
23:01:40      2443284   7301308    567952      6.91      1612   4901244    538864      6.55   3951548   1165808        80
23:01:45      2537376   7396144    473164      5.75      1612   4901988    538864      6.55   3951780   1166824        92
23:01:50      2588584   7447360    421952      5.13      1612   4901996    538864      6.55   3951780   1167196        96
23:01:55      2656584   7515368    353944      4.30      1612   4902004    538864      6.55   3951780   1167516        84
23:02:00      2709532   7568328    300936      3.66      1612   4902064    538864      6.55   3951780   1167060        72
23:02:05      2705160   7564012    305300      3.71      1612   4902072    538864      6.55   3951780   1169556        28
23:02:10      2707804   7566664    302708      3.68      1612   4902080    538864      6.55   3951780   1169072        40
23:02:15      2707048   7565916    303500      3.69      1612   4902088    538864      6.55   3951780   1169408        56
23:02:20      2701504   7560412    309004      3.76      1620   4902120    538864      6.55   3951796   1169672       104
23:02:25      2701504   7560416    308992      3.76      1620   4902132    538864      6.55   3951796   1169880       116
23:02:30      2702372   7561296    308116      3.75      1620   4902140    538864      6.55   3951796   1169756       124
23:02:35      2703760   7562696    306720      3.73      1620   4902148    538864      6.55   3951776   1172624        92
23:02:40      2706860   7565800    303660      3.69      1620   4902156    538864      6.55   3951776   1169812        40
23:02:45      2663668   7528360    341328      4.15      2312   4907220    535160      6.51   3953448   1198436       148
23:02:50      2667076   7532168    337576      4.10      2312   4907624    535160      6.51   3953464   1198928       176
23:02:55      2662456   7527580    342168      4.16      2316   4907648    535160      6.51   3953468   1208800       192
23:03:00      1510744   7060560    781652      9.50      5240   5589432  17637588    214.47   4989140   1042476       212
23:03:05      1416880   6873168    968984     11.78      5188   5496184  17670368    214.87   4538248   1501612       200
23:03:10      1439680   6851964    990236     12.04      1388   5455968  17639520    214.49   4650616   1399032        76
23:03:15      2261632   7367920    501780      6.10      1960   5150120    535160      6.51   4038620   1358948       188
23:03:20      2325672   7431976    437744      5.32      1960   5150136    535160      6.51   4038628   1358084       188
23:03:25      2420264   7527428    342512      4.16      1964   5150992    535160      6.51   4039360   1345832       216
23:03:30      2405632   7512820    357128      4.34      1972   5151008    535160      6.51   4039424   1359660       228
23:03:35      2433404   7540628    329364      4.00      1972   5151044    535160      6.51   4039504   1361712       224
23:03:40      2426088   7533700    336292      4.09      2060   5151336    535160      6.51   4039592   1361760       104
23:03:45      2435440   7543060    327036      3.98      2060   5151344    535160      6.51   4039592   1348232       108
23:03:50      2435496   7543208    326888      3.97      2060   5151436    535160      6.51   4039676   1348212       120
23:03:55      2428148   7538876    331288      4.03      2412   5154108    554532      6.74   4041208   1360000       228
23:04:00      2428148   7538900    331272      4.03      2412   5154124    554532      6.74   4041220   1357976       244
23:04:05      2428148   7538908    331264      4.03      2412   5154132    554532      6.74   4041340   1354736       216
23:04:10      2432484   7543256    326920      3.98      2412   5154140    535160      6.51   4041328   1348348       248
23:04:15      2434900   7545684    324500      3.95      2412   5154152    535160      6.51   4041328   1348924        76
23:04:20      2434648   7545436    324744      3.95      2412   5154160    535160      6.51   4041340   1348160        92
23:04:25      2428220   7544056    326264      3.97      3012   5158604    537684      6.54   4042420   1354208       212
23:04:30      2408284   7524308    346024      4.21      3012   5158784    533852      6.49   4042444   1367136       232
23:04:35      2410260   7526316    344020      4.18      3012   5158812    533852      6.49   4042444   1367092       232
23:04:40      2401668   7519444    350896      4.27      3156   5160388    533852      6.49   4044848   1371364       320
23:04:45      2410896   7528688    341648      4.15      3156   5160408    533852      6.49   4044848   1365896       340
23:04:50      2414340   7532164    338180      4.11      3156   5160436    533852      6.49   4044864   1366240       100
23:04:55      2402000   7543128    327200      3.98      3156   5183752   1606800     19.54   4054344   1389716       196
23:05:00      1546136   7308848    558964      6.80     63644   5743380   7721044     93.89   4295788   1952348       272
23:05:05      1418488   6744052   1098212     13.35     65156   5304212  21835744    265.52   4421060   1612468       296
23:05:10      1394368   6657844   1184284     14.40     65148   5242392  21835744    265.52   4324644   1712240       332
23:05:15      1439164   6645316   1196892     14.55      1656   5250052  21868600    265.92   4147216   1888596       376
23:05:20      1343812   6220232   1621900     19.72      1620   4920524  22886480    278.29   3991244   2046520       260
23:05:25      1380636   6172476   1669744     20.30      1816   4835656  22886768    278.30   3892932   2147724       100
23:05:30      1455676   6204408   1637788     19.92      1816   4792600  22886768    278.30   3786584   2254684       152
23:05:35      1493924   6206636   1635640     19.89      1948   4756368  22886768    278.30   3736348   2305768       164
23:05:40      1516412   6194616   1647648     20.03      1948   4721876  22886768    278.30   3724016   2318908       220
23:05:45      1522236   6178564   1663612     20.23      1948   4700088  22886768    278.30   3724600   2317148       268
23:05:50      1540000   6162120   1680036     20.43      1948   4665896  22886768    278.30   3699004   2337144       244
23:05:55      1539872   6127732   1714516     20.85      1948   4631544  22886768    278.30   3630280   2406120       172
23:06:00      1539504   6101764   1740368     21.16      1948   4606048  22886768    278.30   3617224   2418408       124
23:06:05      1537316   6082564   1759628     21.40      1948   4588976  22886768    278.30   3591084   2441368       180
23:06:10      1539612   6053472   1788812     21.75      1948   4557492  22886856    278.30   3526308   2507064       180
23:06:15      1533808   6012052   1830060     22.25      1948   4522052  22886856    278.30   3500932   2534068       236
23:06:20      1533988   5982820   1859316     22.61      1948   4492616  22886856    278.30   3437816   2596440       280
23:06:25      1534824   5955272   1886812     22.94      1948   4464284  22886856    278.30   3414756   2617868       288
23:06:30      1532480   5938848   1903380     23.14      1952   4450056  22886856    278.30   3390276   2644828       104
23:06:35      1533928   5927488   1914740     23.28      1952   4437248  22886856    278.30   3377984   2656832       156
23:06:40      1533388   5904376   1937804     23.56      1952   4414720  22886856    278.30   3341416   2691696       172
23:06:45      1532556   5863508   1978704     24.06      1952   4374660  22886856    278.30   3269364   2761988       232
23:06:50      1546068   5847040   1995088     24.26      1952   4344764  22886856    278.30   3245620   2786532       276
23:06:55      1549632   5826800   2015344     24.51      1952   4320996  22886856    278.30   3210204   2813508       324
23:07:00      1548128   5805800   2036408     24.76      1952   4301436  22886856    278.30   3187372   2837712       104
23:07:05      1546560   5791332   2050880     24.94      1952   4288532  22886856    278.30   3176492   2847692       148
23:07:10      1547660   5785728   2056504     25.01      1952   4281808  22886856    278.30   3176512   2849004       172
23:07:15      1544180   5742936   2099264     25.53      1952   4242528  22886856    278.30   3108856   2913536       216
23:07:20      1545104   5710748   2131548     25.92      1952   4209320  22886888    278.30   3064704   2956208       272
23:07:25      1543152   5681360   2160900     26.28      1952   4181920  22886888    278.30   3031964   2993192       320
23:07:30      1544044   5655200   2187080     26.59      1952   4154848  22886888    278.30   3010720   3012912       308
23:07:35      1543088   5633880   2208520     26.86      1952   4134360  22886888    278.30   3000192   3023592        88
23:07:40      1548612   5622152   2220080     27.00      1952   4117276  22886888    278.30   2967784   3050088       140
23:07:45      1540796   5607876   2234352     27.17      1952   4110820  22886888    278.30   2957532   3066348       160
23:07:50      1543536   5598712   2243516     27.28      1952   4098912  22886888    278.30   2949028   3073248       196
23:07:55      1545608   5594276   2247952     27.33      1952   4092404  22886888    278.30   2949520   3071668       244
23:08:00      1545508   5587392   2254836     27.42      1952   4085620  22886888    278.30   2939020   3085952       260
23:08:05      1542556   5549180   2292924     27.88      1952   4050484  22886888    278.30   2882808   3142028        92
23:08:10      1544836   5520624   2321488     28.23      1952   4019640  22886888    278.30   2852952   3173936       140
23:08:15      1542736   5491216   2350972     28.59      1952   3992384  22886888    278.30   2848656   3178100       176
23:08:20      1547436   5468716   2373516     28.86      1952   3965140  22886888    278.30   2811416   3213128       184
23:08:25      1545952   5447828   2394400     29.12      1952   3945740  22886888    278.30   2803320   3219240       248
23:08:30      1547764   5427748   2414436     29.36      1952   3923892  22886888    278.30   2795444   3228100       232
23:08:35      1543596   5408396   2433728     29.59      1952   3908768  22886888    278.30   2777412   3247632        56
23:08:40      1545888   5397944   2444168     29.72      1952   3896036  22886888    278.30   2758208   3266840       120
23:08:45      1548312   5390772   2451344     29.81      1952   3886436  22886888    278.30   2758528   3265576       172
23:08:50      1543384   5382444   2459776     29.91      1952   3882932  22886888    278.30   2748568   3278096       216
23:08:55      1544832   5377084   2465144     29.98      1952   3876116  22886888    278.30   2738676   3284788       216
23:09:00      1549908   4924104   2917576     35.48      1952   3419892  22923360    278.74   2706548   3316716       280
23:09:05      1545424   4516112   3326068     40.44      1952   3016712  22923360    278.74   2274876   3756676        88
23:09:10      1870412   4756692   3085616     37.52      1952   2932180  22923360    278.74   2206568   3512940       100
23:09:15      1589172   4484548   3357744     40.83      1952   2941288  22923360    278.74   2214880   3788248       152
23:09:20      2108240   4865796   2976420     36.19      1952   2803572  22923360    278.74   2083080   3382980       204
23:09:25      1662104   4831596   3010564     36.61      1952   3215556  22923360    278.74   2384420   3517856       256
23:09:30      1559120   4730156   3112140     37.84      2080   3215744  22955028    279.13   2336400   3517692     62812
23:09:35      4199728   7378304    490956      5.97      2424   3223044    534028      6.49   2338448   1112856     63540
23:09:40      4281440   7460176    409272      4.98      2424   3223092    534028      6.49   2338520   1132912     63456
23:09:45      4312500   7491596    378060      4.60      2432   3223444    534028      6.49   2338484   1135540     63308
23:09:50      4357728   7536852    332812      4.05      2432   3223464    534028      6.49   2338500   1127712     63328
23:09:55      4376620   7555768    313900      3.82      2432   3223488    534028      6.49   2338500   1127360     63348
23:10:00      3674488   7384524    479760      5.83     26548   3729644  13288896    161.59   2561872   1558924     63848
23:10:05      3005316   7139544    723428      8.80     26556   4153772  14819596    180.20   2722496   2056212      1400
23:10:10      2966540   7103120    759932      9.24     26556   4156080  14822748    180.24   2723072   2071056      2356
23:10:15      2966540   7103176    759876      9.24     26556   4156136  14822812    180.24   2723072   2072700      2252
23:10:20      2966540   7103220    759828      9.24     26556   4156184  14822812    180.24   2723072   2073296      2304
23:10:25      2966036   7102772    760272      9.24     26556   4156240  14822812    180.24   2723072   2068212      2360
23:10:30      2961204   7097992    765052      9.30     26556   4156292  14822812    180.24   2723072   2072988      2416
23:10:35      2960448   7097280    765752      9.31     26556   4156348  14822812    180.24   2723072   2074084      2032
23:10:40      3377860   7515916    351812      4.28     26560   4157504   4572240     55.60   2934420   1510372      1432
23:10:45      3021620   7161288    701320      8.53     26564   4159088  14821948    180.23   3285800   1385836      2404
23:10:50      2949020   7089692    772788      9.40     26568   4160048  14821908    180.23   3294508   1408628      3172
23:10:55      3339544   7480680    388928      4.73     26688   4160388   3782516     45.99   3294740   1140180      3520
23:11:00      3005440   7147532    714992      8.69     26688   4161316  14821948    180.23   3294980   1416888      4264
23:11:05      3178332   7321580    541084      6.58     26688   4162452  13779552    167.56   3295400   1312796      4964
23:11:10      3017604   7161304    701312      8.53     26688   4162900  14822856    180.24   3295464   1458196      5316
23:11:15      3019420   7163348    699252      8.50     26828   4162980  14822856    180.24   3295604   1445580      3400
23:11:20      3019420   7163408    699200      8.50     26828   4163032  14822856    180.24   3295604   1446352      2324
23:11:25      3017404   7161444    701160      8.53     26828   4163084  14822856    180.24   3295604   1448984      2148
23:11:30      3056200   7201520    661180      8.04     26828   4164364  14821068    180.22   3296100   1395460      2400
23:11:35      3004680   7150480    712240      8.66     26828   4164812  14822936    180.24   3296172   1448580      2620
23:11:40      3004680   7150524    712192      8.66     26828   4164868  14822936    180.24   3296172   1439400      2044
23:11:45      3009072   7155052    707672      8.61     26828   4164988  14822936    180.24   3296172   1440240      1336
23:11:50      3009140   7155172    707552      8.60     26828   4165040  14822936    180.24   3296172   1440776      1288
23:11:55      3060072   7207400    655156      7.97     26832   4166308  14821068    180.22   3296600   1416852      2172
23:12:00      3033392   7181200    681356      8.29     26832   4166756  14822932    180.24   3296600   1427452      2300
23:12:05      3033392   7181252    681300      8.28     26832   4166812  14822932    180.24   3296664   1427804      1912
23:12:10      3034352   7182264    680288      8.27     26832   4166864  14822932    180.24   3296664   1425784      1568
23:12:15      3034352   7182320    680228      8.27     26832   4166920  14822932    180.24   3296664   1426784      1280
23:12:20      3082484   7234100    628776      7.65     26832   4170528  14821416    180.22   3299400   1368680      2216
23:12:25      3062004   7213800    649068      7.89     26832   4170712  14822044    180.23   3299452   1387964      1416
23:12:30      2918448   7070308    792556      9.64     26832   4170768  14835012    180.39   3299452   1560840      1072
23:12:35      3014544   7167876    694980      8.45     26832   4172212  14855544    180.64   3299452   1435572      2516
23:12:40      3014544   7167928    694928      8.45     26832   4172264  14855544    180.64   3299452   1435560      2572
23:12:45      3014040   7167476    695372      8.46     26832   4172316  14855544    180.64   3299452   1436560      2276
23:12:50      3013788   7167288    695572      8.46     26832   4172368  14855544    180.64   3299452   1436964      1584
23:12:55      3013536   7167088    695772      8.46     26832   4172420  14855544    180.64   3299452   1436916      1636
23:13:00      3013536   7167144    695716      8.46     26832   4172472  14855544    180.64   3299452   1431096      1612
23:13:05      3013536   7167196    695664      8.46     26832   4172524  14855544    180.64   3299452   1433912       396
23:13:10      3013536   7167248    695604      8.46     26832   4172580  14855544    180.64   3299460   1434180       340
23:13:15      3013536   7167300    695548      8.46     26832   4172632  14855544    180.64   3299460   1434740       388
23:13:20      3257056   7415376    452232      5.50     26832   4177168  10869544    132.17   3303236   1249792       916
23:13:25      3053912   7212284    650708      7.91     26832   4177224  14821760    180.23   3303320   1384004       972
23:13:30      3033644   7192072    670908      8.16     26832   4177284  14822380    180.24   3303320   1402508       980
23:13:35      2983224   7141712    721280      8.77     26832   4177332  14825520    180.27   3303320   1454416       984
23:13:40      2573188   6731720   1131260     13.76     26832   4177388  14855720    180.64   3303320   1872924      1044
23:13:45      2998412   7158800    704192      8.56     26832   4179228  14873436    180.86   3303320   1424936      2884
23:13:50      3016772   7177356    685628      8.34     26832   4179376  14873436    180.86   3303320   1425988      2924
23:13:55      3016244   7176900    686084      8.34     26840   4179440  14873436    180.86   3303336   1426464      2080
23:14:00      3016748   7177468    685524      8.34     26840   4179492  14873436    180.86   3303336   1421956      2096
23:14:05      3016748   7177512    685468      8.34     26840   4179548  14873436    180.86   3303336   1424408      2156
23:14:10      3016748   7177564    685420      8.33     26840   4179596  14873436    180.86   3303336   1424680      2164
23:14:15      3016748   7177760    685232      8.33     26840   4179780  14873436    180.86   3303336   1425880      2224
23:14:20      3016748   7177824    685168      8.33     26844   4179840  14873436    180.86   3303340   1426204       304
23:14:25      3016748   7177876    685116      8.33     26844   4179892  14873436    180.86   3303340   1426484       144
23:14:30      3016748   7177928    685060      8.33     26844   4179944  14873436    180.86   3303340   1422624       196
23:14:35      3016748   7177988    685004      8.33     26844   4180000  14873436    180.86   3303340   1425072       184
23:14:40      3016748   7178032    684952      8.33     26844   4180052  14873436    180.86   3303340   1425364       244
23:14:45      3016748   7178100    684896      8.33     26844   4180108  14873436    180.86   3303340   1425888       264
23:14:50      3016748   7178148    684848      8.33     26844   4180156  14873436    180.86   3303340   1427376       268
23:14:55      3016748   7178188    684792      8.33     26844   4180212  14873436    180.86   3303340   1427576       112
23:15:00      3016748   7178256    684736      8.33     26844   4180260  14873436    180.86   3303340   1423384       172
23:15:05      3016748   7178296    684680      8.33     26844   4180316  14873436    180.86   3303340   1423444       172
23:15:10      3016748   7178368    684624      8.32     26844   4180372  14873436    180.86   3303340   1423728       224
23:15:15      3060412   7226624    636144      7.74     26844   4184924  14821376    180.22   3307076   1378972      1124
23:15:20      3039932   7206204    656564      7.98     26844   4184984  14821996    180.23   3307076   1403476      1048
23:15:25      3035836   7202152    660608      8.03     26844   4185032  14822628    180.24   3307076   1407468       880
23:15:30      2834512   7000880    861876     10.48     26844   4185088  14835844    180.40   3307076   1619544       936
23:15:35      2434328   6600752   1262008     15.35     26844   4185140  14864252    180.75   3307076   2017412       936
23:15:40      2999272   7167652    695112      8.45     26844   4187044  14870844    180.83   3307076   1424840      2864
23:15:45      3012644   7181072    681684      8.29     26844   4187096  14870844    180.83   3307076   1424756      2164
23:15:50      3013544   7182028    680732      8.28     26844   4187148  14870844    180.83   3307076   1422124      2124
23:15:55      3013544   7182084    680676      8.28     26844   4187204  14870844    180.83   3307076   1422408      2152
23:16:00      3013544   7182144    680612      8.28     26844   4187264  14870844    180.83   3307076   1425216      1980
23:16:05      3013544   7182204    680564      8.28     26844   4187312  14870844    180.83   3307076   1427736      1972
23:16:10      3013544   7182260    680508      8.27     26844   4187368  14870844    180.83   3307084   1425180       192
23:16:15      3013544   7182304    680456      8.27     26844   4187416  14870844    180.83   3307084   1425360       240
23:16:20      3013544   7182368    680400      8.27     26844   4187472  14870844    180.83   3307084   1426468       296
23:16:25      3013544   7182420    680348      8.27     26844   4187524  14870844    180.83   3307084   1423044       292
23:16:30      3013544   7182480    680288      8.27     26848   4187576  14870844    180.83   3307084   1423076       124
23:16:35      3013544   7182536    680224      8.27     26848   4187640  14870844    180.83   3307088   1425656       164
23:16:40      3013544   7182576    680172      8.27     26848   4187688  14870844    180.83   3307088   1426144       220
23:16:45      3013544   7182640    680112      8.27     26848   4187744  14870844    180.83   3307088   1426428       216
23:16:50      3013544   7182696    680060      8.27     26848   4187796  14870844    180.83   3307088   1427212       268
23:16:55      3013544   7182748    680008      8.27     26848   4187848  14870844    180.83   3307088   1427516       276
23:17:00      2994980   7164412    698360      8.49     26848   4188064  14867012    180.78   3307308   1439240       428
23:17:05      3020336   7194568    668132      8.12     26852   4192824  14817504    180.18   3311308   1412064      1076
23:17:10      3012144   7186420    676268      8.22     26852   4192868  14822000    180.23   3311324   1415480      1116
23:17:15      2993224   7167544    695128      8.45     26852   4192916  14822604    180.24   3311324   1441584      1108
23:17:20      2896468   7070840    791836      9.63     26852   4192964  14828528    180.31   3311324   1538540      1160
23:17:25      2462228   6636652   1226024     14.91     26852   4193016  14861828    180.72   3311324   1986648      1212
23:17:30      2292956   6469432   1393244     16.94     26852   4195016  14878340    180.92   3311324   2152968      3052
23:17:35      2948076   7124608    738068      8.97     26852   4195068  14878340    180.92   3311324   1504640      2928
23:17:40      2948380   7124956    737720      8.97     26852   4195112  14878340    180.92   3311324   1496148      2196
23:17:45      2948380   7125000    737664      8.97     26852   4195160  14878340    180.92   3311324   1496328      2200
23:17:50      2948884   7125560    737104      8.96     26852   4195212  14878340    180.92   3311324   1496748      2248
23:17:55      2948884   7125608    737060      8.96     26852   4195256  14878340    180.92   3311324   1496192      2292
23:18:00      2948884   7125660    737008      8.96     26852   4195308  14878340    180.92   3311324   1496364      2224
23:18:05      2948884   7125708    736964      8.96     26852   4195352  14878340    180.92   3311324   1496624       328
23:18:10      2948884   7125832    736908      8.96     26852   4195472  14878340    180.92   3311324   1501236       172
23:18:15      2948884   7125876    736860      8.96     26852   4195520  14878340    180.92   3311324   1502468       128
23:18:20      2948884   7125932    736808      8.96     26852   4195568  14878340    180.92   3311324   1503572       180
23:18:25      2948884   7125976    736760      8.96     26852   4195616  14878340    180.92   3311324   1501080       232
23:18:30      2948884   7126020    736712      8.96     26852   4195664  14878340    180.92   3311324   1497316       220
23:18:35      2948884   7126068    736664      8.96     26852   4195712  14878340    180.92   3311324   1497660       272
23:18:40      2948884   7126120    736608      8.96     26852   4195764  14878340    180.92   3311324   1500276       152
23:18:45      2948884   7126176    736564      8.96     26852   4195808  14878340    180.92   3311324   1500740       196
23:18:50      2948884   7126212    736512      8.96     26852   4195860  14878340    180.92   3311324   1501724       148
23:18:55      2948884   7126276    736464      8.96     26852   4195904  14878340    180.92   3311324   1502152       196
23:19:00      2948884   7126316    736412      8.95     26852   4195956  14878340    180.92   3311324   1498008       200
23:19:05      3270868   7452556    413452      5.03     26852   4200192   6670364     81.11   3311316   1227560       672
23:19:10      3042408   7224720    638076      7.76     26852   4200788  14821676    180.23   3315176   1408244       980
23:19:15      3021928   7204296    658484      8.01     26852   4200840  14822304    180.24   3315260   1433984      1032
23:19:20      2991872   7174292    688496      8.37     26852   4200884  14824660    180.26   3315268   1466296      1032
23:19:25      2644368   6826832   1035948     12.60     26852   4200936  14850004    180.57   3315268   1825852      1044
23:19:30      2321356   6503880   1358908     16.52     26852   4200984  14874896    180.87   3315268   2140708      1096
23:19:35      2959448   7144020    718760      8.74     26852   4202988  14877868    180.91   3315268   1494820      2684
23:19:40      2959448   7144076    718712      8.74     26852   4203036  14877868    180.91   3315268   1496744      2096
23:19:45      2955352   7140028    722748      8.79     26852   4203084  14877868    180.91   3315268   1497904      2148
23:19:50      2955352   7140076    722696      8.79     26852   4203132  14877868    180.91   3315268   1498148      2200
23:19:55      2955352   7140128    722644      8.79     26852   4203184  14877868    180.91   3315268   1500112      2192
23:20:00      2955352   7140164    722600      8.79     26852   4203228  14877868    180.91   3315268   1496180      2240
23:20:05      2955352   7140232    722544      8.79     26852   4203280  14877868    180.91   3315268   1496604       228
23:20:10      2955352   7140268    722500      8.79     26852   4203324  14877868    180.91   3315268   1498992       284
23:20:15      2955352   7140328    722448      8.78     26852   4203376  14877868    180.91   3315268   1499456       332
23:20:20      2955352   7140368    722412      8.78     26852   4203420  14877868    180.91   3315268   1499692       168
23:20:25      2955352   7140416    722364      8.78     26852   4203468  14877868    180.91   3315268   1500704       156
23:20:30      2955352   7140464    722312      8.78     26852   4203520  14877868    180.91   3315268   1496736       212
23:20:35      2955352   7140524    722260      8.78     26852   4203564  14877868    180.91   3315268   1497236       216
23:20:40      2955352   7140564    722208      8.78     26852   4203616  14877868    180.91   3315268   1500280       248
23:20:45      2955352   7140744    722036      8.78     26852   4203788  14877868    180.91   3315268   1500860       292
23:20:50      2955352   7140788    721984      8.78     26852   4203840  14877868    180.91   3315268   1501272       160
23:20:55      2955352   7140844    721932      8.78     26852   4203888  14877868    180.91   3315268   1502380       208
23:21:00      2955352   7140888    721880      8.78     26852   4203936  14877868    180.91   3315268   1496656       188
23:21:05      2955352   7140948    721832      8.78     26852   4203984  14877868    180.91   3315268   1497136       232
23:21:10      3039748   7229860    633192      7.70     26852   4208484  14821516    180.23   3318864   1401044      1072
23:21:15      3013156   7203328    659724      8.02     26852   4208532  14822136    180.23   3318908   1426896      1124
23:21:20      2991040   7181244    681792      8.29     26852   4208580  14824152    180.26   3318908   1451716       984
23:21:25      2651176   6841436   1021608     12.42     26852   4208628  14848804    180.56   3318908   1789120      1032
23:21:30      2954964   7147076    715976      8.71     26852   4210468  14870704    180.82   3318908   1498520      2820
23:21:35      2964288   7156532    706520      8.59     26852   4210540  14870704    180.82   3318908   1483220      2892
23:21:40      2960004   7152300    710752      8.64     26852   4210592  14870704    180.82   3318908   1485616      2080
23:21:45      2955908   7148260    714780      8.69     26852   4210644  14870704    180.82   3318908   1486004      2088
23:21:50      2955908   7148300    714736      8.69     26852   4210688  14870704    180.82   3318908   1486376      1960
23:21:55      2955908   7148356    714684      8.69     26852   4210740  14870704    180.82   3318908   1486520      2012
23:22:00      2955908   7148396    714636      8.69     26852   4210784  14870704    180.82   3318908   1484112      2004
23:22:05      2955908   7148456    714584      8.69     26852   4210836  14870704    180.82   3318908   1484524       248
23:22:10      2955908   7148496    714536      8.69     26852   4210884  14870704    180.82   3318908   1485444       224
23:22:15      2955908   7148544    714484      8.69     26852   4210932  14870704    180.82   3318908   1485772       272
23:22:20      2954144   7146824    716200      8.71     26852   4210980  14870704    180.82   3318908   1488456       324
23:22:25      2954144   7146876    716148      8.71     26852   4211028  14870704    180.82   3318908   1489612       164
23:22:30      2954144   7146928    716100      8.71     26852   4211076  14870704    180.82   3318908   1483480       152
23:22:35      2954144   7146992    716052      8.71     26852   4211128  14870704    180.82   3318908   1485784       204
23:22:40      2954144   7147028    716008      8.71     26852   4211172  14870704    180.82   3318908   1486180       180
23:22:45      2954144   7147076    715956      8.71     26852   4211224  14870704    180.82   3318908   1488724       232
23:22:50      2954144   7147128    715908      8.71     26852   4211268  14870704    180.82   3318908   1489064       288
23:22:55      3015612   7209484    653208      7.94     26852   4212124  14833968    180.38   3318924   1427284       960
23:23:00      2982844   7176768    685916      8.34     26852   4212176  14836404    180.41   3318948   1455124      1020
23:23:05      2966460   7160432    702256      8.54     26852   4212220  14837868    180.42   3318948   1473304      1000
23:23:10      2950076   7144096    718588      8.74     26852   4212272  14839056    180.44   3318948   1491160      1056
23:23:15      2941884   7135956    726736      8.84     26852   4212316  14840088    180.45   3318948   1506340       984
23:23:20      2929596   7123708    738968      8.99     26852   4212368  14841008    180.46   3318948   1519708      1048
23:23:25      2921404   7115576    747116      9.08     26852   4212412  14841812    180.47   3318948   1529680       160
23:23:30      2841532   7035744    826936     10.06     26852   4212464  14845616    180.52   3318948   1611672       216
23:23:35      2780092   6974368    888324     10.80     26852   4212512  14848680    180.56   3318948   1675736       172
23:23:40      3252936   7448700    419212      5.10     26856   4213992   7719084     93.86   3327668   1230672       344
23:23:45      3049972   7247356    615384      7.48     26856   4215600  14839064    180.44   3328228   1393600       880
23:23:50      3037432   7234884    627852      7.63     26856   4215672  14839064    180.44   3328324   1403716       924
23:23:55      3025144   7222696    640044      7.78     26856   4215768  14839588    180.45   3328332   1417164       840
23:24:00      3021048   7218644    644088      7.83     26856   4215816  14839680    180.45   3328332   1420352       700
23:24:05      3012856   7210496    652232      7.93     26856   4215864  14839680    180.45   3328332   1428800       716
23:24:10      2985480   7388312    479012      5.82     31508   4416656   7721064     93.89   3336508   1478508       944
23:24:15      2395792   7169528    694996      8.45    116036   4697576  13158268    160.00   3421288   1962344      6708
23:24:20      1363212   6665080   1176832     14.31    116036   5227848  21912928    266.46   4274092   1746288        44
23:24:25      1392580   6614136   1227668     14.93    115840   5147828  21945708    266.85   4283376   1736580       100
23:24:30      1280832   6502588   1339472     16.29      2132   5265004  21945708    266.85   4231120   1788876       148
23:24:35      1325568   6312040   1530116     18.61      2132   5029620  21914880    266.48   3968644   2052984       200
23:24:40      2170236   7147376    721528      8.77      2516   5019832    537908      6.54   4185328   1057120       480
23:24:45      2257344   7235028    633916      7.71      2516   5020412    537908      6.54   4185844   1059436       504
23:24:50      2346276   7324024    544952      6.63      2516   5020444    537908      6.54   4185884   1059680       460
23:24:55      2422088   7399872    469112      5.70      2516   5020472    537908      6.54   4185760   1061152       200
23:25:00      2476536   7454356    414668      5.04      2516   5020504    537908      6.54   4185760   1057952       240
23:25:05      2517104   7494944    374084      4.55      2516   5020528    537908      6.54   4185760   1058164       264
23:25:10      2574156   7552028    317000      3.85      2516   5020560    537908      6.54   4185744   1058592       180
23:25:15      2572212   7550112    318880      3.88      2516   5020624    537908      6.54   4185752   1059968       212
23:25:20      2571456   7549416    319608      3.89      2516   5020652    537908      6.54   4185776   1060236       172
23:25:25      2571960   7549920    319076      3.88      2516   5020680    537908      6.54   4185776   1059676       200
23:25:30      2583688   7561712    307320      3.74      2516   5020708    537908      6.54   4185776   1057092        36
23:25:35      2583688   7561728    307328      3.74      2516   5020740    537908      6.54   4185776   1057316        80
23:25:40      2582932   7561012    308052      3.75      2516   5020772    537908      6.54   4185776   1057772       124
23:25:45      2577388   7555500    313596      3.81      2516   5020796    537908      6.54   4185776   1060200       148
23:25:50      2577752   7555888    313200      3.81      2516   5020828    537908      6.54   4185732   1060404       136
23:25:55      2577752   7555904    313172      3.81      2516   5020860    537908      6.54   4185732   1060716       184
23:26:00      2577248   7555456    313640      3.81      2516   5020892    537908      6.54   4185732   1058572       216
23:26:05      2577248   7555484    313612      3.81      2516   5020920    537908      6.54   4185732   1058740       128
23:26:10      2549864   7533552    335716      4.08      2832   5026060    534080      6.49   4186812   1078888       168
23:26:15      2539624   7523348    345916      4.21      2832   5026096    534080      6.49   4186852   1094592       204
23:26:20      2523148   7507720    361672      4.40      2976   5026796    534080      6.49   4187596   1103528       244
23:26:25      2499620   7484224    385188      4.68      2976   5026828    534080      6.49   4187848   1131032       240
23:26:30      2537904   7522532    346884      4.22      2976   5026852    534080      6.49   4187848   1095348       260
23:26:35      2529688   7514340    355072      4.32      2976   5026880    534080      6.49   4187848   1101600       292
23:26:40      1945208   7203904    638212      7.76      5132   5298896  15300148    186.05   4315076   1363500       232
23:26:45      1941428   7203680    638448      7.76      5300   5302080  18876724    229.54   4315376   1367332       316
23:26:50      1946688   7211352    630700      7.67      5580   5304160  20295280    246.79   4315620   1350692       412
23:26:55      1943916   7210792    631232      7.68      5716   5306160  21099588    256.57   4315768   1352684       216
23:27:00      1943664   7212732    629352      7.65      5852   5308024  21747568    264.44   4315924   1349596       320
23:27:05      1943664   7215380    626704      7.62      5988   5310420  22477020    273.31   4316052   1352292       420
23:27:10      1683660   7149424    692316      8.42      6232   5504236  23210396    282.23   4454316   1475616       308
23:27:15      1419020   6953424    888452     10.80      6232   5572696  23210396    282.23   4580240   1455424       320
23:27:20      1480580   6941880    899840     10.94      6164   5499816  23243176    282.63   4636292   1406436       376
23:27:25      1485984   6924536    917112     11.15      2116   5481228  23212328    282.26   4434528   1612524       188
23:27:30      2237316   7493092    375584      4.57      2708   5297784    534080      6.49   4279944   1271548       336
23:27:35      2253772   7509696    358976      4.37      2840   5297804    534080      6.49   4280076   1272108       356
23:27:40      2274300   7530516    338160      4.11      3104   5297828    534080      6.49   4280236   1256992       188
23:27:45      2170496   7503076    365820      4.45      4932   5371720    572608      6.96   4304740   1346144     25724
23:27:50      2097224   7466512    402604      4.90      6568   5406064    554368      6.74   4318720   1358048     35236
23:27:55      2085788   7468212    400928      4.88      6744   5418852    592284      7.20   4321352   1403200     38680
23:28:00      2054556   7437020    432116      5.25      6744   5418892    630772      7.67   4321352   1444292     38348
23:28:05      2006172   7388684    480452      5.84      6744   5418936    682104      8.29   4321352   1495464     38388
23:28:10      1968388   7445668    423372      5.15      6840   5510888    583400      7.09   4324856   1466856    124956
23:28:15      1924904   7402264    466780      5.68      6840   5510968    651028      7.92   4324912   1548536    124976
23:28:20      1471820   7291104    575756      7.00     39296   5819204   7717368     93.84   4581952   1714936    120924
23:28:25      1722284   7424292    442412      5.38     81804   5653612   4463140     54.27   4610532   1401588    118016
23:28:30      1448392   6990204    851060     10.35     82648   5495872  23212240    282.25   4706016   1355596        56
23:28:35      1461792   6915276    926100     11.26     82596   5407476  23245020    282.65   4642716   1419108       100
23:28:40      1369208   6831700   1009540     12.28      2696   5498892  23214172    282.28   4545620   1484584       156
23:28:45      1940480   7202700    665540      8.09      2908   5298176    557776      6.78   4267332   1278208       212
23:28:50      1886188   7235308    633000      7.70      3480   5384868    538984      6.55   4267948   1358572       600
23:28:55      2003736   7352872    515420      6.27      3480   5384900    538984      6.55   4267948   1358788       632
23:29:00      2077560   7426740    441612      5.37      3480   5384928    538984      6.55   4268024   1359456       100
23:29:05      2126104   7475304    393040      4.78      3480   5384956    538984      6.55   4267912   1359868        88
23:29:10      2161920   7511156    357192      4.34      3480   5384988    538984      6.55   4267892   1356604       120
23:29:15      2171468   7520728    347620      4.23      3480   5385016    538984      6.55   4267872   1357348       148
23:29:20      2170080   7519360    348980      4.24      3480   5385044    538984      6.55   4267872   1359836       184
23:29:25      2170456   7519768    348576      4.24      3480   5385072    538984      6.55   4267872   1359320       212
23:29:30      2169668   7519012    349336      4.25      3480   5385100    538984      6.55   4267872   1359352       128
23:29:35      2169416   7518776    349560      4.25      3480   5385128    538984      6.55   4267872   1359672        96
23:29:40      2177716   7527052    341316      4.15      3480   5385160    538984      6.55   4267872   1356020       132
23:29:45      2177372   7526740    341628      4.15      3480   5385192    538984      6.55   4267872   1356224       132
23:29:50      2175332   7524744    343644      4.18      3480   5385216    538984      6.55   4267872   1358964       152
23:29:55      2174828   7524260    344116      4.18      3480   5385248    538984      6.55   4267872   1359124       184
23:30:00      2174576   7524040    344348      4.19      3480   5385276    538984      6.55   4267872   1359504       224
23:30:05      2174324   7523812    344568      4.19      3480   5385308    538984      6.55   4267872   1359796       220
23:30:10      2177608   7527136    341256      4.15      3480   5385336    538984      6.55   4267876   1356464       100
23:30:15      2177084   7526640    341752      4.16      3480   5385364    538984      6.55   4267876   1356380        92
23:30:20      2175944   7525500    342896      4.17      3480   5385392    538984      6.55   4267876   1358396       128
23:30:25      2177080   7526684    341732      4.16      3480   5385420    538984      6.55   4267876   1356044       156
23:30:30      2177332   7526972    341464      4.15      3480   5385448    538984      6.55   4267876   1356480       184
23:30:35      2177332   7527000    341432      4.15      3480   5385480    538984      6.55   4267876   1356888       176
23:30:40      2177100   7526784    341636      4.15      3480   5385508    538984      6.55   4267876   1356816        92
23:30:45      2177080   7526804    341632      4.15      3480   5385540    538984      6.55   4267876   1357108       124
23:30:50      3440620   7531724    336908      4.10       176   4140464    538984      6.55   3210280   1170016       112
23:30:55      7429312   7531244    337756      4.11       180    183736    538984      6.55      6128    413140       148
23:31:00      7429564   7532324    336632      4.09       316    184472    538984      6.55      6268    414060       188
23:31:05      7429564   7532404    336604      4.09       316    184500    538984      6.55      6276    414320       180
23:31:10      7429564   7532424    336576      4.09       316    184528    538984      6.55      6276    414112        76
23:31:15      7429564   7532460    336584      4.09       316    184556    538984      6.55      6524    414084       104
23:31:20      7428808   7531724    337312      4.10       316    184588    538984      6.55      6524    414628       144
23:31:25      7431652   7534608    334444      4.07       316    184616    538984      6.55      6548    413684       132
23:31:30      7431652   7534636    334420      4.07       316    184640    538984      6.55      6548    413976       164
23:31:35      7431652   7534656    334388      4.07       316    184672    538984      6.55      6564    414136       192
23:31:40      7431400   7534428    334612      4.07       316    184700    538984      6.55      6568    413916        60
23:31:45      7431400   7534468    334580      4.07       316    184732    538984      6.55      6568    414264        92
23:31:50      7430644   7533744    335308      4.08       316    184760    538984      6.55      6580    414768       116
23:31:55      7435912   7539040    330008      4.01       316    184788    538984      6.55      6580    413916       144
23:32:00      7435912   7539072    329992      4.01       316    184820    538984      6.55      6584    414220       156
23:32:05      7435408   7538588    330468      4.02       316    184848    538984      6.55      6584    414452       188
23:32:10      7435408   7538620    330440      4.02       316    184876    538984      6.55      6584    414160       180
23:32:15      7435408   7538648    330420      4.02       316    184908    538976      6.55      6596    414808        68
23:32:20      7432928   7536336    332704      4.05       460    184964    538984      6.55      6760    417476       136
23:32:25      7436648   7540116    328952      4.00       460    184996    538984      6.55      6764    419920       168
23:32:30      7436144   7539640    329432      4.01       460    185020    538984      6.55      6764    420080       184
23:32:35      7435892   7539428    329652      4.01       460    185052    538984      6.55      6764    422456       172
23:32:40      7435640   7539204    329872      4.01       460    185084    538984      6.55      6764    414692       152
23:32:45      7435640   7539228    329848      4.01       460    185112    538984      6.55      6764    415376        60
23:32:50      7435640   7539264    329828      4.01       464    185140    538984      6.55      6768    415408        96
23:32:55      7436144   7539796    329296      4.00       464    185168    538984      6.55      6768    418580       124
23:33:00      7436144   7539824    329264      4.00       464    185200    538984      6.55      6768    418988       168
23:33:05      7436144   7539860    329236      4.00       464    185228    538984      6.55      6768    418768       196
23:33:10      7439796   7543524    325556      3.96       464    185256    538984      6.55      6768    414980       224
23:33:15      7439524   7543292    325800      3.96       464    185284    538984      6.55      6768    414468        56
23:33:20      7439524   7543324    325772      3.96       464    185312    538984      6.55      6768    414828        84
23:33:25      7441896   7545728    323368      3.93       464    185344    538984      6.55      6768    414668       116
23:33:30      7424384   7529388    339860      4.13      1064    185924    535152      6.51      7456    425396       248
23:33:35      7424888   7529916    339332      4.13      1064    185948    535152      6.51      7464    425920       272
23:33:40      7424444   7529888    339400      4.13      1064    186368    535152      6.51      7712    428736       336
23:33:45      7422768   7528236    341048      4.15      1064    186396    535152      6.51      7720    430528       264
23:33:50      7409356   7514988    354312      4.31      1064    186552    535152      6.51      7940    424236       212
23:33:55      7391364   7497240    372076      4.52      1072    186792    535152      6.51      7984    437256       252
23:34:00      7403812   7509708    359612      4.37      1072    186816    535144      6.51      7984    437308       276
23:34:05      7420228   7526168    343152      4.17      1080    186852    535152      6.51      7992    417500       260
23:34:10      7283444   7522144    347188      4.22      1724    318956    535152      6.51    138288    438968       332
23:34:15      7283444   7522152    347164      4.22      1724    318980    535152      6.51    138288    434168       196
23:34:20      7282688   7521440    347888      4.23      1724    319012    535152      6.51    138288    434440       248
23:34:25      7145180   7493196    376240      4.57      3324    425436    588968      7.16    175852    540048     38764
23:34:30      7129304   7477368    392068      4.77      3324    425484    609404      7.41    175852    560816     38808
23:34:35      7081988   7430096    439340      5.34      3324    425524    651276      7.92    175852    584528     38848
23:34:40      7034612   7382760    486676      5.92      3324    425564    700936      8.52    175852    632984     38892
23:34:45      7032068   7475092    394312      4.79      3480    517572    600596      7.30    179432    622748    124988
23:34:50      6864064   7478504    390764      4.75      3628    687548   3749204     45.59    184972    764260    150068
23:34:55      5626484   7306620    560696      6.82      7932   1742368   7724440     93.93    202512   1990188    130728
23:35:00      4888216   7217044    640600      7.79     10644   2377912  11153736    135.63    262468   2469000    117516
23:35:05      1477108   7023432    818008      9.95     10644   5574824  23215428    282.29    262468   5764264    117564
23:35:10      1154748   6661224   1180300     14.35     10648   5536052  23215428    282.29   2272296   3758968       248
23:35:15      1075436   6523940   1317812     16.02       880   5488184  23248208    282.69   4558708   1469720        12
23:35:20      1088472   6529932   1311644     15.95       880   5481472  23217360    282.32   4713012   1316756        84
23:35:25      1492048   6835000   1033372     12.57      1796   5382160    538860      6.55   4534556   1085888       600
23:35:30      1625936   6969272    899148     10.93      1800   5382496    538860      6.55   4534576   1086552       632
23:35:35      1787516   7130888    737544      8.97      1800   5382528    538860      6.55   4534672   1086600       664
23:35:40      1959068   7302480    565968      6.88      1800   5382556    538860      6.55   4534672   1084080       692
23:35:45      2067912   7411360    457092      5.56      1800   5382588    538860      6.55   4534672   1084332       724
23:35:50      2117700   7461168    407280      4.95      1800   5382620    538860      6.55   4534672   1084508        72
23:35:55      2163916   7507428    361032      4.39      1800   5382652    538860      6.55   4534600   1084272       108
23:36:00      2191500   7535084    333388      4.05      1800   5382724    538860      6.55   4534640   1086744       136
23:36:05      2191876   7535460    332980      4.05      1800   5382756    538860      6.55   4534640   1084216       168
23:36:10      2191624   7535264    333200      4.05      1800   5382788    538860      6.55   4534640   1084508       200
23:36:15      2190868   7534536    333932      4.06      1800   5382812    538860      6.55   4534640   1084728       224
23:36:20      2190616   7534320    334148      4.06      1800   5382848    538860      6.55   4534640   1084860        88
23:36:25      2196116   7539848    328616      4.00      1800   5382880    538860      6.55   4534640   1073388        92
23:36:30      2197736   7541488    326968      3.98      1800   5382908    538860      6.55   4534640   1075944       120
23:36:35      2197736   7541524    326936      3.98      1800   5382940    538860      6.55   4534640   1075804       152
23:36:40      2197736   7541560    326904      3.98      1800   5382972    538860      6.55   4534640   1076204       192
23:36:45      2197736   7541584    326872      3.97      1800   5383004    538860      6.55   4534640   1076456       224
23:36:50      2197736   7541628    326844      3.97      1800   5383032    538860      6.55   4534640   1076664       216
23:36:55      2197736   7541664    326808      3.97      1800   5383068    538860      6.55   4534624   1074220       100
23:37:00      2202936   7546880    321584      3.91      1800   5383092    538860      6.55   4534624   1074180        92
23:37:05      2202936   7546904    321552      3.91      1800   5383124    538860      6.55   4534624   1074316       128
23:37:10      2202936   7546944    321516      3.91      1800   5383160    538860      6.55   4534624   1074732       160
23:37:15      2202936   7546980    321488      3.91      1800   5383188    538860      6.55   4534624   1074020       188
23:37:20      2202936   7547012    321460      3.91      1800   5383216    538860      6.55   4534624   1073436       184
23:37:25      2202936   7547044    321428      3.91      1800   5383248    538860      6.55   4534624   1073708        88
23:37:30      7446332   7548532    320304      3.89       168    184236    538860      6.55      5964    401428       120
23:37:35      7446332   7548620    320264      3.89       180    184268    538860      6.55      5984    402136       112
23:37:40      7446332   7548764    320108      3.89       316    184292    538860      6.55      6104    402340       144
23:37:45      7446332   7548816    320072      3.89       316    184328    538860      6.55      6368    403140       180
23:37:50      7446080   7548600    320296      3.89       316    184356    538860      6.55      6368    403380       168
23:37:55      7446080   7548636    320264      3.89       316    184388    538860      6.55      6376    403248        64
23:38:00      7444316   7546900    321996      3.92       316    184420    538860      6.55      6384    405744       104
23:38:05      7444316   7546928    321968      3.92       316    184448    538860      6.55      6384    406020       132
23:38:10      7444064   7546708    322192      3.92       316    184476    538860      6.55      6392    405224       124
23:38:15      7444064   7546728    322160      3.92       316    184512    538860      6.55      6392    405576       164
23:38:20      7444064   7546736    322132      3.92       316    184540    538860      6.55      6392    405728       192
23:38:25      7444064   7546808    322096      3.92       316    184576    538860      6.55      6392    402948       112
23:38:30      7444064   7546828    322064      3.92       316    184608    538860      6.55      6432    405240        88
23:38:35      7444064   7546856    322032      3.92       316    184640    538860      6.55      6432    405120       120
23:38:40      7444064   7546896    322004      3.92       316    184668    538860      6.55      6432    405480       156
23:38:45      7444064   7546920    321976      3.92       316    184696    538860      6.55      6432    405828       184
23:38:50      7444064   7546964    321940      3.91       316    184732    538860      6.55      6432    406012       188
23:38:55      7444064   7546996    321908      3.91       316    184764    538860      6.55      6432    402832       224
23:39:00      7444064   7547024    321888      3.91       316    184792    538860      6.55      6432    405324       216
23:39:05      7444064   7547052    321860      3.91       316    184820    538860      6.55      6432    405468        92
23:39:10      7444064   7547080    321824      3.91       316    184852    538860      6.55      6432    407696       124
23:39:15      7444064   7547112    321784      3.91       324    184884    538860      6.55      6440    407928       160
23:39:20      7443812   7546908    322000      3.92       324    184916    538860      6.55      6456    405168       160
23:39:25      7443812   7546936    321968      3.92       324    184948    538860      6.55      6456    402476       204
23:39:30      7443056   7546208    322696      3.92       324    184976    538860      6.55      6456    404808       184
23:39:35      7443056   7546236    322672      3.92       324    185000    538860      6.55      6460    402532        72
23:39:40      7443056   7546268    322636      3.92       324    185036    538860      6.55      6460    402680       112
23:39:45      7443056   7546300    322608      3.92       324    185068    538860      6.55      6460    403068       144
23:39:50      7443056   7546320    322576      3.92       324    185096    538860      6.55      6460    402592       168
23:39:55      7443056   7546372    322540      3.92       324    185132    538860      6.55      6460    403912       172
23:40:00      7444100   7547436    321472      3.91       324    185156    538860      6.55      6460    403212       164
23:40:05      7443944   7547292    321636      3.91       324    185188    538860      6.55      6460    402856        60
23:40:10      7440164   7543552    325384      3.96       324    185220    538860      6.55      6460    405676        92
23:40:15      7440164   7543588    325348      3.96       324    185256    538860      6.55      6460    405836       128
23:40:20      7441392   7544832    324096      3.94       324    185280    538860      6.55      6460    402728       156
23:40:25      7441392   7544880    324064      3.94       324    185312    538860      6.55      6460    404304       196
23:40:30      7441392   7544896    324060      3.94       324    185340    538860      6.55      6476    407192       184
23:40:35      7441392   7544944    324024      3.94       324    185376    538860      6.55      6476    407344        56
23:40:40      7441392   7544956    323996      3.94       324    185404    538860      6.55      6476    407668        92
23:40:45      7441392   7544980    323964      3.94       324    185436    538860      6.55      6476    408024       124
23:40:50      7441392   7544980    323932      3.94       324    185468    538860      6.55      6476    407204       156
23:40:55      7441644   7545304    323652      3.94       324    185496    538860      6.55      6476    403268       184
23:41:00      7441644   7545332    323620      3.94       324    185528    538860      6.55      6476    404368       212
23:41:05      7436456   7540188    328772      4.00       324    185564    538860      6.55      6476    406736       176
23:41:10      7436456   7540208    328744      4.00       324    185592    538860      6.55      6476    406892        52
23:41:15      7436456   7540240    328724      4.00       324    185616    538860      6.55      6476    407080        76
23:41:20      7436456   7540276    328688      4.00       324    185652    538860      6.55      6476    407436       120
23:41:25      7406712   7511844    357232      4.34      1012    186248    535152      6.51      7496    429808       248
23:41:30      7408600   7513748    355388      4.32      1012    186272    535152      6.51      7496    429648       272
23:41:35      7409760   7514936    354240      4.31      1012    186292    535152      6.51      7496    432564       176
23:41:40      7406240   7511956    357228      4.34      1140    186700    535152      6.51      7648    425872       168
23:41:45      7410732   7516472    352708      4.29      1140    186724    535152      6.51      7648    425992       196
23:41:50      7394568   7500880    368292      4.48      1212    187220    535152      6.51      7960    444492       240
23:41:55      7411404   7517880    351296      4.27      1220    187376    535152      6.51      7968    430776       216
23:42:00      7412452   7518952    350216      4.26      1220    187400    535152      6.51      7968    430900       244
23:42:05      7419444   7525972    343200      4.17      1220    187428    535152      6.51      7968    417756       140
23:42:10      7426004   7532560    336612      4.09      1220    187452    535152      6.51      7968    418680        64
23:42:15      7392900   7503232    365936      4.45      1404    191036    535152      6.51      8312    439700       224
23:42:20      7382264   7492724    376448      4.58      1420    191148    535152      6.51      8500    460140       300
23:42:25      7411056   7521540    347628      4.23      1420    191176    535152      6.51      8500    425528       328
23:42:30      7415440   7525956    343216      4.17      1420    191204    535152      6.51      8500    425900       356
23:42:35      7415440   7525980    343192      4.17      1420    191228    535152      6.51      8500    425500       368
23:42:40      7415692   7526264    342908      4.17      1420    191256    535152      6.51      8500    425700       248
23:42:45      7418608   7529200    339968      4.13      1420    191276    535152      6.51      8508    426016       160
23:42:50      7392440   7503080    366092      4.45      1420    191328    535152      6.51      9848    447460       220
23:42:55      7396444   7507116    362064      4.40      1420    191356    535152      6.51      9848    440836       244
23:43:00      7397880   7508572    360604      4.38      1420    191376    535152      6.51      9848    441112       264
23:43:05      7414312   7525032    344148      4.18      1420    191404    535152      6.51      9848    424496       292
23:43:10      7414816   7525556    343616      4.18      1420    191424    535152      6.51      9848    424824       180
23:43:15      7414816   7525580    343592      4.18      1420    191448    535152      6.51      9848    424628       204
23:43:20      7385360   7497692    371496      4.52      1972    192436    535152      6.51     10620    440848       632
23:43:25      7391032   7503388    365804      4.45      1972    192460    535152      6.51     10620    440912       580
23:43:30      7392544   7504920    364272      4.43      1972    192480    535152      6.51     10620    441116       604
23:43:35      7411340   7523864    345328      4.20      1972    192628    535152      6.51     10620    426340       624
23:43:40      7387644   7500520    368652      4.48      2112    192848    535152      6.51     10756    448124       572
23:43:45      7404156   7517120    352068      4.28      2112    192920    535152      6.51     10768    430844       624
23:43:50      7404476   7517464    351724      4.28      2112    192944    535152      6.51     10768    431084       544
23:43:55      7410300   7523316    345876      4.21      2112    192972    535152      6.51     10772    427220       220
23:44:00      7067896   7523464    345556      4.20      2776    530068    539032      6.55     60668    721152    166992
Average:      4145468   6865087   1029117     12.51     44823   2799760  11045013    134.30   1866462   1852567      4134
